0.19070369005203247,-0.3776564300060272,0.04000508785247803,-0.45688435435295105,-0.33412060141563416,-0.05104953050613403,-0.2909058928489685,0.3926987648010254,-0.2593138813972473,-0.08040767908096313,-0.10220776498317719,-0.015661895275115967,-0.10135164856910706,0.006685793399810791,-0.3031766414642334,0.06977015733718872,-0.10870526731014252,0.0679139792919159,-0.06723475456237793,0.08539823442697525,0.25097259879112244,0.2399686574935913,0.2530248761177063,0.5848642587661743,0.5030190944671631,-0.004506140947341919,-0.291502445936203,0.48152023553848267,0.3896372616291046,-0.15588705241680145,0.09112672507762909,0.0659208595752716,0.03128534555435181,0.06371647119522095,-0.1351446807384491,-0.12549418210983276,0.1377769261598587,0.05311529338359833,0.23390132188796997,-0.24969729781150818,0.04365277290344238,-0.486347496509552,0.7499639987945557,0.36330175399780273,0.3425024449825287,-0.2276642918586731,0.3651185631752014,-0.07594746351242065,0.13610118627548218,0.1517200469970703,-0.09454478323459625,-0.4254341125488281,0.3295612335205078,0.41542813181877136,-0.2659350633621216,-0.08827796578407288,0.021949563175439835,0.14123034477233887,0.17814688384532928,-0.4288904666900635,-0.19884467124938965,0.2718959450721741,-0.5268957614898682,-0.05210447311401367,-0.5696240663528442,0.12814491987228394,-0.2477893829345703,-0.6617849469184875,0.47600480914115906,0.15974068641662598,0.34339430928230286,-0.3620031476020813,-0.06664751470088959,-0.2790272831916809,0.07652521133422852,0.49233055114746094,0.30501729249954224,0.6018325686454773,-0.3045330047607422,0.22923240065574646,0.1768115758895874,0.08126986026763916,-0.27795231342315674,-0.10637229681015015,-0.2080487459897995,-0.24246394634246826,-0.13218438625335693,-0.03106236457824707,-0.27221983671188354,-0.09123238921165466,-0.025734305381774902,-0.41189002990722656,-0.05153641104698181,-0.12998518347740173,0.1288054883480072,0.6679346561431885,0.11538118124008179,-0.09997469186782837,-0.7581924200057983,0.153273344039917
0.2167769968509674,-0.3532608151435852,0.015304148197174072,-0.4473281502723694,-0.32670217752456665,-0.06656503677368164,-0.2671772241592407,0.38929861783981323,-0.25388747453689575,-0.06740763783454895,-0.1107184886932373,-0.01652371883392334,-0.12775278091430664,0.02660346031188965,-0.25854313373565674,0.04804852604866028,-0.11866173148155212,0.056778669357299805,-0.06517720222473145,0.10369368642568588,0.22691011428833008,0.21544276177883148,0.26622939109802246,0.5533583164215088,0.4904756247997284,0.00803336501121521,-0.26108625531196594,0.45766299962997437,0.39243224263191223,-0.1280028373003006,0.08235661685466766,0.08017399907112122,0.013432919979095459,0.05092889070510864,-0.15123379230499268,-0.12438341975212097,0.15268948674201965,0.08202329277992249,0.1969137191772461,-0.24866285920143127,0.03205794095993042,-0.49369803071022034,0.740744948387146,0.34374740719795227,0.3539758324623108,-0.22157567739486694,0.3669106364250183,-0.08130782842636108,0.12961547076702118,0.13244298100471497,-0.07058097422122955,-0.43833762407302856,0.31775856018066406,0.42369574308395386,-0.24698975682258606,-0.0764952003955841,0.02507229521870613,0.1289277970790863,0.13843587040901184,-0.4540128707885742,-0.19775152206420898,0.2557329535484314,-0.5139609575271606,-0.05478096008300781,-0.5761405229568481,0.12493467330932617,-0.2551424205303192,-0.6793049573898315,0.47240912914276123,0.16165465116500854,0.3425397276878357,-0.35467761754989624,-0.07628144323825836,-0.29200226068496704,0.07936036586761475,0.5035266280174255,0.3080613613128662,0.5912587642669678,-0.30093294382095337,0.19507789611816406,0.21797668933868408,0.07497772574424744,-0.3213123083114624,-0.08647394180297852,-0.16342167556285858,-0.20574449002742767,-0.11316683888435364,-0.03291025757789612,-0.25829607248306274,-0.08341389894485474,-0.024420887231826782,-0.40663382411003113,-0.037112683057785034,-0.14103922247886658,0.12958979606628418,0.6577243804931641,0.11193788051605225,-0.11285442113876343,-0.7632701992988586,0.17187166213989258
0.2407442033290863,-0.341751366853714,0.009770035743713379,-0.43031570315361023,-0.31719306111335754,-0.08280092477798462,-0.24828937649726868,0.38446199893951416,-0.26633790135383606,-0.06610259413719177,-0.11662337183952332,-0.02654087543487549,-0.14705702662467957,0.017961084842681885,-0.23143112659454346,0.034390002489089966,-0.11730985343456268,0.048050373792648315,-0.05515673756599426,0.10617569833993912,0.22253099083900452,0.20865865051746368,0.2722049355506897,0.553236186504364,0.47924864292144775,0.007382571697235107,-0.23793163895606995,0.4622573256492615,0.4061438739299774,-0.09895549714565277,0.07731978595256805,0.08049619197845459,-0.0019379854202270508,0.03815487027168274,-0.17246371507644653,-0.10669481754302979,0.15923267602920532,0.10812371969223022,0.16941654682159424,-0.26572415232658386,0.014681637287139893,-0.5082924365997314,0.7596341967582703,0.330111563205719,0.37686869502067566,-0.23226362466812134,0.37536412477493286,-0.07014763355255127,0.11063498258590698,0.10836714506149292,-0.030946388840675354,-0.46310412883758545,0.31465619802474976,0.4212911128997803,-0.25284647941589355,-0.071481853723526,0.03922304883599281,0.1378134787082672,0.10647368431091309,-0.47950422763824463,-0.19178259372711182,0.2429642379283905,-0.5094406604766846,-0.04907083511352539,-0.5888180732727051,0.12234282493591309,-0.2712220549583435,-0.7011286020278931,0.4720926880836487,0.16436558961868286,0.3459882140159607,-0.3694608509540558,-0.07480219006538391,-0.30486059188842773,0.08218264579772949,0.5233672857284546,0.32880502939224243,0.597015380859375,-0.30660879611968994,0.1676943600177765,0.25632143020629883,0.07041066884994507,-0.3382911682128906,-0.08450049161911011,-0.12777751684188843,-0.16287323832511902,-0.09106498956680298,-0.04407802224159241,-0.25162792205810547,-0.09968820214271545,-0.023433387279510498,-0.39899730682373047,-0.018260419368743896,-0.1658380925655365,0.1370387077331543,0.6410152316093445,0.11123141646385193,-0.11761754751205444,-0.7544841170310974,0.17984461784362793
0.24218052625656128,-0.34048572182655334,0.006938159465789795,-0.43230730295181274,-0.31736496090888977,-0.08294287323951721,-0.24641484022140503,0.38506484031677246,-0.26445940136909485,-0.06561049818992615,-0.11649410426616669,-0.02615875005722046,-0.1461048126220703,0.021876543760299683,-0.2274383306503296,0.031414300203323364,-0.11906428635120392,0.04746231436729431,-0.056943804025650024,0.1100713387131691,0.21879389882087708,0.2042938619852066,0.27419817447662354,0.549094557762146,0.47998204827308655,0.009367883205413818,-0.23676633834838867,0.4580309987068176,0.405711829662323,-0.0973723977804184,0.07636009156703949,0.08258363604545593,-0.0028284192085266113,0.039061039686203,-0.17147698998451233,-0.11005336046218872,0.1609761118888855,0.10959474742412567,0.16681766510009766,-0.26392197608947754,0.014042407274246216,-0.5062536001205444,0.7561589479446411,0.32803601026535034,0.3750897943973541,-0.22902566194534302,0.37540340423583984,-0.07254374027252197,0.11379823088645935,0.10964778065681458,-0.032620638608932495,-0.45994895696640015,0.31191426515579224,0.4248870015144348,-0.24751338362693787,-0.07137525081634521,0.0372639037668705,0.13439461588859558,0.10383115708827972,-0.48003077507019043,-0.19254088401794434,0.24121513962745667,-0.5088090896606445,-0.05110788345336914,-0.5896105766296387,0.12277823686599731,-0.26959192752838135,-0.7017979025840759,0.4737606942653656,0.1646329164505005,0.3462117612361908,-0.36486566066741943,-0.07670824974775314,-0.30675405263900757,0.0833282470703125,0.5227676630020142,0.32662808895111084,0.5950782895088196,-0.30413585901260376,0.16519896686077118,0.25665175914764404,0.07035201787948608,-0.34432005882263184,-0.08125346899032593,-0.12515273690223694,-0.16323742270469666,-0.09146493673324585,-0.04189564287662506,-0.25155991315841675,-0.09715151786804199,-0.023051530122756958,-0.3998855948448181,-0.019647300243377686,-0.16347482800483704,0.1350887417793274,0.6414766311645508,0.11218148469924927,-0.11664462089538574,-0.7586451172828674,0.182356595993042
0.22971609234809875,-0.35911837220191956,0.0046155452728271484,-0.4630988836288452,-0.3342423439025879,-0.07907265424728394,-0.26507896184921265,0.38689368963241577,-0.25453054904937744,-0.05316087603569031,-0.12532378733158112,-0.013005077838897705,-0.14657601714134216,0.032979100942611694,-0.24628770351409912,0.04201421141624451,-0.14040732383728027,0.06518074870109558,-0.06315174698829651,0.11466354876756668,0.22629570960998535,0.21411308646202087,0.2789457440376282,0.5614916682243347,0.5001307725906372,0.022010445594787598,-0.2571764588356018,0.45167648792266846,0.4030958116054535,-0.12439234554767609,0.07866178452968597,0.09147217869758606,0.009019136428833008,0.057389140129089355,-0.15881678462028503,-0.12869641184806824,0.16281898319721222,0.09587521851062775,0.19020384550094604,-0.2480444610118866,0.019408196210861206,-0.4949847459793091,0.7446140646934509,0.34676769375801086,0.3669082820415497,-0.21938294172286987,0.373862087726593,-0.0920456051826477,0.13221560418605804,0.13190630078315735,-0.06281067430973053,-0.44859063625335693,0.3186846971511841,0.43494656682014465,-0.23576045036315918,-0.0761680006980896,0.016937915235757828,0.11791536957025528,0.1350930780172348,-0.47763872146606445,-0.20470094680786133,0.2619152367115021,-0.5208670496940613,-0.06547462940216064,-0.5959329009056091,0.12445622682571411,-0.2599514424800873,-0.6956140398979187,0.4872687757015228,0.16930222511291504,0.35295793414115906,-0.35187655687332153,-0.09234265983104706,-0.2946619987487793,0.08904373645782471,0.5188685059547424,0.3054114580154419,0.6029292345046997,-0.3025937080383301,0.1905648112297058,0.22541534900665283,0.06324756145477295,-0.34919285774230957,-0.08311396837234497,-0.1545208841562271,-0.195682093501091,-0.11664539575576782,-0.026089876890182495,-0.26712125539779663,-0.07713893055915833,-0.028895646333694458,-0.42121419310569763,-0.0320756733417511,-0.14719590544700623,0.1314849853515625,0.6686967611312866,0.12526607513427734,-0.11818623542785645,-0.7901127338409424,0.18619871139526367
0.2526024878025055,-0.3582543730735779,-0.0155295729637146,-0.4825379252433777,-0.3458089828491211,-0.09480112791061401,-0.2575124204158783,0.39421966671943665,-0.2580539286136627,-0.039589107036590576,-0.1399015337228775,-0.010586142539978027,-0.1752895712852478,0.0476817786693573,-0.22113072872161865,0.028189927339553833,-0.16125120222568512,0.06589975953102112,-0.06250539422035217,0.13137874007225037,0.21854376792907715,0.205988809466362,0.2992098927497864,0.5623072981834412,0.5148462057113647,0.036356568336486816,-0.24308177828788757,0.4463180899620056,0.41952741146087646,-0.11102427542209625,0.07827775180339813,0.10533523559570312,0.002181529998779297,0.05455031991004944,-0.17221027612686157,-0.13677793741226196,0.1770021915435791,0.11621133983135223,0.17063456773757935,-0.2490701526403427,0.008531853556632996,-0.5109078884124756,0.760852038860321,0.34884747862815857,0.3857574462890625,-0.21749302744865417,0.3899962306022644,-0.10355418920516968,0.1351734697818756,0.12920242547988892,-0.05209839344024658,-0.46688419580459595,0.31933486461639404,0.46081045269966125,-0.22431251406669617,-0.07255220413208008,0.014382097870111465,0.10906962305307388,0.116566002368927,-0.5172075033187866,-0.21095800399780273,0.260580837726593,-0.5313581228256226,-0.07599055767059326,-0.623144268989563,0.12724459171295166,-0.27069225907325745,-0.7324473857879639,0.5093356370925903,0.17835462093353271,0.36797088384628296,-0.3503056764602661,-0.10781146585941315,-0.31378716230392456,0.097523033618927,0.5426627397537231,0.3089240789413452,0.619583785533905,-0.31010180711746216,0.17815257608890533,0.25736236572265625,0.05593538284301758,-0.39559686183929443,-0.07337915897369385,-0.13072624802589417,-0.18529996275901794,-0.11343514919281006,-0.022633925080299377,-0.2715965509414673,-0.07186305522918701,-0.029398411512374878,-0.43584156036376953,-0.02348858118057251,-0.15912297368049622,0.1394091248512268,0.6893781423568726,0.1361992359161377,-0.1286028027534485,-0.8262932300567627,0.21165251731872559
0.21758386492729187,-0.3458791971206665,-0.004874169826507568,-0.47505033016204834,-0.34876587986946106,-0.07946467399597168,-0.2640254497528076,0.3883005976676941,-0.24381797015666962,-0.04350090026855469,-0.12776990234851837,-0.010509967803955078,-0.1688169240951538,0.03403088450431824,-0.23818814754486084,0.04064232110977173,-0.1499585658311844,0.05402150750160217,-0.06396082043647766,0.0894872322678566,0.2202916145324707,0.2169395536184311,0.2818262577056885,0.5474523901939392,0.4949416220188141,0.011731177568435669,-0.21766617894172668,0.4546689987182617,0.4093754291534424,-0.12779788672924042,0.10097448527812958,0.09024712443351746,0.018362045288085938,0.04281485080718994,-0.15384334325790405,-0.14275717735290527,0.14485175907611847,0.08038556575775146,0.17376571893692017,-0.22771257162094116,0.026096194982528687,-0.5072576403617859,0.7532306909561157,0.354571670293808,0.3549053370952606,-0.21496756374835968,0.3688446283340454,-0.10548853874206543,0.14031104743480682,0.14551618695259094,-0.06894457340240479,-0.44415193796157837,0.30389106273651123,0.44795820116996765,-0.24654388427734375,-0.06718683242797852,0.02707839384675026,0.11360444873571396,0.13114528357982635,-0.49193429946899414,-0.1809781789779663,0.24213308095932007,-0.512701690196991,-0.07191586494445801,-0.5965300798416138,0.1244162917137146,-0.2570730149745941,-0.7148767709732056,0.4899027645587921,0.1682145595550537,0.35366731882095337,-0.331581711769104,-0.09568917751312256,-0.2949673533439636,0.0828060507774353,0.5017549991607666,0.2880588173866272,0.6095305681228638,-0.32423704862594604,0.2060646116733551,0.24047398567199707,0.07425680756568909,-0.3474646806716919,-0.09116590023040771,-0.14047153294086456,-0.21972663700580597,-0.12022477388381958,-0.029769808053970337,-0.2495288997888565,-0.07317304611206055,-0.02254509925842285,-0.40685325860977173,-0.0189286470413208,-0.15862703323364258,0.15394791960716248,0.6745598912239075,0.13228288292884827,-0.1271933913230896,-0.7756768465042114,0.18828177452087402
0.241126149892807,-0.3587794303894043,0.03833061456680298,-0.4061300754547119,-0.2926281988620758,-0.07392576336860657,-0.2537250518798828,0.38024836778640747,-0.28308534622192383,-0.09187856316566467,-0.1039692610502243,-0.03401106595993042,-0.0969381332397461,0.004747241735458374,-0.2579296827316284,0.04242202639579773,-0.09094896912574768,0.06304013729095459,-0.05288645625114441,0.1285446286201477,0.23358052968978882,0.21000531315803528,0.25264066457748413,0.5772019028663635,0.4833213686943054,0.011592477560043335,-0.2997347116470337,0.46810853481292725,0.3892028033733368,-0.10195522010326385,0.05271999537944794,0.0667559802532196,-0.008939087390899658,0.06189417839050293,-0.171922504901886,-0.08578965067863464,0.17403192818164825,0.11304862797260284,0.20159423351287842,-0.29237526655197144,0.011969581246376038,-0.48107096552848816,0.7425931692123413,0.3189816474914551,0.3822537660598755,-0.2381930649280548,0.3794199824333191,-0.04215496778488159,0.10170814394950867,0.09292463958263397,-0.030407249927520752,-0.4568786025047302,0.3313080072402954,0.3938411474227905,-0.24626567959785461,-0.09122836589813232,0.03248067572712898,0.1493520438671112,0.12241953611373901,-0.443423867225647,-0.21855664253234863,0.2683679163455963,-0.5189937353134155,-0.03756570816040039,-0.5746396780014038,0.11920565366744995,-0.2674484848976135,-0.6607021689414978,0.4678957164287567,0.16278892755508423,0.33853599429130554,-0.395425945520401,-0.05701359361410141,-0.30082422494888306,0.08911389112472534,0.5347630977630615,0.3509324789047241,0.5825072526931763,-0.2746957540512085,0.1544417440891266,0.21773231029510498,0.06022706627845764,-0.31617605686187744,-0.08067059516906738,-0.15822967886924744,-0.14381688833236694,-0.08418935537338257,-0.040617793798446655,-0.2763402760028839,-0.11524727940559387,-0.03020608425140381,-0.4092620015144348,-0.042517781257629395,-0.14052793383598328,0.10500714182853699,0.624762237071991,0.10027188062667847,-0.09033143520355225,-0.7522854208946228,0.16745638847351074
0.241126149892807,-0.3587794303894043,0.03833061456680298,-0.4061300754547119,-0.2926281988620758,-0.07392576336860657,-0.2537250518798828,0.38024836778640747,-0.28308534622192383,-0.09187856316566467,-0.1039692610502243,-0.03401106595993042,-0.0969381332397461,0.004747241735458374,-0.2579296827316284,0.04242202639579773,-0.09094896912574768,0.06304013729095459,-0.05288645625114441,0.1285446286201477,0.23358052968978882,0.21000531315803528,0.25264066457748413,0.5772019028663635,0.4833213686943054,0.011592477560043335,-0.2997347116470337,0.46810853481292725,0.3892028033733368,-0.10195522010326385,0.05271999537944794,0.0667559802532196,-0.008939087390899658,0.06189417839050293,-0.171922504901886,-0.08578965067863464,0.17403192818164825,0.11304862797260284,0.20159423351287842,-0.29237526655197144,0.011969581246376038,-0.48107096552848816,0.7425931692123413,0.3189816474914551,0.3822537660598755,-0.2381930649280548,0.3794199824333191,-0.04215496778488159,0.10170814394950867,0.09292463958263397,-0.030407249927520752,-0.4568786025047302,0.3313080072402954,0.3938411474227905,-0.24626567959785461,-0.09122836589813232,0.03248067572712898,0.1493520438671112,0.12241953611373901,-0.443423867225647,-0.21855664253234863,0.2683679163455963,-0.5189937353134155,-0.03756570816040039,-0.5746396780014038,0.11920565366744995,-0.2674484848976135,-0.6607021689414978,0.4678957164287567,0.16278892755508423,0.33853599429130554,-0.395425945520401,-0.05701359361410141,-0.30082422494888306,0.08911389112472534,0.5347630977630615,0.3509324789047241,0.5825072526931763,-0.2746957540512085,0.1544417440891266,0.21773231029510498,0.06022706627845764,-0.31617605686187744,-0.08067059516906738,-0.15822967886924744,-0.14381688833236694,-0.08418935537338257,-0.040617793798446655,-0.2763402760028839,-0.11524727940559387,-0.03020608425140381,-0.4092620015144348,-0.042517781257629395,-0.14052793383598328,0.10500714182853699,0.624762237071991,0.10027188062667847,-0.09033143520355225,-0.7522854208946228,0.16745638847351074
0.24073049426078796,-0.359345406293869,-0.00781172513961792,-0.4761158227920532,-0.34688523411750793,-0.07500839233398438,-0.2713414132595062,0.4018981456756592,-0.2537413239479065,-0.04606977105140686,-0.12548090517520905,-0.00991898775100708,-0.16615256667137146,0.049361854791641235,-0.24311554431915283,0.04486623406410217,-0.13865086436271667,0.05749663710594177,-0.06777134537696838,0.11595209687948227,0.22467970848083496,0.21604233980178833,0.2938607931137085,0.558096170425415,0.5081547498703003,0.018837183713912964,-0.24619022011756897,0.457724392414093,0.4118790626525879,-0.12606538832187653,0.08687101304531097,0.09790197014808655,0.007657647132873535,0.043248772621154785,-0.16376355290412903,-0.13482871651649475,0.1660633236169815,0.09709103405475616,0.18782895803451538,-0.24961422383785248,0.02842414379119873,-0.5248078107833862,0.7652221918106079,0.35564130544662476,0.37246787548065186,-0.22535130381584167,0.37877410650253296,-0.10330146551132202,0.13574257493019104,0.1349184215068817,-0.07246220111846924,-0.4647482633590698,0.32908228039741516,0.4542935788631439,-0.24337059259414673,-0.06349647045135498,0.022632811218500137,0.12142301350831985,0.13104122877120972,-0.49156415462493896,-0.2014979124069214,0.2637975811958313,-0.5301971435546875,-0.06358778476715088,-0.6084229946136475,0.13288724422454834,-0.2700170874595642,-0.720979630947113,0.48877349495887756,0.1700756549835205,0.362842321395874,-0.3587946891784668,-0.09742423892021179,-0.30661457777023315,0.07788950204849243,0.5274019241333008,0.3138185143470764,0.6153132915496826,-0.3189546763896942,0.19982551038265228,0.24992775917053223,0.07283204793930054,-0.3623313903808594,-0.07902145385742188,-0.1507691591978073,-0.20920401811599731,-0.12020629644393921,-0.030191048979759216,-0.26074767112731934,-0.06914722919464111,-0.02592569589614868,-0.42856529355049133,-0.028047889471054077,-0.15618130564689636,0.14481711387634277,0.6928572654724121,0.12020501494407654,-0.13934415578842163,-0.8116140365600586,0.19275116920471191
0.23727408051490784,-0.3508269190788269,0.01609557867050171,-0.43743568658828735,-0.3195990025997162,-0.08320581912994385,-0.2534642219543457,0.3855164647102356,-0.26985299587249756,-0.07020014524459839,-0.11732397973537445,-0.02722787857055664,-0.1380903720855713,0.013004839420318604,-0.2415100336074829,0.036312758922576904,-0.12053638696670532,0.0547424852848053,-0.05587494373321533,0.10846222192049026,0.22800734639167786,0.21237298846244812,0.26979339122772217,0.567970871925354,0.48873066902160645,0.009655147790908813,-0.2521059811115265,0.46815401315689087,0.40793707966804504,-0.10482068359851837,0.07728259265422821,0.0776611864566803,0.0017301440238952637,0.04776489734649658,-0.17003628611564636,-0.10967817902565002,0.16057315468788147,0.1042429655790329,0.1786888837814331,-0.2672084867954254,0.012638062238693237,-0.5015513896942139,0.7620745301246643,0.3349210321903229,0.37820494174957275,-0.23089328408241272,0.3809845447540283,-0.06840980052947998,0.11598590016365051,0.11390116810798645,-0.03469426929950714,-0.46005308628082275,0.316625714302063,0.42369189858436584,-0.2512650787830353,-0.08068600296974182,0.0351327545940876,0.1369081735610962,0.11611965298652649,-0.47952234745025635,-0.19725584983825684,0.2496684193611145,-0.51759934425354,-0.05328047275543213,-0.5937111973762512,0.1218024492263794,-0.2685842514038086,-0.7008295655250549,0.48434409499168396,0.16757214069366455,0.3495752215385437,-0.37010306119918823,-0.07382328808307648,-0.305378258228302,0.08894848823547363,0.5276879072189331,0.32742369174957275,0.6031802892684937,-0.30364879965782166,0.17135745286941528,0.24351680278778076,0.06680148839950562,-0.3371162414550781,-0.08784252405166626,-0.13779380917549133,-0.16947335004806519,-0.09399354457855225,-0.04038195312023163,-0.2620527148246765,-0.1026853621006012,-0.024830400943756104,-0.40613168478012085,-0.024570852518081665,-0.15970900654792786,0.1327076256275177,0.6468924283981323,0.11837685108184814,-0.10743558406829834,-0.7632169723510742,0.1816260814666748
0.241126149892807,-0.3587794303894043,0.03833061456680298,-0.4061300754547119,-0.2926281988620758,-0.07392576336860657,-0.2537250518798828,0.38024836778640747,-0.28308534622192383,-0.09187856316566467,-0.1039692610502243,-0.03401106595993042,-0.0969381332397461,0.004747241735458374,-0.2579296827316284,0.04242202639579773,-0.09094896912574768,0.06304013729095459,-0.05288645625114441,0.1285446286201477,0.23358052968978882,0.21000531315803528,0.25264066457748413,0.5772019028663635,0.4833213686943054,0.011592477560043335,-0.2997347116470337,0.46810853481292725,0.3892028033733368,-0.10195522010326385,0.05271999537944794,0.0667559802532196,-0.008939087390899658,0.06189417839050293,-0.171922504901886,-0.08578965067863464,0.17403192818164825,0.11304862797260284,0.20159423351287842,-0.29237526655197144,0.011969581246376038,-0.48107096552848816,0.7425931692123413,0.3189816474914551,0.3822537660598755,-0.2381930649280548,0.3794199824333191,-0.04215496778488159,0.10170814394950867,0.09292463958263397,-0.030407249927520752,-0.4568786025047302,0.3313080072402954,0.3938411474227905,-0.24626567959785461,-0.09122836589813232,0.03248067572712898,0.1493520438671112,0.12241953611373901,-0.443423867225647,-0.21855664253234863,0.2683679163455963,-0.5189937353134155,-0.03756570816040039,-0.5746396780014038,0.11920565366744995,-0.2674484848976135,-0.6607021689414978,0.4678957164287567,0.16278892755508423,0.33853599429130554,-0.395425945520401,-0.05701359361410141,-0.30082422494888306,0.08911389112472534,0.5347630977630615,0.3509324789047241,0.5825072526931763,-0.2746957540512085,0.1544417440891266,0.21773231029510498,0.06022706627845764,-0.31617605686187744,-0.08067059516906738,-0.15822967886924744,-0.14381688833236694,-0.08418935537338257,-0.040617793798446655,-0.2763402760028839,-0.11524727940559387,-0.03020608425140381,-0.4092620015144348,-0.042517781257629395,-0.14052793383598328,0.10500714182853699,0.624762237071991,0.10027188062667847,-0.09033143520355225,-0.7522854208946228,0.16745638847351074
0.241126149892807,-0.3587794303894043,0.03833061456680298,-0.4061300754547119,-0.2926281988620758,-0.07392576336860657,-0.2537250518798828,0.38024836778640747,-0.28308534622192383,-0.09187856316566467,-0.1039692610502243,-0.03401106595993042,-0.0969381332397461,0.004747241735458374,-0.2579296827316284,0.04242202639579773,-0.09094896912574768,0.06304013729095459,-0.05288645625114441,0.1285446286201477,0.23358052968978882,0.21000531315803528,0.25264066457748413,0.5772019028663635,0.4833213686943054,0.011592477560043335,-0.2997347116470337,0.46810853481292725,0.3892028033733368,-0.10195522010326385,0.05271999537944794,0.0667559802532196,-0.008939087390899658,0.06189417839050293,-0.171922504901886,-0.08578965067863464,0.17403192818164825,0.11304862797260284,0.20159423351287842,-0.29237526655197144,0.011969581246376038,-0.48107096552848816,0.7425931692123413,0.3189816474914551,0.3822537660598755,-0.2381930649280548,0.3794199824333191,-0.04215496778488159,0.10170814394950867,0.09292463958263397,-0.030407249927520752,-0.4568786025047302,0.3313080072402954,0.3938411474227905,-0.24626567959785461,-0.09122836589813232,0.03248067572712898,0.1493520438671112,0.12241953611373901,-0.443423867225647,-0.21855664253234863,0.2683679163455963,-0.5189937353134155,-0.03756570816040039,-0.5746396780014038,0.11920565366744995,-0.2674484848976135,-0.6607021689414978,0.4678957164287567,0.16278892755508423,0.33853599429130554,-0.395425945520401,-0.05701359361410141,-0.30082422494888306,0.08911389112472534,0.5347630977630615,0.3509324789047241,0.5825072526931763,-0.2746957540512085,0.1544417440891266,0.21773231029510498,0.06022706627845764,-0.31617605686187744,-0.08067059516906738,-0.15822967886924744,-0.14381688833236694,-0.08418935537338257,-0.040617793798446655,-0.2763402760028839,-0.11524727940559387,-0.03020608425140381,-0.4092620015144348,-0.042517781257629395,-0.14052793383598328,0.10500714182853699,0.624762237071991,0.10027188062667847,-0.09033143520355225,-0.7522854208946228,0.16745638847351074
0.24618792533874512,-0.3426203727722168,0.01049870252609253,-0.4294383227825165,-0.3144436776638031,-0.08400231599807739,-0.24627429246902466,0.38806235790252686,-0.270376592874527,-0.07113993167877197,-0.11558009684085846,-0.028196275234222412,-0.13994067907333374,0.02094966173171997,-0.23032903671264648,0.03013947606086731,-0.11388435959815979,0.04890066385269165,-0.05616343021392822,0.11574988812208176,0.22086480259895325,0.20422768592834473,0.2722564935684204,0.5541017651557922,0.484681099653244,0.011052578687667847,-0.24830472469329834,0.46133744716644287,0.40540048480033875,-0.09413133561611176,0.07242666184902191,0.08022591471672058,-0.004629313945770264,0.04022800922393799,-0.17383337020874023,-0.1055377721786499,0.16548685729503632,0.11246638000011444,0.16968560218811035,-0.27166464924812317,0.015563428401947021,-0.507439374923706,0.7599095702171326,0.32733839750289917,0.37979164719581604,-0.23173269629478455,0.3805367350578308,-0.06546527147293091,0.11043575406074524,0.10540039837360382,-0.03090590238571167,-0.46337801218032837,0.31609296798706055,0.42320019006729126,-0.24903202056884766,-0.07493522763252258,0.03736968711018562,0.1391630470752716,0.10305437445640564,-0.48073017597198486,-0.19884884357452393,0.2457459270954132,-0.5146170854568481,-0.04813730716705322,-0.5904513001441956,0.12346869707107544,-0.2719246745109558,-0.7012650370597839,0.47610992193222046,0.16532808542251587,0.34633976221084595,-0.3739878833293915,-0.07346511632204056,-0.31164711713790894,0.08440369367599487,0.5307480096817017,0.33434343338012695,0.5964130163192749,-0.3010407090187073,0.1599116325378418,0.2585411071777344,0.06950527429580688,-0.3458954095840454,-0.07949250936508179,-0.12737596035003662,-0.15906701982021332,-0.08745881915092468,-0.042726024985313416,-0.2561491131782532,-0.10162407159805298,-0.023761838674545288,-0.4013858139514923,-0.022800177335739136,-0.16120144724845886,0.13072195649147034,0.642967700958252,0.108955979347229,-0.11338478326797485,-0.7614073753356934,0.18291473388671875
0.241126149892807,-0.3587794303894043,0.03833061456680298,-0.4061300754547119,-0.2926281988620758,-0.07392576336860657,-0.2537250518798828,0.38024836778640747,-0.28308534622192383,-0.09187856316566467,-0.1039692610502243,-0.03401106595993042,-0.0969381332397461,0.004747241735458374,-0.2579296827316284,0.04242202639579773,-0.09094896912574768,0.06304013729095459,-0.05288645625114441,0.1285446286201477,0.23358052968978882,0.21000531315803528,0.25264066457748413,0.5772019028663635,0.4833213686943054,0.011592477560043335,-0.2997347116470337,0.46810853481292725,0.3892028033733368,-0.10195522010326385,0.05271999537944794,0.0667559802532196,-0.008939087390899658,0.06189417839050293,-0.171922504901886,-0.08578965067863464,0.17403192818164825,0.11304862797260284,0.20159423351287842,-0.29237526655197144,0.011969581246376038,-0.48107096552848816,0.7425931692123413,0.3189816474914551,0.3822537660598755,-0.2381930649280548,0.3794199824333191,-0.04215496778488159,0.10170814394950867,0.09292463958263397,-0.030407249927520752,-0.4568786025047302,0.3313080072402954,0.3938411474227905,-0.24626567959785461,-0.09122836589813232,0.03248067572712898,0.1493520438671112,0.12241953611373901,-0.443423867225647,-0.21855664253234863,0.2683679163455963,-0.5189937353134155,-0.03756570816040039,-0.5746396780014038,0.11920565366744995,-0.2674484848976135,-0.6607021689414978,0.4678957164287567,0.16278892755508423,0.33853599429130554,-0.395425945520401,-0.05701359361410141,-0.30082422494888306,0.08911389112472534,0.5347630977630615,0.3509324789047241,0.5825072526931763,-0.2746957540512085,0.1544417440891266,0.21773231029510498,0.06022706627845764,-0.31617605686187744,-0.08067059516906738,-0.15822967886924744,-0.14381688833236694,-0.08418935537338257,-0.040617793798446655,-0.2763402760028839,-0.11524727940559387,-0.03020608425140381,-0.4092620015144348,-0.042517781257629395,-0.14052793383598328,0.10500714182853699,0.624762237071991,0.10027188062667847,-0.09033143520355225,-0.7522854208946228,0.16745638847351074
0.22576221823692322,-0.3490268588066101,-0.005624711513519287,-0.46914830803871155,-0.34246379137039185,-0.0765371322631836,-0.2652056813240051,0.39143162965774536,-0.2446916252374649,-0.04637807607650757,-0.12479062378406525,-0.008898317813873291,-0.15894931554794312,0.04360151290893555,-0.2380354404449463,0.039183229207992554,-0.1428103893995285,0.05656838417053223,-0.06685075163841248,0.10590177029371262,0.21854284405708313,0.21130304038524628,0.2845601439476013,0.5423731803894043,0.49698156118392944,0.01883929967880249,-0.2368272840976715,0.4452318549156189,0.40270254015922546,-0.12525488436222076,0.08800630271434784,0.09544113278388977,0.01368260383605957,0.04587563872337341,-0.1547354757785797,-0.13847112655639648,0.15559881925582886,0.08928005397319794,0.18089008331298828,-0.23634742200374603,0.029132500290870667,-0.5050914287567139,0.7441310286521912,0.3497622609138489,0.3568708896636963,-0.2152441143989563,0.3681615889072418,-0.10214680433273315,0.13666775822639465,0.13871967792510986,-0.07296347618103027,-0.4441993832588196,0.3120565414428711,0.443960040807724,-0.23781591653823853,-0.06621035933494568,0.019074697047472,0.11480774730443954,0.13155600428581238,-0.48185646533966064,-0.1947094202041626,0.251642644405365,-0.5153203010559082,-0.06776297092437744,-0.592926025390625,0.12754255533218384,-0.25869375467300415,-0.7033352851867676,0.48084306716918945,0.16573047637939453,0.35100123286247253,-0.3403015732765198,-0.09660153090953827,-0.29610002040863037,0.07995110750198364,0.5074673295021057,0.29635459184646606,0.6017541885375977,-0.311898797750473,0.19724887609481812,0.23806512355804443,0.0723019540309906,-0.3525024652481079,-0.0816030502319336,-0.147175595164299,-0.21115368604660034,-0.12052518129348755,-0.026937738060951233,-0.254395067691803,-0.06822699308395386,-0.024751216173171997,-0.41265708208084106,-0.02592986822128296,-0.15044167637825012,0.14204439520835876,0.6745493412017822,0.12299397587776184,-0.12935227155685425,-0.7860023975372314,0.18625879287719727
0.2284868061542511,-0.35306501388549805,0.0038976669311523438,-0.46135368943214417,-0.33461931347846985,-0.07820498943328857,-0.26316308975219727,0.388222873210907,-0.2540448307991028,-0.05406320095062256,-0.12314371764659882,-0.01448965072631836,-0.1486954391002655,0.033629536628723145,-0.24180269241333008,0.039899587631225586,-0.13677005469799042,0.06072518229484558,-0.06246078014373779,0.10966769605875015,0.2228417694568634,0.21274271607398987,0.27820831537246704,0.5550367832183838,0.4974076747894287,0.018647879362106323,-0.2487717866897583,0.4526127576828003,0.402423232793808,-0.12118585407733917,0.08316980302333832,0.08824574947357178,0.009720027446746826,0.05181494355201721,-0.15879827737808228,-0.12908393144607544,0.1591927409172058,0.09393255412578583,0.18483930826187134,-0.2468332201242447,0.023251116275787354,-0.49921590089797974,0.7464905977249146,0.3456798791885376,0.36378413438796997,-0.21961984038352966,0.3731389045715332,-0.0911855697631836,0.13133853673934937,0.13075986504554749,-0.06366363167762756,-0.4474819302558899,0.31558895111083984,0.43609729409217834,-0.23912066221237183,-0.07316714525222778,0.02238542214035988,0.12037187069654465,0.1312643140554428,-0.479317307472229,-0.19944894313812256,0.25589311122894287,-0.5182564854621887,-0.06446826457977295,-0.5933495759963989,0.12483870983123779,-0.260010302066803,-0.6991568803787231,0.48505687713623047,0.16748225688934326,0.3516474664211273,-0.3495749235153198,-0.09018472582101822,-0.2981542944908142,0.08498173952102661,0.5152834057807922,0.30576765537261963,0.6018213033676147,-0.3060089349746704,0.19047531485557556,0.2325606346130371,0.0679175853729248,-0.3482171297073364,-0.08298331499099731,-0.1489918977022171,-0.19946999847888947,-0.11419475078582764,-0.028084099292755127,-0.26207059621810913,-0.07928356528282166,-0.026807934045791626,-0.41471484303474426,-0.0290088951587677,-0.1493249535560608,0.13677212595939636,0.6672385931015015,0.12323606014251709,-0.11939001083374023,-0.7827256917953491,0.18600845336914062
0.24152514338493347,-0.3588523268699646,0.038811326026916504,-0.40478554368019104,-0.29229971766471863,-0.07440999150276184,-0.2532491385936737,0.38005608320236206,-0.2839753031730652,-0.09247395396232605,-0.10384052991867065,-0.03495281934738159,-0.09798678755760193,0.002238661050796509,-0.2577916383743286,0.04276737570762634,-0.09044747054576874,0.06201577186584473,-0.05208352208137512,0.12674623727798462,0.23494815826416016,0.211078941822052,0.25249165296554565,0.578369677066803,0.48187440633773804,0.009899049997329712,-0.2974421977996826,0.4701976776123047,0.3902488052845001,-0.10093237459659576,0.05311034619808197,0.06620219349861145,-0.008932173252105713,0.060454607009887695,-0.1727130115032196,-0.08411914110183716,0.1729165017604828,0.11364050209522247,0.20057064294815063,-0.2935461699962616,0.010908916592597961,-0.4826599657535553,0.7455968856811523,0.3192840814590454,0.38370251655578613,-0.23986351490020752,0.37975749373435974,-0.04065597057342529,0.10041627287864685,0.09223508834838867,-0.02759028971195221,-0.4589945673942566,0.3313972055912018,0.3933042287826538,-0.24861431121826172,-0.09115225076675415,0.03393055871129036,0.15140753984451294,0.1213148832321167,-0.4438002109527588,-0.2167654037475586,0.26705262064933777,-0.5182609558105469,-0.0364152193069458,-0.5749304890632629,0.11924540996551514,-0.26856523752212524,-0.6620218753814697,0.46697720885276794,0.16232633590698242,0.33894240856170654,-0.3972656726837158,-0.05610828101634979,-0.30088722705841064,0.0891309380531311,0.5350726842880249,0.35235798358917236,0.5834556221961975,-0.27631595730781555,0.15424883365631104,0.21963179111480713,0.06057804822921753,-0.31416594982147217,-0.08199429512023926,-0.15711407363414764,-0.14154532551765442,-0.08309447765350342,-0.04234917461872101,-0.27478769421577454,-0.11723151803016663,-0.029723674058914185,-0.407934308052063,-0.040885359048843384,-0.14327159523963928,0.1063866913318634,0.6231657266616821,0.1001313328742981,-0.09100073575973511,-0.7499189376831055,0.1664257049560547
0.22464382648468018,-0.34375306963920593,0.005047857761383057,-0.4435722231864929,-0.32639041543006897,-0.061476707458496094,-0.26568931341171265,0.3922240138053894,-0.2478877454996109,-0.06050753593444824,-0.10752156376838684,-0.014628231525421143,-0.1399657428264618,0.04220479726791382,-0.24754977226257324,0.048152148723602295,-0.11273662745952606,0.04797530174255371,-0.06740498542785645,0.10646117478609085,0.21776041388511658,0.20972473919391632,0.27409327030181885,0.5359370708465576,0.4822193682193756,0.006227672100067139,-0.24756962060928345,0.45103204250335693,0.3897816240787506,-0.12568853795528412,0.0828767865896225,0.08532896637916565,0.00696331262588501,0.0389561653137207,-0.1554010510444641,-0.1250389814376831,0.1564936488866806,0.08712895214557648,0.1902952790260315,-0.2474471628665924,0.03710100054740906,-0.5072625875473022,0.7380762696266174,0.3393937349319458,0.35322216153144836,-0.22282597422599792,0.36115512251853943,-0.08856505155563354,0.1281919628381729,0.12656596302986145,-0.07476119697093964,-0.44537925720214844,0.3208678364753723,0.4277774691581726,-0.24554860591888428,-0.06315997242927551,0.03027724102139473,0.12755441665649414,0.12887264788150787,-0.4540214538574219,-0.19378602504730225,0.2525769770145416,-0.5083950757980347,-0.050598859786987305,-0.5738219022750854,0.12775737047195435,-0.2602977752685547,-0.6838789582252502,0.45969852805137634,0.15873759984970093,0.3423622250556946,-0.3550427556037903,-0.0788964182138443,-0.2949320673942566,0.06829869747161865,0.5013871192932129,0.3128918409347534,0.5849843621253967,-0.3048977255821228,0.19363117218017578,0.23402822017669678,0.0805610716342926,-0.32849669456481934,-0.078166663646698,-0.15406039357185364,-0.20409798622131348,-0.1112382709980011,-0.03595438599586487,-0.24692833423614502,-0.07449373602867126,-0.022649437189102173,-0.40549013018608093,-0.032789215445518494,-0.1444142758846283,0.13548335433006287,0.6598161458969116,0.1025041937828064,-0.12912201881408691,-0.7660842537879944,0.17273855209350586
0.23294511437416077,-0.3474113345146179,0.0006811022758483887,-0.4556315243244171,-0.332018107175827,-0.0820995569229126,-0.25792261958122253,0.38544097542762756,-0.25384819507598877,-0.05248221755027771,-0.12511223554611206,-0.015654385089874268,-0.1547642946243286,0.032719969749450684,-0.23437345027923584,0.036449283361434937,-0.13752780854701996,0.0568293035030365,-0.060720294713974,0.10864394158124924,0.21932780742645264,0.20999374985694885,0.27923351526260376,0.5509529113769531,0.4924638867378235,0.01825934648513794,-0.23963642120361328,0.45111024379730225,0.4047650992870331,-0.11501355469226837,0.08251975476741791,0.0898304283618927,0.006063401699066162,0.04783669114112854,-0.16329744458198547,-0.12622016668319702,0.16004876792430878,0.09881231188774109,0.17630112171173096,-0.24753642082214355,0.01881253719329834,-0.5010495185852051,0.7470870018005371,0.341059148311615,0.36750033497810364,-0.22040510177612305,0.3726624846458435,-0.09046941995620728,0.12780627608299255,0.1256999373435974,-0.05419503524899483,-0.4517664909362793,0.3121185898780823,0.434736430644989,-0.23936474323272705,-0.07099154591560364,0.025669265538454056,0.11969456821680069,0.12236444652080536,-0.48469996452331543,-0.19600462913513184,0.25101882219314575,-0.5144688487052917,-0.06387746334075928,-0.594530463218689,0.12341541051864624,-0.26288312673568726,-0.7023988366127014,0.4833521246910095,0.16778546571731567,0.35054072737693787,-0.3503912091255188,-0.09026341885328293,-0.29896706342697144,0.08548593521118164,0.5174338817596436,0.3082590699195862,0.6007715463638306,-0.3072868287563324,0.18320658802986145,0.24135005474090576,0.06623390316963196,-0.35168445110321045,-0.08224111795425415,-0.1383838802576065,-0.18902729451656342,-0.10825598239898682,-0.031118452548980713,-0.25785189867019653,-0.08115822076797485,-0.02609497308731079,-0.41120579838752747,-0.023530036211013794,-0.1547204554080963,0.13825702667236328,0.661784827709198,0.12289595603942871,-0.12140220403671265,-0.7779802083969116,0.1876676082611084
0.2282349169254303,-0.3478516638278961,0.01705080270767212,-0.43381357192993164,-0.31980445981025696,-0.06798732280731201,-0.2601058781147003,0.3905754089355469,-0.2632644772529602,-0.07216674089431763,-0.10667063295841217,-0.023841500282287598,-0.13150563836097717,0.02190878987312317,-0.251065731048584,0.044786661863327026,-0.10543249547481537,0.04830339550971985,-0.06071320176124573,0.10329248756170273,0.2271677553653717,0.2136521339416504,0.2671680450439453,0.5544942617416382,0.48328202962875366,0.0014609098434448242,-0.2540636360645294,0.4668470025062561,0.3971528112888336,-0.11493916809558868,0.08030502498149872,0.07564577460289001,0.004379093647003174,0.03963616490364075,-0.16168108582496643,-0.11130684614181519,0.15563003718852997,0.09192648530006409,0.18798065185546875,-0.26298049092292786,0.029670804738998413,-0.5077866911888123,0.7553708553314209,0.33653175830841064,0.3648480176925659,-0.2319357544183731,0.3699783682823181,-0.07064133882522583,0.1175171285867691,0.11833858489990234,-0.05491248145699501,-0.4532954692840576,0.3211786448955536,0.4202812612056732,-0.2577998638153076,-0.07244294881820679,0.03735147789120674,0.1411503255367279,0.12304544448852539,-0.45996546745300293,-0.19394373893737793,0.25077950954437256,-0.5140257477760315,-0.04488253593444824,-0.5785412788391113,0.1261271834373474,-0.2661394476890564,-0.6880528926849365,0.4668448865413666,0.16104263067245483,0.34340232610702515,-0.3704020082950592,-0.06961539387702942,-0.30063003301620483,0.07433629035949707,0.5133968591690063,0.3269517421722412,0.5931667685508728,-0.30505549907684326,0.18404635787010193,0.23883461952209473,0.07880687713623047,-0.32095515727996826,-0.08556312322616577,-0.15080134570598602,-0.18767231702804565,-0.0999307632446289,-0.04237280786037445,-0.25265568494796753,-0.09490060806274414,-0.022467315196990967,-0.40099194645881653,-0.030451655387878418,-0.15213826298713684,0.13392090797424316,0.6489993929862976,0.10388535261154175,-0.11733871698379517,-0.7546496391296387,0.1707470417022705
0.22950688004493713,-0.3546176254749298,-0.0006467700004577637,-0.46694886684417725,-0.3389701247215271,-0.07528501749038696,-0.2668026089668274,0.39362430572509766,-0.25209343433380127,-0.05243408679962158,-0.12276634573936462,-0.010842204093933105,-0.1523001790046692,0.041650354862213135,-0.24578869342803955,0.04276299476623535,-0.1374063342809677,0.05914679169654846,-0.06603708863258362,0.113604836165905,0.22263693809509277,0.21336618065834045,0.28189969062805176,0.5539532899856567,0.5021555423736572,0.01949673891067505,-0.2515391409397125,0.45260053873062134,0.40285050868988037,-0.12669534981250763,0.0837736576795578,0.09247687458992004,0.010309159755706787,0.05024564266204834,-0.15814954042434692,-0.13391685485839844,0.16219846904277802,0.09182217717170715,0.18823468685150146,-0.2442387193441391,0.02717927098274231,-0.5056543350219727,0.7488620281219482,0.34955042600631714,0.3641648590564728,-0.21869024634361267,0.3751658797264099,-0.09604161977767944,0.13507938385009766,0.1354289948940277,-0.07111907005310059,-0.45083391666412354,0.31999361515045166,0.44269031286239624,-0.23872527480125427,-0.07172000408172607,0.02063915506005287,0.11854644864797592,0.13191010057926178,-0.48032593727111816,-0.20224595069885254,0.2593393623828888,-0.5222172737121582,-0.06398022174835205,-0.5951381325721741,0.12676489353179932,-0.26172468066215515,-0.7031893730163574,0.4871686100959778,0.1691855788230896,0.35402536392211914,-0.35093581676483154,-0.0912661999464035,-0.2998492121696472,0.08325076103210449,0.5174095630645752,0.3059411644935608,0.6034644842147827,-0.3088156282901764,0.19451403617858887,0.2349299192428589,0.0694897472858429,-0.3530033826828003,-0.08069825172424316,-0.15242885053157806,-0.20653581619262695,-0.11682873964309692,-0.028424903750419617,-0.2615991234779358,-0.07298505306243896,-0.026204168796539307,-0.420226514339447,-0.03229176998138428,-0.14740553498268127,0.13670051097869873,0.678384006023407,0.12084591388702393,-0.1251317262649536,-0.7930579781532288,0.18860411643981934
0.241126149892807,-0.3587794303894043,0.03833061456680298,-0.4061300754547119,-0.2926281988620758,-0.07392576336860657,-0.2537250518798828,0.38024836778640747,-0.28308534622192383,-0.09187856316566467,-0.1039692610502243,-0.03401106595993042,-0.0969381332397461,0.004747241735458374,-0.2579296827316284,0.04242202639579773,-0.09094896912574768,0.06304013729095459,-0.05288645625114441,0.1285446286201477,0.23358052968978882,0.21000531315803528,0.25264066457748413,0.5772019028663635,0.4833213686943054,0.011592477560043335,-0.2997347116470337,0.46810853481292725,0.3892028033733368,-0.10195522010326385,0.05271999537944794,0.0667559802532196,-0.008939087390899658,0.06189417839050293,-0.171922504901886,-0.08578965067863464,0.17403192818164825,0.11304862797260284,0.20159423351287842,-0.29237526655197144,0.011969581246376038,-0.48107096552848816,0.7425931692123413,0.3189816474914551,0.3822537660598755,-0.2381930649280548,0.3794199824333191,-0.04215496778488159,0.10170814394950867,0.09292463958263397,-0.030407249927520752,-0.4568786025047302,0.3313080072402954,0.3938411474227905,-0.24626567959785461,-0.09122836589813232,0.03248067572712898,0.1493520438671112,0.12241953611373901,-0.443423867225647,-0.21855664253234863,0.2683679163455963,-0.5189937353134155,-0.03756570816040039,-0.5746396780014038,0.11920565366744995,-0.2674484848976135,-0.6607021689414978,0.4678957164287567,0.16278892755508423,0.33853599429130554,-0.395425945520401,-0.05701359361410141,-0.30082422494888306,0.08911389112472534,0.5347630977630615,0.3509324789047241,0.5825072526931763,-0.2746957540512085,0.1544417440891266,0.21773231029510498,0.06022706627845764,-0.31617605686187744,-0.08067059516906738,-0.15822967886924744,-0.14381688833236694,-0.08418935537338257,-0.040617793798446655,-0.2763402760028839,-0.11524727940559387,-0.03020608425140381,-0.4092620015144348,-0.042517781257629395,-0.14052793383598328,0.10500714182853699,0.624762237071991,0.10027188062667847,-0.09033143520355225,-0.7522854208946228,0.16745638847351074
0.2424066662788391,-0.3467608392238617,0.01576542854309082,-0.4242182970046997,-0.3119033873081207,-0.0744791030883789,-0.2515958845615387,0.39046770334243774,-0.27117013931274414,-0.07585123181343079,-0.10806156694889069,-0.028238415718078613,-0.13152357935905457,0.019570529460906982,-0.2405104637145996,0.03848502039909363,-0.10265927016735077,0.047937363386154175,-0.05785992741584778,0.11413402110338211,0.22481006383895874,0.20792566239833832,0.2694769501686096,0.5559647083282471,0.4819210469722748,0.00444871187210083,-0.2556960880756378,0.4657905101776123,0.4009600281715393,-0.10060499608516693,0.07184486091136932,0.07731163501739502,-0.00388944149017334,0.039555132389068604,-0.17111241817474365,-0.10219472646713257,0.1636136770248413,0.10779593884944916,0.18007832765579224,-0.2746947705745697,0.020351648330688477,-0.5092213749885559,0.7598497271537781,0.32809874415397644,0.37675875425338745,-0.23581112921237946,0.3768078088760376,-0.06323206424713135,0.10937938094139099,0.10554960370063782,-0.037224918603897095,-0.46249765157699585,0.32336291670799255,0.41846951842308044,-0.25369197130203247,-0.0730980932712555,0.03928150609135628,0.14499199390411377,0.10960064828395844,-0.4659837484359741,-0.1989896297454834,0.24944287538528442,-0.5140010714530945,-0.04173481464385986,-0.5839065909385681,0.12559354305267334,-0.2720094919204712,-0.693058431148529,0.4672738313674927,0.16214722394943237,0.3446095287799835,-0.3794550895690918,-0.0676494836807251,-0.3084539771080017,0.07839381694793701,0.5258607268333435,0.33910369873046875,0.5928323268890381,-0.299873411655426,0.1669771671295166,0.2507758140563965,0.07402810454368591,-0.3313746452331543,-0.08076584339141846,-0.1387653350830078,-0.16402634978294373,-0.09065854549407959,-0.04502856731414795,-0.25547027587890625,-0.10214173793792725,-0.023195087909698486,-0.4025614261627197,-0.027619123458862305,-0.1581667959690094,0.129398912191391,0.6421979665756226,0.10180380940437317,-0.11514812707901001,-0.7578187584877014,0.1756575107574463
0.22525820136070251,-0.350457102060318,0.015601813793182373,-0.4396112561225891,-0.3214464783668518,-0.062353432178497314,-0.2653338611125946,0.3944437503814697,-0.2592190206050873,-0.07276937365531921,-0.10443469882011414,-0.019239425659179688,-0.12443187832832336,0.032774657011032104,-0.25566112995147705,0.04749611020088196,-0.1045013815164566,0.05186861753463745,-0.06538155674934387,0.1117602214217186,0.22417697310447693,0.21160320937633514,0.26767849922180176,0.5500439405441284,0.48962128162384033,0.006107330322265625,-0.2663721442222595,0.46013522148132324,0.3895157277584076,-0.12258778512477875,0.07804010808467865,0.07779419422149658,0.0064888596534729,0.04486605525016785,-0.15594691038131714,-0.11820566654205322,0.15971434116363525,0.08813226222991943,0.19674348831176758,-0.2588321268558502,0.036586880683898926,-0.5031049251556396,0.744350790977478,0.33819735050201416,0.35870638489723206,-0.22660472989082336,0.3689560294151306,-0.07486361265182495,0.12407433986663818,0.12344542145729065,-0.07103344798088074,-0.44589847326278687,0.3247755169868469,0.4234444200992584,-0.24941617250442505,-0.0730510950088501,0.031041715294122696,0.13614100217819214,0.13045398890972137,-0.4517648220062256,-0.20219874382019043,0.25792157649993896,-0.5166005492210388,-0.046935319900512695,-0.5744163393974304,0.1278749704360962,-0.2613891661167145,-0.6803935766220093,0.46694260835647583,0.1603027582168579,0.342843234539032,-0.36620017886161804,-0.07102338969707489,-0.3008246421813965,0.07303768396377563,0.5106017589569092,0.3228209614753723,0.5879695415496826,-0.2987007796764374,0.1881314218044281,0.2287055253982544,0.0792447030544281,-0.324615478515625,-0.07957804203033447,-0.1611492782831192,-0.19974416494369507,-0.10648247599601746,-0.036690980195999146,-0.25639885663986206,-0.08649387955665588,-0.023649752140045166,-0.40749943256378174,-0.039574652910232544,-0.1400723159313202,0.12827354669570923,0.6582509279251099,0.10079288482666016,-0.11752444505691528,-0.7655013799667358,0.17249011993408203
0.2295207381248474,-0.348985880613327,0.012640655040740967,-0.44044697284698486,-0.3222528100013733,-0.0742572546005249,-0.2591170072555542,0.38579195737838745,-0.25975531339645386,-0.06480246782302856,-0.11384117603302002,-0.021007239818572998,-0.13774600625038147,0.02418646216392517,-0.24388337135314941,0.04142343997955322,-0.11893194913864136,0.05463600158691406,-0.05987110733985901,0.10700979083776474,0.22420275211334229,0.21175210177898407,0.2705259919166565,0.5542445182800293,0.4855096936225891,0.009915202856063843,-0.25211188197135925,0.4582834839820862,0.3982446789741516,-0.11471764743328094,0.07847760617733002,0.08064267039299011,0.004991054534912109,0.04656592011451721,-0.16200554370880127,-0.11583766341209412,0.15775083005428314,0.09684556722640991,0.18519049882888794,-0.257831335067749,0.022964060306549072,-0.4996337592601776,0.7476496696472168,0.33660271763801575,0.36579176783561707,-0.22642682492733002,0.3700042963027954,-0.0770217776298523,0.12038804590702057,0.11920970678329468,-0.05286357179284096,-0.4506024122238159,0.31807005405426025,0.4221917688846588,-0.24748480319976807,-0.073751300573349,0.0306779183447361,0.13204142451286316,0.1246936023235321,-0.46634018421173096,-0.1969212293624878,0.25211551785469055,-0.5122422575950623,-0.05307769775390625,-0.5834754705429077,0.12365871667861938,-0.2633463442325592,-0.688898503780365,0.47185537219047546,0.16323834657669067,0.3451758623123169,-0.3616888225078583,-0.07729744911193848,-0.2976143956184387,0.08028930425643921,0.5142332911491394,0.31835734844207764,0.594141960144043,-0.301563024520874,0.1820303499698639,0.23454952239990234,0.07119560241699219,-0.33125030994415283,-0.08464288711547852,-0.1473231464624405,-0.184428870677948,-0.1038961112499237,-0.03642338514328003,-0.2573961615562439,-0.0899260938167572,-0.025230109691619873,-0.4057210385799408,-0.02827407419681549,-0.15163293480873108,0.1330658197402954,0.6498821973800659,0.11251366138458252,-0.11542642116546631,-0.7626444101333618,0.17631101608276367
0.24152514338493347,-0.3588523268699646,0.038811326026916504,-0.40478554368019104,-0.29229971766471863,-0.07440999150276184,-0.2532491385936737,0.38005608320236206,-0.2839753031730652,-0.09247395396232605,-0.10384052991867065,-0.03495281934738159,-0.09798678755760193,0.002238661050796509,-0.2577916383743286,0.04276737570762634,-0.09044747054576874,0.06201577186584473,-0.05208352208137512,0.12674623727798462,0.23494815826416016,0.211078941822052,0.25249165296554565,0.578369677066803,0.48187440633773804,0.009899049997329712,-0.2974421977996826,0.4701976776123047,0.3902488052845001,-0.10093237459659576,0.05311034619808197,0.06620219349861145,-0.008932173252105713,0.060454607009887695,-0.1727130115032196,-0.08411914110183716,0.1729165017604828,0.11364050209522247,0.20057064294815063,-0.2935461699962616,0.010908916592597961,-0.4826599657535553,0.7455968856811523,0.3192840814590454,0.38370251655578613,-0.23986351490020752,0.37975749373435974,-0.04065597057342529,0.10041627287864685,0.09223508834838867,-0.02759028971195221,-0.4589945673942566,0.3313972055912018,0.3933042287826538,-0.24861431121826172,-0.09115225076675415,0.03393055871129036,0.15140753984451294,0.1213148832321167,-0.4438002109527588,-0.2167654037475586,0.26705262064933777,-0.5182609558105469,-0.0364152193069458,-0.5749304890632629,0.11924540996551514,-0.26856523752212524,-0.6620218753814697,0.46697720885276794,0.16232633590698242,0.33894240856170654,-0.3972656726837158,-0.05610828101634979,-0.30088722705841064,0.0891309380531311,0.5350726842880249,0.35235798358917236,0.5834556221961975,-0.27631595730781555,0.15424883365631104,0.21963179111480713,0.06057804822921753,-0.31416594982147217,-0.08199429512023926,-0.15711407363414764,-0.14154532551765442,-0.08309447765350342,-0.04234917461872101,-0.27478769421577454,-0.11723151803016663,-0.029723674058914185,-0.407934308052063,-0.040885359048843384,-0.14327159523963928,0.1063866913318634,0.6231657266616821,0.1001313328742981,-0.09100073575973511,-0.7499189376831055,0.1664257049560547
0.23478928208351135,-0.34377747774124146,0.011541962623596191,-0.4327068328857422,-0.3174034655094147,-0.084535151720047,-0.24906766414642334,0.3777298331260681,-0.26277217268943787,-0.0634051263332367,-0.11950169503688812,-0.02489161491394043,-0.1446852684020996,0.014237821102142334,-0.232962965965271,0.03450971841812134,-0.12459118664264679,0.053027063608169556,-0.054308146238327026,0.10341604799032211,0.22315329313278198,0.20972411334514618,0.26939499378204346,0.5549799203872681,0.47830265760421753,0.010471761226654053,-0.23835408687591553,0.45799487829208374,0.40459972620010376,-0.10294319689273834,0.07669959962368011,0.08105841279029846,0.0006763935089111328,0.04560115933418274,-0.16890141367912292,-0.10914170742034912,0.1566580981016159,0.10512615740299225,0.17150074243545532,-0.2600257694721222,0.010783851146697998,-0.4962659776210785,0.7502620816230774,0.33040326833724976,0.3726677894592285,-0.22795623540878296,0.371624618768692,-0.07273280620574951,0.11412741243839264,0.1121968924999237,-0.031874045729637146,-0.45532941818237305,0.3091756999492645,0.41744521260261536,-0.24783384799957275,-0.07470178604125977,0.03423236683011055,0.13152796030044556,0.11259783804416656,-0.4765356779098511,-0.1914839744567871,0.24383485317230225,-0.5065948963165283,-0.05440950393676758,-0.5873342156410217,0.11965203285217285,-0.2657473087310791,-0.6934972405433655,0.4738005995750427,0.16496729850769043,0.3443489074707031,-0.3612736463546753,-0.0785813182592392,-0.297113835811615,0.08695030212402344,0.5178259611129761,0.32004737854003906,0.5948402881622314,-0.30291038751602173,0.16982874274253845,0.2435460090637207,0.06570431590080261,-0.3355945348739624,-0.08728277683258057,-0.13107408583164215,-0.1639069765806198,-0.09496638178825378,-0.039328500628471375,-0.2548106014728546,-0.09824535250663757,-0.025419414043426514,-0.39912936091423035,-0.018855810165405273,-0.16247877478599548,0.13439008593559265,0.6366301774978638,0.11792817711830139,-0.11231714487075806,-0.75185626745224,0.17873215675354004
0.24152514338493347,-0.3588523268699646,0.038811326026916504,-0.40478554368019104,-0.29229971766471863,-0.07440999150276184,-0.2532491385936737,0.38005608320236206,-0.2839753031730652,-0.09247395396232605,-0.10384052991867065,-0.03495281934738159,-0.09798678755760193,0.002238661050796509,-0.2577916383743286,0.04276737570762634,-0.09044747054576874,0.06201577186584473,-0.05208352208137512,0.12674623727798462,0.23494815826416016,0.211078941822052,0.25249165296554565,0.578369677066803,0.48187440633773804,0.009899049997329712,-0.2974421977996826,0.4701976776123047,0.3902488052845001,-0.10093237459659576,0.05311034619808197,0.06620219349861145,-0.008932173252105713,0.060454607009887695,-0.1727130115032196,-0.08411914110183716,0.1729165017604828,0.11364050209522247,0.20057064294815063,-0.2935461699962616,0.010908916592597961,-0.4826599657535553,0.7455968856811523,0.3192840814590454,0.38370251655578613,-0.23986351490020752,0.37975749373435974,-0.04065597057342529,0.10041627287864685,0.09223508834838867,-0.02759028971195221,-0.4589945673942566,0.3313972055912018,0.3933042287826538,-0.24861431121826172,-0.09115225076675415,0.03393055871129036,0.15140753984451294,0.1213148832321167,-0.4438002109527588,-0.2167654037475586,0.26705262064933777,-0.5182609558105469,-0.0364152193069458,-0.5749304890632629,0.11924540996551514,-0.26856523752212524,-0.6620218753814697,0.46697720885276794,0.16232633590698242,0.33894240856170654,-0.3972656726837158,-0.05610828101634979,-0.30088722705841064,0.0891309380531311,0.5350726842880249,0.35235798358917236,0.5834556221961975,-0.27631595730781555,0.15424883365631104,0.21963179111480713,0.06057804822921753,-0.31416594982147217,-0.08199429512023926,-0.15711407363414764,-0.14154532551765442,-0.08309447765350342,-0.04234917461872101,-0.27478769421577454,-0.11723151803016663,-0.029723674058914185,-0.407934308052063,-0.040885359048843384,-0.14327159523963928,0.1063866913318634,0.6231657266616821,0.1001313328742981,-0.09100073575973511,-0.7499189376831055,0.1664257049560547
0.24152514338493347,-0.3588523268699646,0.038811326026916504,-0.40478554368019104,-0.29229971766471863,-0.07440999150276184,-0.2532491385936737,0.38005608320236206,-0.2839753031730652,-0.09247395396232605,-0.10384052991867065,-0.03495281934738159,-0.09798678755760193,0.002238661050796509,-0.2577916383743286,0.04276737570762634,-0.09044747054576874,0.06201577186584473,-0.05208352208137512,0.12674623727798462,0.23494815826416016,0.211078941822052,0.25249165296554565,0.578369677066803,0.48187440633773804,0.009899049997329712,-0.2974421977996826,0.4701976776123047,0.3902488052845001,-0.10093237459659576,0.05311034619808197,0.06620219349861145,-0.008932173252105713,0.060454607009887695,-0.1727130115032196,-0.08411914110183716,0.1729165017604828,0.11364050209522247,0.20057064294815063,-0.2935461699962616,0.010908916592597961,-0.4826599657535553,0.7455968856811523,0.3192840814590454,0.38370251655578613,-0.23986351490020752,0.37975749373435974,-0.04065597057342529,0.10041627287864685,0.09223508834838867,-0.02759028971195221,-0.4589945673942566,0.3313972055912018,0.3933042287826538,-0.24861431121826172,-0.09115225076675415,0.03393055871129036,0.15140753984451294,0.1213148832321167,-0.4438002109527588,-0.2167654037475586,0.26705262064933777,-0.5182609558105469,-0.0364152193069458,-0.5749304890632629,0.11924540996551514,-0.26856523752212524,-0.6620218753814697,0.46697720885276794,0.16232633590698242,0.33894240856170654,-0.3972656726837158,-0.05610828101634979,-0.30088722705841064,0.0891309380531311,0.5350726842880249,0.35235798358917236,0.5834556221961975,-0.27631595730781555,0.15424883365631104,0.21963179111480713,0.06057804822921753,-0.31416594982147217,-0.08199429512023926,-0.15711407363414764,-0.14154532551765442,-0.08309447765350342,-0.04234917461872101,-0.27478769421577454,-0.11723151803016663,-0.029723674058914185,-0.407934308052063,-0.040885359048843384,-0.14327159523963928,0.1063866913318634,0.6231657266616821,0.1001313328742981,-0.09100073575973511,-0.7499189376831055,0.1664257049560547
0.22344878315925598,-0.3514774739742279,-0.007177472114562988,-0.4745871424674988,-0.34565433859825134,-0.07366675138473511,-0.26899126172065735,0.39298325777053833,-0.24248117208480835,-0.04496648907661438,-0.12545762956142426,-0.006442904472351074,-0.15979456901550293,0.04646110534667969,-0.24360883235931396,0.04337158799171448,-0.14502008259296417,0.05735257267951965,-0.06852403283119202,0.10639721900224686,0.21903693675994873,0.21351072192192078,0.28502166271209717,0.5454100370407104,0.5007162094116211,0.018832296133041382,-0.2382519543170929,0.4472452402114868,0.4025900661945343,-0.13236041367053986,0.0903838723897934,0.09649530053138733,0.014971256256103516,0.048262059688568115,-0.15345746278762817,-0.14327841997146606,0.15602794289588928,0.08464266359806061,0.18498456478118896,-0.23197853565216064,0.02978616952896118,-0.5051474571228027,0.7436683177947998,0.35360074043273926,0.35580042004585266,-0.2138841152191162,0.36944225430488586,-0.1066693663597107,0.14244696497917175,0.14422905445098877,-0.07934504747390747,-0.44416749477386475,0.31302767992019653,0.448625385761261,-0.2364649772644043,-0.06680825352668762,0.018668193370103836,0.11101438850164413,0.13582926988601685,-0.4816319942474365,-0.19498789310455322,0.2549704909324646,-0.5180337429046631,-0.07008171081542969,-0.5945098996162415,0.12788963317871094,-0.2571322023868561,-0.705180823802948,0.4864947199821472,0.16733801364898682,0.35374826192855835,-0.3378758430480957,-0.09745447337627411,-0.29550713300704956,0.08150768280029297,0.5069894790649414,0.29363274574279785,0.6030741930007935,-0.3137037754058838,0.20278993248939514,0.23333442211151123,0.07158759236335754,-0.3538036346435547,-0.08164632320404053,-0.15199436247348785,-0.21902717649936676,-0.12310683727264404,-0.02546316385269165,-0.25542473793029785,-0.06502947211265564,-0.02455240488052368,-0.4181167185306549,-0.028951674699783325,-0.14777210354804993,0.14222589135169983,0.682282567024231,0.12507188320159912,-0.13024163246154785,-0.7928453683853149,0.18942499160766602
0.24363017082214355,-0.3599162995815277,0.0044931769371032715,-0.4542815387248993,-0.32646444439888,-0.08035928010940552,-0.2618107497692108,0.3909366726875305,-0.2624227702617645,-0.0593072772026062,-0.12391667068004608,-0.015299320220947266,-0.1408906877040863,0.037581443786621094,-0.24339258670806885,0.03864976763725281,-0.13206617534160614,0.06533649563789368,-0.06245866417884827,0.13140082359313965,0.22399801015853882,0.208714559674263,0.2804211974143982,0.5634170770645142,0.5038303136825562,0.027011483907699585,-0.2720353901386261,0.4509056806564331,0.4020581543445587,-0.1162676066160202,0.06736533343791962,0.09303706884384155,0.0006670951843261719,0.058725059032440186,-0.16731548309326172,-0.12075018882751465,0.17588050663471222,0.10908539593219757,0.19094961881637573,-0.2613258361816406,0.016648471355438232,-0.49768951535224915,0.7462422251701355,0.34012722969055176,0.3781875967979431,-0.2231154888868332,0.3820987939834595,-0.08371150493621826,0.12639103829860687,0.12001079320907593,-0.055359601974487305,-0.4586338400840759,0.3265764117240906,0.43424004316329956,-0.23063474893569946,-0.07832890748977661,0.017086226493120193,0.12188572436571121,0.12648090720176697,-0.4785979986190796,-0.21635591983795166,0.26863524317741394,-0.526531457901001,-0.06063830852508545,-0.5984653234481812,0.1254228949546814,-0.26621225476264954,-0.6964040398597717,0.48806753754615784,0.17057430744171143,0.35401275753974915,-0.36610081791877747,-0.0886053740978241,-0.30372172594070435,0.09071779251098633,0.5339877605438232,0.32176172733306885,0.6003825068473816,-0.2943572998046875,0.17508062720298767,0.23347687721252441,0.059050410985946655,-0.3601280450820923,-0.07460260391235352,-0.15117214620113373,-0.17860279977321625,-0.10741445422172546,-0.027471080422401428,-0.2727859616279602,-0.08104139566421509,-0.02997487783432007,-0.4274860620498657,-0.03605550527572632,-0.14493492245674133,0.12254148721694946,0.6694533824920654,0.11840814352035522,-0.1169310212135315,-0.8002121448516846,0.19098520278930664
0.241126149892807,-0.3587794303894043,0.03833061456680298,-0.4061300754547119,-0.2926281988620758,-0.07392576336860657,-0.2537250518798828,0.38024836778640747,-0.28308534622192383,-0.09187856316566467,-0.1039692610502243,-0.03401106595993042,-0.0969381332397461,0.004747241735458374,-0.2579296827316284,0.04242202639579773,-0.09094896912574768,0.06304013729095459,-0.05288645625114441,0.1285446286201477,0.23358052968978882,0.21000531315803528,0.25264066457748413,0.5772019028663635,0.4833213686943054,0.011592477560043335,-0.2997347116470337,0.46810853481292725,0.3892028033733368,-0.10195522010326385,0.05271999537944794,0.0667559802532196,-0.008939087390899658,0.06189417839050293,-0.171922504901886,-0.08578965067863464,0.17403192818164825,0.11304862797260284,0.20159423351287842,-0.29237526655197144,0.011969581246376038,-0.48107096552848816,0.7425931692123413,0.3189816474914551,0.3822537660598755,-0.2381930649280548,0.3794199824333191,-0.04215496778488159,0.10170814394950867,0.09292463958263397,-0.030407249927520752,-0.4568786025047302,0.3313080072402954,0.3938411474227905,-0.24626567959785461,-0.09122836589813232,0.03248067572712898,0.1493520438671112,0.12241953611373901,-0.443423867225647,-0.21855664253234863,0.2683679163455963,-0.5189937353134155,-0.03756570816040039,-0.5746396780014038,0.11920565366744995,-0.2674484848976135,-0.6607021689414978,0.4678957164287567,0.16278892755508423,0.33853599429130554,-0.395425945520401,-0.05701359361410141,-0.30082422494888306,0.08911389112472534,0.5347630977630615,0.3509324789047241,0.5825072526931763,-0.2746957540512085,0.1544417440891266,0.21773231029510498,0.06022706627845764,-0.31617605686187744,-0.08067059516906738,-0.15822967886924744,-0.14381688833236694,-0.08418935537338257,-0.040617793798446655,-0.2763402760028839,-0.11524727940559387,-0.03020608425140381,-0.4092620015144348,-0.042517781257629395,-0.14052793383598328,0.10500714182853699,0.624762237071991,0.10027188062667847,-0.09033143520355225,-0.7522854208946228,0.16745638847351074
0.2328694760799408,-0.3365834653377533,-0.008436203002929688,-0.4553737938404083,-0.3323023021221161,-0.08740529417991638,-0.2495044469833374,0.37869322299957275,-0.24570345878601074,-0.043314576148986816,-0.12979720532894135,-0.014135777950286865,-0.16772809624671936,0.03644561767578125,-0.21769475936889648,0.02951788902282715,-0.14721450209617615,0.05313980579376221,-0.05969300866127014,0.10462398082017899,0.21038362383842468,0.20348811149597168,0.28225070238113403,0.536058783531189,0.48287245631217957,0.020760059356689453,-0.21792981028556824,0.43990546464920044,0.4046187698841095,-0.10961537063121796,0.08425520360469818,0.09441974759101868,0.004665553569793701,0.043542176485061646,-0.16384392976760864,-0.13052842020988464,0.15762194991111755,0.10268880426883698,0.16139811277389526,-0.23735128343105316,0.014299526810646057,-0.4977034628391266,0.7376991510391235,0.3362763524055481,0.363920658826828,-0.2143799066543579,0.36646974086761475,-0.09729480743408203,0.1281883269548416,0.12459060549736023,-0.04836753383278847,-0.44845640659332275,0.30040162801742554,0.4359152615070343,-0.23312503099441528,-0.06615239381790161,0.02582957223057747,0.11097925156354904,0.11270959675312042,-0.4921391010284424,-0.18849456310272217,0.23972445726394653,-0.5029587745666504,-0.06897807121276855,-0.5931602120399475,0.12039631605148315,-0.2604430317878723,-0.704808235168457,0.47939521074295044,0.16702687740325928,0.3477935194969177,-0.33654874563217163,-0.0967409759759903,-0.29562991857528687,0.08647972345352173,0.5099440813064575,0.29746681451797485,0.5953043699264526,-0.30887895822525024,0.17795997858047485,0.2496936321258545,0.06462600827217102,-0.3603740930557251,-0.08040517568588257,-0.12299071252346039,-0.18265503644943237,-0.10608386993408203,-0.029788926243782043,-0.24859757721424103,-0.07574406266212463,-0.025517523288726807,-0.40401691198349,-0.01483309268951416,-0.15965107083320618,0.14302566647529602,0.6536365151405334,0.1264367699623108,-0.1254274845123291,-0.7705130577087402,0.1912844181060791
0.21877595782279968,-0.37465161085128784,0.024421870708465576,-0.4606585204601288,-0.330634742975235,-0.06628638505935669,-0.27909308671951294,0.3915907144546509,-0.26242315769195557,-0.06871360540390015,-0.11493004858493805,-0.015026271343231201,-0.11723574995994568,0.02426329255104065,-0.2754690647125244,0.05475574731826782,-0.12267062067985535,0.07335609197616577,-0.06461289525032043,0.11458931118249893,0.23917564749717712,0.22473864257335663,0.26692456007003784,0.5804316401481628,0.5093512535095215,0.01686212420463562,-0.2926650047302246,0.4652041792869568,0.3945442736148834,-0.1382700353860855,0.07628272473812103,0.07896795868873596,0.014990031719207764,0.06802713871002197,-0.15070873498916626,-0.12343263626098633,0.16157369315624237,0.08282466232776642,0.21871232986450195,-0.25817376375198364,0.02974395453929901,-0.48782992362976074,0.7447279691696167,0.35318756103515625,0.3618404269218445,-0.22490686178207397,0.3748834431171417,-0.08035629987716675,0.13321131467819214,0.1353970170021057,-0.07907003164291382,-0.4410862922668457,0.33155664801597595,0.42493316531181335,-0.24403256177902222,-0.086181640625,0.015169847756624222,0.1293124556541443,0.1587303727865219,-0.4537922143936157,-0.21425843238830566,0.2784722149372101,-0.532208263874054,-0.059256911277770996,-0.5873602032661438,0.12687617540359497,-0.2552960515022278,-0.6764400005340576,0.48631757497787476,0.16644138097763062,0.35073772072792053,-0.36543866991996765,-0.08075940608978271,-0.2913793921470642,0.08624720573425293,0.5181332230567932,0.31336867809295654,0.6030914783477783,-0.2950194478034973,0.2031613290309906,0.19801795482635498,0.06649845838546753,-0.3230699300765991,-0.08846509456634521,-0.18615154922008514,-0.2118084728717804,-0.12256214022636414,-0.02445821464061737,-0.28021687269210815,-0.08487272262573242,-0.030929356813430786,-0.4264233112335205,-0.04799091815948486,-0.13167092204093933,0.12185105681419373,0.6724532246589661,0.11937963962554932,-0.10603362321853638,-0.7889820337295532,0.1741025447845459
0.24650639295578003,-0.36617329716682434,0.014234781265258789,-0.4518142342567444,-0.32415130734443665,-0.08318454027175903,-0.2612221837043762,0.3909798264503479,-0.2740674912929535,-0.0663428008556366,-0.12200108170509338,-0.02268320322036743,-0.13630184531211853,0.023751050233840942,-0.24653947353363037,0.039414793252944946,-0.12668509781360626,0.06750968098640442,-0.057674139738082886,0.12835291028022766,0.23219773173332214,0.21362924575805664,0.2771972417831421,0.5814418196678162,0.5058913230895996,0.02267366647720337,-0.2764168977737427,0.46567845344543457,0.4085625410079956,-0.11135374009609222,0.06841449439525604,0.08394753932952881,-0.00112152099609375,0.06021401286125183,-0.17226603627204895,-0.11237490177154541,0.1752706617116928,0.11180250346660614,0.19262433052062988,-0.2733316421508789,0.010934591293334961,-0.5007004141807556,0.76149982213974,0.34080973267555237,0.3871871829032898,-0.23127010464668274,0.3888086676597595,-0.07348138093948364,0.12080195546150208,0.11462250351905823,-0.04478423297405243,-0.46581876277923584,0.3305303454399109,0.4318230450153351,-0.2399929165840149,-0.08401545882225037,0.02394000068306923,0.132368266582489,0.12639495730400085,-0.483492374420166,-0.2157829999923706,0.2694239020347595,-0.5327329635620117,-0.057819247245788574,-0.6052500009536743,0.12509745359420776,-0.2706069350242615,-0.7030230164527893,0.49507224559783936,0.1721116304397583,0.3584408760070801,-0.37696725130081177,-0.08269727975130081,-0.3093409538269043,0.09419399499893188,0.5431114435195923,0.3320436477661133,0.6099706888198853,-0.29671698808670044,0.1737709790468216,0.2354038953781128,0.058784812688827515,-0.3540855646133423,-0.0805051326751709,-0.15174172818660736,-0.17172273993492126,-0.10234561562538147,-0.03125321865081787,-0.2787861227989197,-0.09566813707351685,-0.03040337562561035,-0.428422212600708,-0.03454238176345825,-0.15081879496574402,0.125095933675766,0.6655577421188354,0.12149804830551147,-0.1094769835472107,-0.7973618507385254,0.1904888153076172
0.241126149892807,-0.3587794303894043,0.03833061456680298,-0.4061300754547119,-0.2926281988620758,-0.07392576336860657,-0.2537250518798828,0.38024836778640747,-0.28308534622192383,-0.09187856316566467,-0.1039692610502243,-0.03401106595993042,-0.0969381332397461,0.004747241735458374,-0.2579296827316284,0.04242202639579773,-0.09094896912574768,0.06304013729095459,-0.05288645625114441,0.1285446286201477,0.23358052968978882,0.21000531315803528,0.25264066457748413,0.5772019028663635,0.4833213686943054,0.011592477560043335,-0.2997347116470337,0.46810853481292725,0.3892028033733368,-0.10195522010326385,0.05271999537944794,0.0667559802532196,-0.008939087390899658,0.06189417839050293,-0.171922504901886,-0.08578965067863464,0.17403192818164825,0.11304862797260284,0.20159423351287842,-0.29237526655197144,0.011969581246376038,-0.48107096552848816,0.7425931692123413,0.3189816474914551,0.3822537660598755,-0.2381930649280548,0.3794199824333191,-0.04215496778488159,0.10170814394950867,0.09292463958263397,-0.030407249927520752,-0.4568786025047302,0.3313080072402954,0.3938411474227905,-0.24626567959785461,-0.09122836589813232,0.03248067572712898,0.1493520438671112,0.12241953611373901,-0.443423867225647,-0.21855664253234863,0.2683679163455963,-0.5189937353134155,-0.03756570816040039,-0.5746396780014038,0.11920565366744995,-0.2674484848976135,-0.6607021689414978,0.4678957164287567,0.16278892755508423,0.33853599429130554,-0.395425945520401,-0.05701359361410141,-0.30082422494888306,0.08911389112472534,0.5347630977630615,0.3509324789047241,0.5825072526931763,-0.2746957540512085,0.1544417440891266,0.21773231029510498,0.06022706627845764,-0.31617605686187744,-0.08067059516906738,-0.15822967886924744,-0.14381688833236694,-0.08418935537338257,-0.040617793798446655,-0.2763402760028839,-0.11524727940559387,-0.03020608425140381,-0.4092620015144348,-0.042517781257629395,-0.14052793383598328,0.10500714182853699,0.624762237071991,0.10027188062667847,-0.09033143520355225,-0.7522854208946228,0.16745638847351074
0.241126149892807,-0.3587794303894043,0.03833061456680298,-0.4061300754547119,-0.2926281988620758,-0.07392576336860657,-0.2537250518798828,0.38024836778640747,-0.28308534622192383,-0.09187856316566467,-0.1039692610502243,-0.03401106595993042,-0.0969381332397461,0.004747241735458374,-0.2579296827316284,0.04242202639579773,-0.09094896912574768,0.06304013729095459,-0.05288645625114441,0.1285446286201477,0.23358052968978882,0.21000531315803528,0.25264066457748413,0.5772019028663635,0.4833213686943054,0.011592477560043335,-0.2997347116470337,0.46810853481292725,0.3892028033733368,-0.10195522010326385,0.05271999537944794,0.0667559802532196,-0.008939087390899658,0.06189417839050293,-0.171922504901886,-0.08578965067863464,0.17403192818164825,0.11304862797260284,0.20159423351287842,-0.29237526655197144,0.011969581246376038,-0.48107096552848816,0.7425931692123413,0.3189816474914551,0.3822537660598755,-0.2381930649280548,0.3794199824333191,-0.04215496778488159,0.10170814394950867,0.09292463958263397,-0.030407249927520752,-0.4568786025047302,0.3313080072402954,0.3938411474227905,-0.24626567959785461,-0.09122836589813232,0.03248067572712898,0.1493520438671112,0.12241953611373901,-0.443423867225647,-0.21855664253234863,0.2683679163455963,-0.5189937353134155,-0.03756570816040039,-0.5746396780014038,0.11920565366744995,-0.2674484848976135,-0.6607021689414978,0.4678957164287567,0.16278892755508423,0.33853599429130554,-0.395425945520401,-0.05701359361410141,-0.30082422494888306,0.08911389112472534,0.5347630977630615,0.3509324789047241,0.5825072526931763,-0.2746957540512085,0.1544417440891266,0.21773231029510498,0.06022706627845764,-0.31617605686187744,-0.08067059516906738,-0.15822967886924744,-0.14381688833236694,-0.08418935537338257,-0.040617793798446655,-0.2763402760028839,-0.11524727940559387,-0.03020608425140381,-0.4092620015144348,-0.042517781257629395,-0.14052793383598328,0.10500714182853699,0.624762237071991,0.10027188062667847,-0.09033143520355225,-0.7522854208946228,0.16745638847351074
0.23844248056411743,-0.3576318919658661,0.004380464553833008,-0.4591561555862427,-0.3318955600261688,-0.0811467170715332,-0.25959131121635437,0.39105427265167236,-0.2629624903202057,-0.058029770851135254,-0.12230420112609863,-0.01752549409866333,-0.14832893013954163,0.031357914209365845,-0.24040043354034424,0.03771340847015381,-0.134052574634552,0.06020280718803406,-0.06206977367401123,0.11965510994195938,0.22609615325927734,0.2111353725194931,0.281974196434021,0.5641810894012451,0.5004682540893555,0.019196659326553345,-0.25509414076805115,0.45790207386016846,0.40839236974716187,-0.11473076045513153,0.07711587846279144,0.09010371565818787,0.003934979438781738,0.05169409513473511,-0.1650243103504181,-0.12378683686256409,0.1662440448999405,0.1039184182882309,0.18338251113891602,-0.25746384263038635,0.01674969494342804,-0.5046444535255432,0.7577743530273438,0.3423974812030792,0.37531712651252747,-0.2238154411315918,0.38080090284347534,-0.08552318811416626,0.1264079064130783,0.12588810920715332,-0.053480882197618484,-0.4579163193702698,0.321843683719635,0.4386323094367981,-0.24005627632141113,-0.07593050599098206,0.023215416818857193,0.12528690695762634,0.1224144846200943,-0.4847983121871948,-0.20569849014282227,0.25778383016586304,-0.5234993696212769,-0.06004452705383301,-0.6008239388465881,0.1259239912033081,-0.26775360107421875,-0.7065885663032532,0.49071770906448364,0.1714884638786316,0.35664471983909607,-0.3604452610015869,-0.08756653964519501,-0.3054247498512268,0.08841913938522339,0.5281086564064026,0.31748515367507935,0.6065859794616699,-0.30444657802581787,0.18242615461349487,0.24031198024749756,0.06611692905426025,-0.356003999710083,-0.08151274919509888,-0.1453946977853775,-0.18618905544281006,-0.10935479402542114,-0.0312836617231369,-0.2664262652397156,-0.0843956470489502,-0.026875287294387817,-0.42136049270629883,-0.030506491661071777,-0.1538127362728119,0.13320982456207275,0.6679134964942932,0.12161466479301453,-0.11836457252502441,-0.7920629978179932,0.18995141983032227
0.24303114414215088,-0.3520797789096832,0.004242002964019775,-0.4516758918762207,-0.3271813690662384,-0.0817752480506897,-0.2573482096195221,0.3908909559249878,-0.26352643966674805,-0.06005403399467468,-0.12159082293510437,-0.019797801971435547,-0.14805039763450623,0.03329348564147949,-0.23638451099395752,0.036159634590148926,-0.12821096181869507,0.057536184787750244,-0.060192495584487915,0.12033870071172714,0.22208678722381592,0.20842446386814117,0.27937251329421997,0.5600177049636841,0.4975452423095703,0.019530773162841797,-0.2540304958820343,0.45772624015808105,0.4059063196182251,-0.1100006252527237,0.07594422996044159,0.08721998333930969,-0.00013214349746704102,0.04855796694755554,-0.16916006803512573,-0.1190841794013977,0.1695052832365036,0.106798455119133,0.18029433488845825,-0.26125776767730713,0.017907172441482544,-0.506659984588623,0.7555505633354187,0.3387809991836548,0.37785816192626953,-0.22623541951179504,0.3809223473072052,-0.08144634962081909,0.12387540936470032,0.11807447671890259,-0.049952954053878784,-0.4616626501083374,0.3211280405521393,0.4354023337364197,-0.24067991971969604,-0.07472741603851318,0.028101731091737747,0.1270051896572113,0.11786186695098877,-0.485599160194397,-0.20483267307281494,0.2577536106109619,-0.5228894352912903,-0.058170437812805176,-0.5989043712615967,0.12527287006378174,-0.2684703469276428,-0.70584636926651,0.4871087074279785,0.1695278286933899,0.3541516661643982,-0.36531928181648254,-0.08520352840423584,-0.30842477083206177,0.08701330423355103,0.5316722393035889,0.3232288360595703,0.6031339168548584,-0.30361276865005493,0.17514127492904663,0.24699246883392334,0.06572535634040833,-0.35698962211608887,-0.07781809568405151,-0.14002923667430878,-0.17923983931541443,-0.10132652521133423,-0.03349389135837555,-0.263650119304657,-0.08753204345703125,-0.026958107948303223,-0.41762682795524597,-0.028591126203536987,-0.15356945991516113,0.13269922137260437,0.6646541953086853,0.11721715331077576,-0.11950963735580444,-0.7874023914337158,0.19072413444519043
0.2337471842765808,-0.3556857407093048,0.022946834564208984,-0.43214210867881775,-0.3159054219722748,-0.07290142774581909,-0.2595667243003845,0.38810041546821594,-0.27102744579315186,-0.07592540979385376,-0.1090136468410492,-0.027109503746032715,-0.12559905648231506,0.014071017503738403,-0.2539161443710327,0.04401606321334839,-0.10695604979991913,0.05463111400604248,-0.05837938189506531,0.10969278961420059,0.23244845867156982,0.215485617518425,0.2664341330528259,0.5689910650253296,0.48724988102912903,0.0046472251415252686,-0.2657274007797241,0.4711031913757324,0.40123820304870605,-0.11130453646183014,0.07421068847179413,0.07490453124046326,0.0015721917152404785,0.047756344079971313,-0.16569101810455322,-0.10549986362457275,0.16037331521511078,0.09907901287078857,0.1916397213935852,-0.2724030613899231,0.020663738250732422,-0.5023270845413208,0.759251058101654,0.3349485993385315,0.3735516667366028,-0.23454071581363678,0.37589573860168457,-0.0647650957107544,0.11440256237983704,0.1142011284828186,-0.04504433274269104,-0.45732641220092773,0.32476121187210083,0.41684237122535706,-0.2559601068496704,-0.07904145121574402,0.034780103713274,0.14316105842590332,0.12391434609889984,-0.4618062973022461,-0.2006990909576416,0.256503164768219,-0.5189456939697266,-0.0453876256942749,-0.5851035118103027,0.124880850315094,-0.2684239447116852,-0.6876465678215027,0.4738495349884033,0.1642550826072693,0.346571147441864,-0.37786245346069336,-0.06889516860246658,-0.3017677664756775,0.08153009414672852,0.5234489440917969,0.33345383405685425,0.5977684855461121,-0.30002397298812866,0.1780615746974945,0.23319125175476074,0.07219526171684265,-0.3227565288543701,-0.08755850791931152,-0.15257035195827484,-0.17546844482421875,-0.09806010127067566,-0.04139329493045807,-0.2625296115875244,-0.10190719366073608,-0.025157272815704346,-0.4070095419883728,-0.03223109245300293,-0.15319427847862244,0.12783220410346985,0.6460383534431458,0.10852402448654175,-0.1092185378074646,-0.7606796026229858,0.1718602180480957
0.23954996466636658,-0.33411526679992676,-0.0033401846885681152,-0.43864986300468445,-0.3262993395328522,-0.07235080003738403,-0.2536098062992096,0.39667707681655884,-0.2546117901802063,-0.06134113669395447,-0.11085650324821472,-0.02056187391281128,-0.15564753115177155,0.039730846881866455,-0.22913098335266113,0.03649890422821045,-0.1131281703710556,0.03718295693397522,-0.06466123461723328,0.10545577853918076,0.21316885948181152,0.20361272990703583,0.281089186668396,0.5325027704238892,0.479697585105896,0.003177046775817871,-0.22647565603256226,0.45608681440353394,0.40304914116859436,-0.10603271424770355,0.08559809625148773,0.08732011914253235,0.001002967357635498,0.025030434131622314,-0.16726425290107727,-0.12046435475349426,0.15810969471931458,0.09988608956336975,0.16786545515060425,-0.25463396310806274,0.030752018094062805,-0.5246980786323547,0.7589736580848694,0.33483946323394775,0.3662627339363098,-0.22773903608322144,0.3704090714454651,-0.08381772041320801,0.12050238251686096,0.11780422925949097,-0.05218364670872688,-0.46090197563171387,0.31573978066444397,0.4361445903778076,-0.25227972865104675,-0.05979341268539429,0.04031868651509285,0.1339518427848816,0.10452447831630707,-0.4772595167160034,-0.1867276430130005,0.23838189244270325,-0.5079915523529053,-0.04828810691833496,-0.5853043794631958,0.12899863719940186,-0.2707595229148865,-0.7089185118675232,0.4645271301269531,0.16086745262145996,0.345915287733078,-0.36144062876701355,-0.07729152590036392,-0.3098413348197937,0.06949687004089355,0.5140182971954346,0.3236701488494873,0.5936316847801208,-0.31484201550483704,0.17738430202007294,0.2680809497833252,0.08329552412033081,-0.3441441059112549,-0.0770496129989624,-0.12736225128173828,-0.18572305142879486,-0.09685176610946655,-0.04496161639690399,-0.2386370152235031,-0.08366388082504272,-0.018697679042816162,-0.3980370759963989,-0.019804924726486206,-0.16277864575386047,0.14384883642196655,0.6575051546096802,0.10209375619888306,-0.13394951820373535,-0.7637516260147095,0.18149995803833008
0.25240880250930786,-0.3481093943119049,0.009088635444641113,-0.4342837929725647,-0.311836302280426,-0.09021356701850891,-0.24551525712013245,0.3858495354652405,-0.27151766419410706,-0.06982603669166565,-0.12184406816959381,-0.025970935821533203,-0.13401013612747192,0.026818543672561646,-0.2268691062927246,0.024790942668914795,-0.12346963584423065,0.06010618805885315,-0.05568578839302063,0.13389071822166443,0.2179011106491089,0.19780130684375763,0.2728884816169739,0.5596674084663391,0.49476251006126404,0.0271742045879364,-0.2678464353084564,0.45138120651245117,0.40227195620536804,-0.09359477460384369,0.06123863533139229,0.08434680104255676,-0.007860898971557617,0.05461052060127258,-0.17610758543014526,-0.1075570285320282,0.17925672233104706,0.12216989696025848,0.17391157150268555,-0.27353766560554504,0.009040966629981995,-0.4929962158203125,0.747158944606781,0.3250909447669983,0.3862053155899048,-0.22580091655254364,0.3864858150482178,-0.06488943099975586,0.11430084705352783,0.10192336142063141,-0.030694931745529175,-0.46153390407562256,0.31739071011543274,0.424443781375885,-0.2313593626022339,-0.08417484164237976,0.026157382875680923,0.12924900650978088,0.10585695505142212,-0.48535454273223877,-0.21529948711395264,0.25713351368904114,-0.5211119055747986,-0.05629420280456543,-0.595878005027771,0.12077420949935913,-0.26844850182533264,-0.6964596509933472,0.48745274543762207,0.16946256160736084,0.3481641709804535,-0.37283676862716675,-0.07918092608451843,-0.31331461668014526,0.09629863500595093,0.5425702333450317,0.3325743079185486,0.5947330594062805,-0.28655576705932617,0.14860808849334717,0.2491450309753418,0.0564885139465332,-0.3642193078994751,-0.07137829065322876,-0.13035869598388672,-0.1499047428369522,-0.08604741096496582,-0.03316196799278259,-0.27028393745422363,-0.0980188250541687,-0.028735607862472534,-0.41400575637817383,-0.029958337545394897,-0.14959877729415894,0.1179160475730896,0.6468212604522705,0.11480143666267395,-0.1048315167427063,-0.7803434729576111,0.19359445571899414
0.2302975058555603,-0.35331690311431885,0.0014639496803283691,-0.4604989290237427,-0.3352262079715729,-0.076357901096344,-0.26498597860336304,0.39157378673553467,-0.2527686059474945,-0.05396881699562073,-0.12309202551841736,-0.012635886669158936,-0.1499270498752594,0.037132829427719116,-0.24459898471832275,0.04155170917510986,-0.13437190651893616,0.05826061964035034,-0.06483060121536255,0.1107698455452919,0.22319504618644714,0.21365651488304138,0.28052574396133423,0.5532070994377136,0.49806755781173706,0.017302393913269043,-0.2502274513244629,0.4527035355567932,0.40272149443626404,-0.12239928543567657,0.08218275010585785,0.09145024418830872,0.00979161262512207,0.048349857330322266,-0.15892115235328674,-0.129155695438385,0.16052407026290894,0.09389440715312958,0.18673497438430786,-0.24788175523281097,0.02602207660675049,-0.5044841766357422,0.7487397193908691,0.3470802307128906,0.3645095229148865,-0.2209048867225647,0.3725745379924774,-0.09230226278305054,0.130473792552948,0.13126018643379211,-0.06555673480033875,-0.450466513633728,0.318835586309433,0.4373661279678345,-0.2413158118724823,-0.07083103060722351,0.021654445677995682,0.12168463319540024,0.13140326738357544,-0.4779113531112671,-0.2003849744796753,0.2576673626899719,-0.519280195236206,-0.062203407287597656,-0.5929903984069824,0.12717097997665405,-0.26219773292541504,-0.6993008255958557,0.48149120807647705,0.1666153073310852,0.35137468576431274,-0.3539537787437439,-0.09018003940582275,-0.29798072576522827,0.08189994096755981,0.5164289474487305,0.3082951307296753,0.6019679307937622,-0.308052659034729,0.1913069784641266,0.2360095977783203,0.06963759660720825,-0.3469783067703247,-0.08241426944732666,-0.1510898917913437,-0.20025068521499634,-0.11456838250160217,-0.029898136854171753,-0.25956928730010986,-0.0763692557811737,-0.025729060173034668,-0.4154263138771057,-0.02913886308670044,-0.150238037109375,0.13629844784736633,0.6711576581001282,0.11907175183296204,-0.12454545497894287,-0.7857410907745361,0.18443059921264648
0.22547045350074768,-0.3580934703350067,0.018083691596984863,-0.4504660964012146,-0.32492607831954956,-0.08062398433685303,-0.26150763034820557,0.38341453671455383,-0.26266008615493774,-0.0659378170967102,-0.12096533179283142,-0.01985299587249756,-0.12944281101226807,0.018222719430923462,-0.25002455711364746,0.03899407386779785,-0.13032284379005432,0.06673726439476013,-0.058612972497940063,0.11169300228357315,0.22860178351402283,0.21466422080993652,0.2671830654144287,0.5684411525726318,0.4982188045978546,0.01904839277267456,-0.2680349051952362,0.45792365074157715,0.3992374539375305,-0.11844642460346222,0.07576249539852142,0.07939472794532776,0.009875476360321045,0.06183058023452759,-0.15907028317451477,-0.11985808610916138,0.1603243201971054,0.09516191482543945,0.19194835424423218,-0.2568030059337616,0.01754707098007202,-0.4844387471675873,0.743257999420166,0.34126198291778564,0.36720186471939087,-0.22180157899856567,0.3767348527908325,-0.0758708119392395,0.1254359632730484,0.12450572848320007,-0.0543714202940464,-0.4433251619338989,0.3156619369983673,0.42376643419265747,-0.24013447761535645,-0.0858609676361084,0.021194104105234146,0.12650537490844727,0.13587670028209686,-0.4715738296508789,-0.2056816816329956,0.25998517870903015,-0.5207985639572144,-0.06263625621795654,-0.5895571708679199,0.12105649709701538,-0.25758814811706543,-0.6860262155532837,0.4879857897758484,0.1671619415283203,0.34743356704711914,-0.3577800691127777,-0.0814739242196083,-0.2962750792503357,0.09248417615890503,0.5194999575614929,0.31111979484558105,0.6000537872314453,-0.29514601826667786,0.18239319324493408,0.21889793872833252,0.06163746118545532,-0.3363981246948242,-0.08714079856872559,-0.1558268666267395,-0.1881793588399887,-0.10774341225624084,-0.02798844873905182,-0.27212613821029663,-0.09243038296699524,-0.028478354215621948,-0.4128802418708801,-0.033591046929359436,-0.14351880550384521,0.12632063031196594,0.6545678377151489,0.12482112646102905,-0.10139018297195435,-0.7722951173782349,0.18089699745178223
0.24152514338493347,-0.3588523268699646,0.038811326026916504,-0.40478554368019104,-0.29229971766471863,-0.07440999150276184,-0.2532491385936737,0.38005608320236206,-0.2839753031730652,-0.09247395396232605,-0.10384052991867065,-0.03495281934738159,-0.09798678755760193,0.002238661050796509,-0.2577916383743286,0.04276737570762634,-0.09044747054576874,0.06201577186584473,-0.05208352208137512,0.12674623727798462,0.23494815826416016,0.211078941822052,0.25249165296554565,0.578369677066803,0.48187440633773804,0.009899049997329712,-0.2974421977996826,0.4701976776123047,0.3902488052845001,-0.10093237459659576,0.05311034619808197,0.06620219349861145,-0.008932173252105713,0.060454607009887695,-0.1727130115032196,-0.08411914110183716,0.1729165017604828,0.11364050209522247,0.20057064294815063,-0.2935461699962616,0.010908916592597961,-0.4826599657535553,0.7455968856811523,0.3192840814590454,0.38370251655578613,-0.23986351490020752,0.37975749373435974,-0.04065597057342529,0.10041627287864685,0.09223508834838867,-0.02759028971195221,-0.4589945673942566,0.3313972055912018,0.3933042287826538,-0.24861431121826172,-0.09115225076675415,0.03393055871129036,0.15140753984451294,0.1213148832321167,-0.4438002109527588,-0.2167654037475586,0.26705262064933777,-0.5182609558105469,-0.0364152193069458,-0.5749304890632629,0.11924540996551514,-0.26856523752212524,-0.6620218753814697,0.46697720885276794,0.16232633590698242,0.33894240856170654,-0.3972656726837158,-0.05610828101634979,-0.30088722705841064,0.0891309380531311,0.5350726842880249,0.35235798358917236,0.5834556221961975,-0.27631595730781555,0.15424883365631104,0.21963179111480713,0.06057804822921753,-0.31416594982147217,-0.08199429512023926,-0.15711407363414764,-0.14154532551765442,-0.08309447765350342,-0.04234917461872101,-0.27478769421577454,-0.11723151803016663,-0.029723674058914185,-0.407934308052063,-0.040885359048843384,-0.14327159523963928,0.1063866913318634,0.6231657266616821,0.1001313328742981,-0.09100073575973511,-0.7499189376831055,0.1664257049560547
0.24390354752540588,-0.3268626034259796,-0.0071939826011657715,-0.43774986267089844,-0.325776070356369,-0.08333051204681396,-0.24315720796585083,0.38800716400146484,-0.25467535853385925,-0.052789509296417236,-0.11891740560531616,-0.023385703563690186,-0.16997846961021423,0.03312399983406067,-0.21188437938690186,0.027977466583251953,-0.12269330024719238,0.03599157929420471,-0.05835616588592529,0.09828995913267136,0.20997273921966553,0.2020256668329239,0.283300518989563,0.5288530588150024,0.47242048382759094,0.004072666168212891,-0.20400786399841309,0.45371782779693604,0.40960004925727844,-0.09357784688472748,0.08816145360469818,0.08745396137237549,-0.0026029348373413086,0.021104633808135986,-0.17237886786460876,-0.11675047874450684,0.15383341908454895,0.1073170155286789,0.1502833366394043,-0.25388747453689575,0.021149396896362305,-0.5242714881896973,0.7611862421035767,0.3301166296005249,0.3695378601551056,-0.22860462963581085,0.36807355284690857,-0.08525705337524414,0.11459819972515106,0.11176523566246033,-0.036137789487838745,-0.4635765552520752,0.3052048087120056,0.4346294701099396,-0.25387513637542725,-0.05519837141036987,0.04457472637295723,0.13199198246002197,0.09409235417842865,-0.4924147129058838,-0.17682945728302002,0.2281811535358429,-0.5014954209327698,-0.05211901664733887,-0.5909781455993652,0.1260581612586975,-0.27266693115234375,-0.71735018491745,0.46532952785491943,0.16146445274353027,0.3465181589126587,-0.3555927872657776,-0.08437034487724304,-0.3091123700141907,0.07205158472061157,0.5142210721969604,0.3200904130935669,0.5968211889266968,-0.32017025351524353,0.17128467559814453,0.28069067001342773,0.079903244972229,-0.3508920669555664,-0.08001607656478882,-0.10917669534683228,-0.17242905497550964,-0.0925932228565216,-0.04538413882255554,-0.23356810212135315,-0.08852553367614746,-0.018954604864120483,-0.3898363709449768,-0.006363660097122192,-0.17527201771736145,0.15222609043121338,0.6458876132965088,0.10969656705856323,-0.13579905033111572,-0.7537610530853271,0.18374085426330566
0.24054357409477234,-0.34613507986068726,0.012238860130310059,-0.4319272041320801,-0.3166450262069702,-0.08311569690704346,-0.24953335523605347,0.3831881880760193,-0.2683420181274414,-0.06724220514297485,-0.11700505018234253,-0.026407897472381592,-0.1435510516166687,0.016498476266860962,-0.23541414737701416,0.03580212593078613,-0.11942490935325623,0.05189669132232666,-0.055074840784072876,0.11052233725786209,0.2247171700000763,0.20936530828475952,0.271079957485199,0.5600892305374146,0.48221397399902344,0.01005011796951294,-0.246038019657135,0.46319323778152466,0.40605977177619934,-0.10174871981143951,0.07439355552196503,0.08067035675048828,-0.002511918544769287,0.04412737488746643,-0.17240801453590393,-0.10689854621887207,0.16213764250278473,0.10895884037017822,0.173761248588562,-0.26674723625183105,0.01144091784954071,-0.5035829544067383,0.7583473920822144,0.33005666732788086,0.3791726231575012,-0.23114588856697083,0.37786197662353516,-0.06942260265350342,0.11203280091285706,0.10916292667388916,-0.030866995453834534,-0.4632211923599243,0.31694766879081726,0.420716255903244,-0.24971002340316772,-0.07585015892982483,0.03657742217183113,0.13591647148132324,0.1091318130493164,-0.4783109426498413,-0.19648265838623047,0.24719402194023132,-0.5119155049324036,-0.04998517036437988,-0.590591311454773,0.12071585655212402,-0.2707847058773041,-0.6990488171577454,0.4771469235420227,0.16717272996902466,0.3477328419685364,-0.3701869249343872,-0.0742454081773758,-0.30371415615081787,0.08632504940032959,0.5265043377876282,0.32890814542770386,0.5977240800857544,-0.30288824439048767,0.16742107272148132,0.24917924404144287,0.06674307584762573,-0.3396190404891968,-0.08488672971725464,-0.1317773163318634,-0.16141672432422638,-0.09203380346298218,-0.04231911897659302,-0.25748276710510254,-0.09986293315887451,-0.02500709891319275,-0.4045882821083069,-0.02229246497154236,-0.16250458359718323,0.1330205798149109,0.6421711444854736,0.11386466026306152,-0.11301285028457642,-0.7596012353897095,0.18144607543945312
0.23053517937660217,-0.3572421669960022,0.0024966001510620117,-0.4661829471588135,-0.33932724595069885,-0.0750088095664978,-0.266402006149292,0.39493685960769653,-0.25655508041381836,-0.05516621470451355,-0.1207452267408371,-0.01442652940750122,-0.152665376663208,0.03476551175117493,-0.24762046337127686,0.044318318367004395,-0.13422662019729614,0.05740204453468323,-0.06465288996696472,0.10902521759271622,0.2270800769329071,0.21618050336837769,0.2814750075340271,0.5607300400733948,0.501206636428833,0.013969272375106812,-0.24781063199043274,0.4611207842826843,0.40771549940109253,-0.12460266053676605,0.08644704520702362,0.08918741345405579,0.009886026382446289,0.0475897490978241,-0.15996789932250977,-0.13051199913024902,0.15900389850139618,0.09160766005516052,0.1873529553413391,-0.24862879514694214,0.025268569588661194,-0.5110346078872681,0.7600859999656677,0.35080114006996155,0.3673449754714966,-0.22371889650821686,0.37710773944854736,-0.09284836053848267,0.13325203955173492,0.1347610354423523,-0.06617240607738495,-0.4553624391555786,0.32139134407043457,0.4433584213256836,-0.2461661994457245,-0.07190564274787903,0.025540757924318314,0.12452102452516556,0.13050390779972076,-0.48197031021118164,-0.1979506015777588,0.2567135691642761,-0.5237175226211548,-0.06115555763244629,-0.5983812808990479,0.12773656845092773,-0.264326274394989,-0.7092952728271484,0.4884396195411682,0.16935956478118896,0.3566000759601593,-0.3553451895713806,-0.08826227486133575,-0.30223989486694336,0.08302110433578491,0.5194008946418762,0.3103499412536621,0.6089466214179993,-0.31359803676605225,0.196719229221344,0.23866033554077148,0.07235842943191528,-0.3479374647140503,-0.08497077226638794,-0.15171541273593903,-0.20498041808605194,-0.11542361974716187,-0.0320480614900589,-0.26075416803359985,-0.07913216948509216,-0.02507150173187256,-0.41905635595321655,-0.03021252155303955,-0.15334182977676392,0.14040762186050415,0.676612377166748,0.12138831615447998,-0.12461268901824951,-0.7901049852371216,0.18685054779052734
0.2299410104751587,-0.36128562688827515,0.013822078704833984,-0.4536477327346802,-0.32753580808639526,-0.07770228385925293,-0.26495885848999023,0.38727226853370667,-0.26269209384918213,-0.06306812167167664,-0.12090221047401428,-0.017276287078857422,-0.13481846451759338,0.025046080350875854,-0.25301361083984375,0.04317477345466614,-0.12951238453388214,0.06587949395179749,-0.06038367748260498,0.11594053357839584,0.2305789589881897,0.2163311392068863,0.2718958854675293,0.5687708854675293,0.5004972219467163,0.019408971071243286,-0.26935091614723206,0.4589288830757141,0.4006710648536682,-0.12144197523593903,0.07494311034679413,0.08422455191612244,0.007657766342163086,0.059132665395736694,-0.16056689620018005,-0.119925856590271,0.16360406577587128,0.09648825228214264,0.19511759281158447,-0.25789910554885864,0.019928783178329468,-0.49322280287742615,0.748149573802948,0.34401631355285645,0.37020763754844666,-0.22420942783355713,0.37755510210990906,-0.08004319667816162,0.1260296255350113,0.1258661448955536,-0.05844840779900551,-0.4504685401916504,0.3227978050708771,0.427066445350647,-0.24118810892105103,-0.08116772770881653,0.020804885774850845,0.12675020098686218,0.13563334941864014,-0.47130870819091797,-0.20833730697631836,0.26491209864616394,-0.5238060355186462,-0.05949056148529053,-0.5919597744941711,0.12388622760772705,-0.2615750730037689,-0.6896833777427673,0.48645108938217163,0.16842997074127197,0.3509698510169983,-0.36287248134613037,-0.08345772325992584,-0.2973288893699646,0.08920961618423462,0.5233362913131714,0.3156915307044983,0.6016711592674255,-0.2985113561153412,0.18592722713947296,0.22262120246887207,0.06347757577896118,-0.3402385711669922,-0.08467775583267212,-0.1589410901069641,-0.18977400660514832,-0.11094683408737183,-0.029365599155426025,-0.27115118503570557,-0.08739504218101501,-0.028949856758117676,-0.41922834515571594,-0.035454362630844116,-0.14543187618255615,0.12714919447898865,0.6632050275802612,0.12057682871818542,-0.11092406511306763,-0.7824352383613586,0.1822192668914795
0.20948180556297302,-0.34995222091674805,0.008614778518676758,-0.45640829205513,-0.33675166964530945,-0.0635870099067688,-0.27130022644996643,0.3893008232116699,-0.2448800802230835,-0.05754920840263367,-0.11215163767337799,-0.012195110321044922,-0.14293840527534485,0.030162513256072998,-0.2587534189224243,0.05174407362937927,-0.1252872794866562,0.05177628993988037,-0.0671314001083374,0.08931241184473038,0.22631806135177612,0.22041092813014984,0.2710930109024048,0.5463969707489014,0.48683762550354004,0.002711266279220581,-0.24093720316886902,0.4579809904098511,0.39601632952690125,-0.1361439973115921,0.09343932569026947,0.08359119296073914,0.018954098224639893,0.04355284571647644,-0.14774641394615173,-0.13324779272079468,0.14283885061740875,0.07217705249786377,0.19369053840637207,-0.23597723245620728,0.0363636314868927,-0.502220869064331,0.7439968585968018,0.35126176476478577,0.3461565673351288,-0.22007054090499878,0.36027079820632935,-0.09396916627883911,0.13492582738399506,0.14262542128562927,-0.07869353890419006,-0.43707603216171265,0.31322020292282104,0.43020346760749817,-0.25298118591308594,-0.06824374198913574,0.027170781046152115,0.12504786252975464,0.14156322181224823,-0.45784902572631836,-0.18544232845306396,0.24932807683944702,-0.509912371635437,-0.05790400505065918,-0.5769075751304626,0.126448392868042,-0.2547018527984619,-0.6868603825569153,0.46942612528800964,0.16078972816467285,0.34377485513687134,-0.3442929983139038,-0.08189133554697037,-0.28640633821487427,0.0730205774307251,0.49191734194755554,0.29741472005844116,0.5952614545822144,-0.3138973116874695,0.20973879098892212,0.22172045707702637,0.08080017566680908,-0.317376971244812,-0.09213900566101074,-0.16214115917682648,-0.22162814438343048,-0.12093913555145264,-0.03403398394584656,-0.24873460829257965,-0.07559946179389954,-0.022183865308761597,-0.4028259515762329,-0.03029683232307434,-0.14772039651870728,0.14186877012252808,0.6638613939285278,0.11564844846725464,-0.12333720922470093,-0.760186493396759,0.16962814331054688
0.241126149892807,-0.3587794303894043,0.03833061456680298,-0.4061300754547119,-0.2926281988620758,-0.07392576336860657,-0.2537250518798828,0.38024836778640747,-0.28308534622192383,-0.09187856316566467,-0.1039692610502243,-0.03401106595993042,-0.0969381332397461,0.004747241735458374,-0.2579296827316284,0.04242202639579773,-0.09094896912574768,0.06304013729095459,-0.05288645625114441,0.1285446286201477,0.23358052968978882,0.21000531315803528,0.25264066457748413,0.5772019028663635,0.4833213686943054,0.011592477560043335,-0.2997347116470337,0.46810853481292725,0.3892028033733368,-0.10195522010326385,0.05271999537944794,0.0667559802532196,-0.008939087390899658,0.06189417839050293,-0.171922504901886,-0.08578965067863464,0.17403192818164825,0.11304862797260284,0.20159423351287842,-0.29237526655197144,0.011969581246376038,-0.48107096552848816,0.7425931692123413,0.3189816474914551,0.3822537660598755,-0.2381930649280548,0.3794199824333191,-0.04215496778488159,0.10170814394950867,0.09292463958263397,-0.030407249927520752,-0.4568786025047302,0.3313080072402954,0.3938411474227905,-0.24626567959785461,-0.09122836589813232,0.03248067572712898,0.1493520438671112,0.12241953611373901,-0.443423867225647,-0.21855664253234863,0.2683679163455963,-0.5189937353134155,-0.03756570816040039,-0.5746396780014038,0.11920565366744995,-0.2674484848976135,-0.6607021689414978,0.4678957164287567,0.16278892755508423,0.33853599429130554,-0.395425945520401,-0.05701359361410141,-0.30082422494888306,0.08911389112472534,0.5347630977630615,0.3509324789047241,0.5825072526931763,-0.2746957540512085,0.1544417440891266,0.21773231029510498,0.06022706627845764,-0.31617605686187744,-0.08067059516906738,-0.15822967886924744,-0.14381688833236694,-0.08418935537338257,-0.040617793798446655,-0.2763402760028839,-0.11524727940559387,-0.03020608425140381,-0.4092620015144348,-0.042517781257629395,-0.14052793383598328,0.10500714182853699,0.624762237071991,0.10027188062667847,-0.09033143520355225,-0.7522854208946228,0.16745638847351074
0.241126149892807,-0.3587794303894043,0.03833061456680298,-0.4061300754547119,-0.2926281988620758,-0.07392576336860657,-0.2537250518798828,0.38024836778640747,-0.28308534622192383,-0.09187856316566467,-0.1039692610502243,-0.03401106595993042,-0.0969381332397461,0.004747241735458374,-0.2579296827316284,0.04242202639579773,-0.09094896912574768,0.06304013729095459,-0.05288645625114441,0.1285446286201477,0.23358052968978882,0.21000531315803528,0.25264066457748413,0.5772019028663635,0.4833213686943054,0.011592477560043335,-0.2997347116470337,0.46810853481292725,0.3892028033733368,-0.10195522010326385,0.05271999537944794,0.0667559802532196,-0.008939087390899658,0.06189417839050293,-0.171922504901886,-0.08578965067863464,0.17403192818164825,0.11304862797260284,0.20159423351287842,-0.29237526655197144,0.011969581246376038,-0.48107096552848816,0.7425931692123413,0.3189816474914551,0.3822537660598755,-0.2381930649280548,0.3794199824333191,-0.04215496778488159,0.10170814394950867,0.09292463958263397,-0.030407249927520752,-0.4568786025047302,0.3313080072402954,0.3938411474227905,-0.24626567959785461,-0.09122836589813232,0.03248067572712898,0.1493520438671112,0.12241953611373901,-0.443423867225647,-0.21855664253234863,0.2683679163455963,-0.5189937353134155,-0.03756570816040039,-0.5746396780014038,0.11920565366744995,-0.2674484848976135,-0.6607021689414978,0.4678957164287567,0.16278892755508423,0.33853599429130554,-0.395425945520401,-0.05701359361410141,-0.30082422494888306,0.08911389112472534,0.5347630977630615,0.3509324789047241,0.5825072526931763,-0.2746957540512085,0.1544417440891266,0.21773231029510498,0.06022706627845764,-0.31617605686187744,-0.08067059516906738,-0.15822967886924744,-0.14381688833236694,-0.08418935537338257,-0.040617793798446655,-0.2763402760028839,-0.11524727940559387,-0.03020608425140381,-0.4092620015144348,-0.042517781257629395,-0.14052793383598328,0.10500714182853699,0.624762237071991,0.10027188062667847,-0.09033143520355225,-0.7522854208946228,0.16745638847351074
0.24588492512702942,-0.33864566683769226,0.0049509406089782715,-0.4327646791934967,-0.3165207803249359,-0.08676818013191223,-0.2447047233581543,0.3841056227684021,-0.2637230455875397,-0.0633699893951416,-0.11980615556240082,-0.025767266750335693,-0.14821958541870117,0.025384724140167236,-0.22336351871490479,0.027830928564071655,-0.12260821461677551,0.04892486333847046,-0.05678445100784302,0.11442282050848007,0.2161484956741333,0.201816588640213,0.27540796995162964,0.5476362705230713,0.48102760314941406,0.013915657997131348,-0.23833149671554565,0.4542389512062073,0.4056507349014282,-0.09452120959758759,0.0737750381231308,0.08471602201461792,-0.0047446489334106445,0.040039628744125366,-0.17328116297721863,-0.11019670963287354,0.164889857172966,0.1136535257101059,0.16439825296401978,-0.2646680474281311,0.01265348494052887,-0.5046302080154419,0.7528547048568726,0.3263344168663025,0.37737151980400085,-0.2270597666501999,0.3764353096485138,-0.07312256097793579,0.11334063112735748,0.10709317028522491,-0.030732840299606323,-0.4612470269203186,0.3110664188861847,0.42514148354530334,-0.24364376068115234,-0.07200312614440918,0.035088930279016495,0.13116732239723206,0.101932093501091,-0.4844764471054077,-0.1954357624053955,0.2427612841129303,-0.5095735788345337,-0.05336594581604004,-0.5916457772254944,0.12167984247207642,-0.2698730528354645,-0.7021949291229248,0.47540584206581116,0.16570478677749634,0.3461856544017792,-0.36495348811149597,-0.07959473133087158,-0.30747896432876587,0.08521288633346558,0.5267307758331299,0.32608306407928467,0.5946910977363586,-0.30216604471206665,0.16020292043685913,0.25898659229278564,0.06711351871490479,-0.35131585597991943,-0.07873845100402832,-0.12152525782585144,-0.15859578549861908,-0.08937013149261475,-0.04024958610534668,-0.25281915068626404,-0.09512919187545776,-0.02401942014694214,-0.40064480900764465,-0.018654286861419678,-0.16242492198944092,0.13299864530563354,0.6417351365089417,0.11331743001937866,-0.11625552177429199,-0.7624396085739136,0.18475675582885742
0.22797396779060364,-0.34632545709609985,-0.007805168628692627,-0.47040653228759766,-0.34308865666389465,-0.08216851949691772,-0.2611062526702881,0.38955941796302795,-0.24568577110767365,-0.04435473680496216,-0.12876605987548828,-0.0098610520362854,-0.16532480716705322,0.04164186120033264,-0.23273026943206787,0.035909503698349,-0.14852352440357208,0.05622667074203491,-0.06507399678230286,0.10513768345117569,0.21695664525032043,0.2102992981672287,0.28504860401153564,0.544204592704773,0.4969693124294281,0.020283639430999756,-0.23033815622329712,0.44613510370254517,0.40686267614364624,-0.12179689109325409,0.0892816036939621,0.0956893265247345,0.01258993148803711,0.045599162578582764,-0.15812283754348755,-0.139054536819458,0.1565520316362381,0.09248612821102142,0.1745225191116333,-0.23511902987957,0.02408456802368164,-0.5051778554916382,0.7469642162322998,0.3491625487804413,0.3609722852706909,-0.21413882076740265,0.3715443015098572,-0.10239773988723755,0.1362272948026657,0.13731896877288818,-0.0652657151222229,-0.4478166103363037,0.3084677755832672,0.446298748254776,-0.23718571662902832,-0.06826174259185791,0.02088325098156929,0.11243394762277603,0.12605489790439606,-0.4916236400604248,-0.1929636001586914,0.24819424748420715,-0.5148214101791382,-0.07063639163970947,-0.5973584055900574,0.12490695714950562,-0.2597482204437256,-0.7105441689491272,0.4871008098125458,0.16873615980148315,0.35259318351745605,-0.33842796087265015,-0.09766286611557007,-0.29793697595596313,0.08440107107162476,0.511156439781189,0.2949272394180298,0.6047137975692749,-0.31456494331359863,0.19303643703460693,0.24405908584594727,0.06921237707138062,-0.3590596914291382,-0.08272659778594971,-0.13882951438426971,-0.2056315392255783,-0.11624020338058472,-0.02751147747039795,-0.2541998624801636,-0.07024753093719482,-0.024833351373672485,-0.4119391441345215,-0.02214983105659485,-0.1544928252696991,0.14426293969154358,0.6740446090698242,0.12746509909629822,-0.12774276733398438,-0.7859978675842285,0.19135737419128418
0.24154964089393616,-0.33555474877357483,0.008803844451904297,-0.4259350895881653,-0.31466445326805115,-0.0872633159160614,-0.24309033155441284,0.37895700335502625,-0.2639247179031372,-0.06294435262680054,-0.11880825459957123,-0.028707385063171387,-0.15046840906143188,0.015612304210662842,-0.22185420989990234,0.028501778841018677,-0.11933708190917969,0.04606592655181885,-0.053293317556381226,0.10111866146326065,0.2188495397567749,0.20546987652778625,0.2725127339363098,0.5469505190849304,0.47189006209373474,0.006998658180236816,-0.22700518369674683,0.4580281376838684,0.4068019390106201,-0.09195129573345184,0.0779263824224472,0.08015915751457214,-0.003317117691040039,0.03473120927810669,-0.1733188033103943,-0.10492897033691406,0.15655584633350372,0.11129309237003326,0.16093087196350098,-0.26512786746025085,0.012082487344741821,-0.5057224631309509,0.7556264996528625,0.3256498873233795,0.3750934600830078,-0.23095352947711945,0.37013620138168335,-0.06982213258743286,0.10737434029579163,0.10446445643901825,-0.02359318733215332,-0.4605928659439087,0.30702561140060425,0.4171801507472992,-0.25285619497299194,-0.06902357935905457,0.04029038920998573,0.1364074945449829,0.10167409479618073,-0.482680082321167,-0.18601346015930176,0.23640146851539612,-0.5030168890953064,-0.0510021448135376,-0.5878089666366577,0.12099450826644897,-0.2705985903739929,-0.6997373700141907,0.46714645624160767,0.1622256636619568,0.34261995553970337,-0.3652145266532898,-0.07752376794815063,-0.30248528718948364,0.08133941888809204,0.5197947025299072,0.326163113117218,0.5948733687400818,-0.30671000480651855,0.1624956727027893,0.26080334186553955,0.07017499208450317,-0.33801567554473877,-0.08528894186019897,-0.11846303939819336,-0.15557023882865906,-0.08785673975944519,-0.04405038058757782,-0.24646350741386414,-0.10104113817214966,-0.023449480533599854,-0.3907398283481598,-0.011059224605560303,-0.16989582777023315,0.13922777771949768,0.6303830146789551,0.11307817697525024,-0.11763983964920044,-0.7447092533111572,0.17755460739135742
0.24705752730369568,-0.3435332179069519,0.006325840950012207,-0.4314572513103485,-0.31627634167671204,-0.08093610405921936,-0.24998044967651367,0.38588911294937134,-0.26454439759254456,-0.06204614043235779,-0.11725255846977234,-0.02425670623779297,-0.14731009304523468,0.02764803171157837,-0.22983908653259277,0.034629225730895996,-0.11609509587287903,0.04986602067947388,-0.0569116473197937,0.11529790610074997,0.22052565217018127,0.20610857009887695,0.27652907371520996,0.5495661497116089,0.4810469448566437,0.012227922677993774,-0.24474361538887024,0.4562552571296692,0.4034869372844696,-0.09947799146175385,0.07175634801387787,0.08522030711174011,-0.006130814552307129,0.038913995027542114,-0.1735149323940277,-0.10611230134963989,0.16624604165554047,0.11301697790622711,0.17296850681304932,-0.26880592107772827,0.017033055424690247,-0.5100671648979187,0.7542213797569275,0.32898420095443726,0.377885103225708,-0.23243102431297302,0.37309783697128296,-0.07355070114135742,0.11076852679252625,0.1053449958562851,-0.036122068762779236,-0.46518445014953613,0.31956005096435547,0.4217071235179901,-0.24768346548080444,-0.0674186646938324,0.03473341837525368,0.13530847430229187,0.10764993727207184,-0.4771319627761841,-0.19765758514404297,0.250314861536026,-0.5120184421539307,-0.04824960231781006,-0.5897248983383179,0.12467485666275024,-0.272571861743927,-0.6977536678314209,0.46751654148101807,0.16381150484085083,0.3464275300502777,-0.37283191084861755,-0.07987304031848907,-0.3045733571052551,0.07926762104034424,0.5270575284957886,0.3320045471191406,0.5944054126739502,-0.30284956097602844,0.16637155413627625,0.25650572776794434,0.0691346824169159,-0.3447667360305786,-0.07810455560684204,-0.13091760873794556,-0.16072537004947662,-0.09327247738838196,-0.04084146022796631,-0.25338250398635864,-0.09311583638191223,-0.025656461715698242,-0.40446943044662476,-0.021003633737564087,-0.16176122426986694,0.13305974006652832,0.6446602940559387,0.10737931728363037,-0.12423700094223022,-0.7654469013214111,0.18011021614074707
0.24152514338493347,-0.3588523268699646,0.038811326026916504,-0.40478554368019104,-0.29229971766471863,-0.07440999150276184,-0.2532491385936737,0.38005608320236206,-0.2839753031730652,-0.09247395396232605,-0.10384052991867065,-0.03495281934738159,-0.09798678755760193,0.002238661050796509,-0.2577916383743286,0.04276737570762634,-0.09044747054576874,0.06201577186584473,-0.05208352208137512,0.12674623727798462,0.23494815826416016,0.211078941822052,0.25249165296554565,0.578369677066803,0.48187440633773804,0.009899049997329712,-0.2974421977996826,0.4701976776123047,0.3902488052845001,-0.10093237459659576,0.05311034619808197,0.06620219349861145,-0.008932173252105713,0.060454607009887695,-0.1727130115032196,-0.08411914110183716,0.1729165017604828,0.11364050209522247,0.20057064294815063,-0.2935461699962616,0.010908916592597961,-0.4826599657535553,0.7455968856811523,0.3192840814590454,0.38370251655578613,-0.23986351490020752,0.37975749373435974,-0.04065597057342529,0.10041627287864685,0.09223508834838867,-0.02759028971195221,-0.4589945673942566,0.3313972055912018,0.3933042287826538,-0.24861431121826172,-0.09115225076675415,0.03393055871129036,0.15140753984451294,0.1213148832321167,-0.4438002109527588,-0.2167654037475586,0.26705262064933777,-0.5182609558105469,-0.0364152193069458,-0.5749304890632629,0.11924540996551514,-0.26856523752212524,-0.6620218753814697,0.46697720885276794,0.16232633590698242,0.33894240856170654,-0.3972656726837158,-0.05610828101634979,-0.30088722705841064,0.0891309380531311,0.5350726842880249,0.35235798358917236,0.5834556221961975,-0.27631595730781555,0.15424883365631104,0.21963179111480713,0.06057804822921753,-0.31416594982147217,-0.08199429512023926,-0.15711407363414764,-0.14154532551765442,-0.08309447765350342,-0.04234917461872101,-0.27478769421577454,-0.11723151803016663,-0.029723674058914185,-0.407934308052063,-0.040885359048843384,-0.14327159523963928,0.1063866913318634,0.6231657266616821,0.1001313328742981,-0.09100073575973511,-0.7499189376831055,0.1664257049560547
0.22322997450828552,-0.3552578091621399,-0.0029047727584838867,-0.4714682400226593,-0.3423202335834503,-0.07320529222488403,-0.2689734101295471,0.39200466871261597,-0.24568620324134827,-0.048551976680755615,-0.12422426044940948,-0.007373988628387451,-0.15283489227294922,0.04327431321144104,-0.2467503547668457,0.04430690407752991,-0.14249512553215027,0.06092086434364319,-0.06767383217811584,0.10975227504968643,0.222109854221344,0.21371513605117798,0.2821628451347351,0.5490429401397705,0.5014651417732239,0.0204179584980011,-0.2484462559223175,0.4470219016075134,0.40042150020599365,-0.1320369988679886,0.08580420911312103,0.09471103549003601,0.01462411880493164,0.051898181438446045,-0.15261855721473694,-0.1391981840133667,0.15811358392238617,0.08681383728981018,0.1899448037147522,-0.23610831797122955,0.029262810945510864,-0.5006638169288635,0.741722822189331,0.352367103099823,0.35706037282943726,-0.2149401754140854,0.36965563893318176,-0.10197687149047852,0.13937942683696747,0.14128926396369934,-0.07800304889678955,-0.44300854206085205,0.3165885806083679,0.4430430829524994,-0.23554855585098267,-0.07043656706809998,0.016110870987176895,0.1137339398264885,0.13821008801460266,-0.47632646560668945,-0.2001398801803589,0.2586377263069153,-0.5188778638839722,-0.06761050224304199,-0.5920112729072571,0.12704885005950928,-0.2564946413040161,-0.6982569098472595,0.48403021693229675,0.16709458827972412,0.35203006863594055,-0.34213757514953613,-0.09518934786319733,-0.29373764991760254,0.08271944522857666,0.5090421438217163,0.295978307723999,0.6011931896209717,-0.3085191547870636,0.2009100317955017,0.22764217853546143,0.06984168291091919,-0.34982943534851074,-0.08159017562866211,-0.15700888633728027,-0.2145974487066269,-0.12355160713195801,-0.02487821877002716,-0.2600986361503601,-0.0669063925743103,-0.026542991399765015,-0.419567346572876,-0.032599076628685,-0.14466208219528198,0.1372484564781189,0.6788926124572754,0.12292352318763733,-0.12655746936798096,-0.7921904921531677,0.18683409690856934
0.22505241632461548,-0.3547874987125397,0.01139146089553833,-0.4507209062576294,-0.32798895239830017,-0.07301253080368042,-0.2638067603111267,0.3860214352607727,-0.256432443857193,-0.061059027910232544,-0.11722956597805023,-0.016638636589050293,-0.13792598247528076,0.02688804268836975,-0.24976623058319092,0.04447808861732483,-0.12677085399627686,0.05952933430671692,-0.062498658895492554,0.10811542719602585,0.22638952732086182,0.2146582156419754,0.2727273106575012,0.5578185319900513,0.4915066063404083,0.012823343276977539,-0.2557918131351471,0.45633774995803833,0.39863935112953186,-0.12296454608440399,0.07978592813014984,0.08424597978591919,0.008952081203460693,0.052315592765808105,-0.157303124666214,-0.12287700176239014,0.15747873485088348,0.0920746773481369,0.19116032123565674,-0.25140759348869324,0.022926241159439087,-0.49529585242271423,0.7444245219230652,0.3417912721633911,0.3624866008758545,-0.22251930832862854,0.36972692608833313,-0.08441907167434692,0.12718570232391357,0.1281050145626068,-0.061604488641023636,-0.4458245038986206,0.3185029625892639,0.4268900156021118,-0.24316388368606567,-0.07528427243232727,0.0242609865963459,0.12582305073738098,0.13333699107170105,-0.4658886194229126,-0.1993616819381714,0.25679460167884827,-0.5151211023330688,-0.05815422534942627,-0.5858103632926941,0.12422001361846924,-0.2600381374359131,-0.6877743601799011,0.4774443805217743,0.16512292623519897,0.34771889448165894,-0.3555906116962433,-0.0825674831867218,-0.2937409281730652,0.08286607265472412,0.511691153049469,0.310799241065979,0.5965451598167419,-0.3019561767578125,0.19050082564353943,0.22449088096618652,0.06928887963294983,-0.3333090543746948,-0.08570808172225952,-0.1553245484828949,-0.19486500322818756,-0.11243563890457153,-0.03162218630313873,-0.2614648938179016,-0.08355492353439331,-0.026323407888412476,-0.4122319519519806,-0.032250598073005676,-0.14714780449867249,0.13193964958190918,0.6580933332443237,0.11773991584777832,-0.11538982391357422,-0.7726626992225647,0.17778897285461426
0.241126149892807,-0.3587794303894043,0.03833061456680298,-0.4061300754547119,-0.2926281988620758,-0.07392576336860657,-0.2537250518798828,0.38024836778640747,-0.28308534622192383,-0.09187856316566467,-0.1039692610502243,-0.03401106595993042,-0.0969381332397461,0.004747241735458374,-0.2579296827316284,0.04242202639579773,-0.09094896912574768,0.06304013729095459,-0.05288645625114441,0.1285446286201477,0.23358052968978882,0.21000531315803528,0.25264066457748413,0.5772019028663635,0.4833213686943054,0.011592477560043335,-0.2997347116470337,0.46810853481292725,0.3892028033733368,-0.10195522010326385,0.05271999537944794,0.0667559802532196,-0.008939087390899658,0.06189417839050293,-0.171922504901886,-0.08578965067863464,0.17403192818164825,0.11304862797260284,0.20159423351287842,-0.29237526655197144,0.011969581246376038,-0.48107096552848816,0.7425931692123413,0.3189816474914551,0.3822537660598755,-0.2381930649280548,0.3794199824333191,-0.04215496778488159,0.10170814394950867,0.09292463958263397,-0.030407249927520752,-0.4568786025047302,0.3313080072402954,0.3938411474227905,-0.24626567959785461,-0.09122836589813232,0.03248067572712898,0.1493520438671112,0.12241953611373901,-0.443423867225647,-0.21855664253234863,0.2683679163455963,-0.5189937353134155,-0.03756570816040039,-0.5746396780014038,0.11920565366744995,-0.2674484848976135,-0.6607021689414978,0.4678957164287567,0.16278892755508423,0.33853599429130554,-0.395425945520401,-0.05701359361410141,-0.30082422494888306,0.08911389112472534,0.5347630977630615,0.3509324789047241,0.5825072526931763,-0.2746957540512085,0.1544417440891266,0.21773231029510498,0.06022706627845764,-0.31617605686187744,-0.08067059516906738,-0.15822967886924744,-0.14381688833236694,-0.08418935537338257,-0.040617793798446655,-0.2763402760028839,-0.11524727940559387,-0.03020608425140381,-0.4092620015144348,-0.042517781257629395,-0.14052793383598328,0.10500714182853699,0.624762237071991,0.10027188062667847,-0.09033143520355225,-0.7522854208946228,0.16745638847351074
0.2326239049434662,-0.334902822971344,-0.0016589760780334473,-0.4378155469894409,-0.32374581694602966,-0.07257190346717834,-0.25320103764533997,0.38811638951301575,-0.24947378039360046,-0.05771329998970032,-0.1137625128030777,-0.01763463020324707,-0.15219208598136902,0.03732648491859436,-0.23182976245880127,0.038870811462402344,-0.11993986368179321,0.04267698526382446,-0.0634024441242218,0.10453411191701889,0.21353352069854736,0.20435260236263275,0.2763577699661255,0.5304698944091797,0.47592201828956604,0.006893843412399292,-0.22865211963653564,0.44878578186035156,0.3977099359035492,-0.11105389893054962,0.08256463706493378,0.08832475543022156,0.002308189868927002,0.03311610221862793,-0.1628931760787964,-0.12132659554481506,0.15580323338508606,0.0970289409160614,0.1710454225540161,-0.2476111501455307,0.027299314737319946,-0.5102825164794922,0.7441828846931458,0.33339494466781616,0.3600251078605652,-0.22294817864894867,0.3644446134567261,-0.08658003807067871,0.12225574254989624,0.12024843692779541,-0.0538485087454319,-0.4522315263748169,0.31145691871643066,0.42847779393196106,-0.24554383754730225,-0.061603546142578125,0.03454094007611275,0.12660107016563416,0.11081337928771973,-0.4691058397293091,-0.1873098611831665,0.240546315908432,-0.5022296905517578,-0.051506876945495605,-0.5789002180099487,0.12455576658248901,-0.26398909091949463,-0.6953333020210266,0.4620855748653412,0.16082608699798584,0.34205812215805054,-0.3531254529953003,-0.08035629987716675,-0.2984756827354431,0.07344472408294678,0.5061368942260742,0.31355077028274536,0.5866619944572449,-0.3088534474372864,0.17988523840904236,0.25251519680023193,0.07737436890602112,-0.3393746614456177,-0.07841277122497559,-0.1322203129529953,-0.18471138179302216,-0.10149669647216797,-0.04039664566516876,-0.24066412448883057,-0.07950234413146973,-0.021330028772354126,-0.397810161113739,-0.02184690535068512,-0.1573566496372223,0.1388016641139984,0.6503461599349976,0.10601747035980225,-0.13003301620483398,-0.7581043243408203,0.1782979965209961
0.23664534091949463,-0.34556686878204346,0.008453309535980225,-0.44033536314964294,-0.32273152470588684,-0.08409804105758667,-0.2516326904296875,0.3838493824005127,-0.26321306824684143,-0.06304499506950378,-0.12025751173496246,-0.02382957935333252,-0.14776873588562012,0.018608182668685913,-0.23404133319854736,0.03466114401817322,-0.12614068388938904,0.052235156297683716,-0.056455790996551514,0.10542146116495132,0.22317826747894287,0.21007806062698364,0.273420512676239,0.5576049089431763,0.48574358224868774,0.011282384395599365,-0.23981603980064392,0.46109896898269653,0.4076806604862213,-0.10481582581996918,0.07989953458309174,0.08233645558357239,0.0021283626556396484,0.043904900550842285,-0.16915366053581238,-0.11382126808166504,0.15892638266086578,0.10373266041278839,0.17219781875610352,-0.25942012667655945,0.013675212860107422,-0.5029276013374329,0.7571955919265747,0.33498185873031616,0.3748183846473694,-0.22813411056995392,0.37621280550956726,-0.07575613260269165,0.1177518218755722,0.11572915315628052,-0.03704369068145752,-0.4579278826713562,0.3119714856147766,0.4262338876724243,-0.248399555683136,-0.07472756505012512,0.03430909290909767,0.13164252042770386,0.11312301456928253,-0.48343443870544434,-0.1932164430618286,0.24543163180351257,-0.5127831697463989,-0.055724263191223145,-0.5929891467094421,0.12216657400131226,-0.2676330804824829,-0.702516496181488,0.4807571470737457,0.16660505533218384,0.348533034324646,-0.3624599874019623,-0.07973353564739227,-0.30302292108535767,0.08680260181427002,0.5225385427474976,0.3207644820213318,0.600658655166626,-0.3063892424106598,0.17245233058929443,0.24847018718719482,0.06727197766304016,-0.342099666595459,-0.08580887317657471,-0.13235849142074585,-0.1718677133321762,-0.09629553556442261,-0.03922872245311737,-0.25619977712631226,-0.09625276923179626,-0.024476975202560425,-0.404078871011734,-0.0204983651638031,-0.16191259026527405,0.13683846592903137,0.6478642821311951,0.11862516403198242,-0.11481314897537231,-0.7626891732215881,0.18388819694519043
0.2377949059009552,-0.3516625165939331,0.015592575073242188,-0.440734326839447,-0.32081055641174316,-0.0850672721862793,-0.25308361649513245,0.3836628198623657,-0.27006012201309204,-0.0673600435256958,-0.11998122930526733,-0.027324259281158447,-0.14104428887367249,0.01260155439376831,-0.2390192747116089,0.03535500168800354,-0.12375882267951965,0.056940555572509766,-0.0545019805431366,0.10779782384634018,0.22784340381622314,0.21284876763820648,0.2707061171531677,0.5701476335525513,0.4900404214859009,0.011530697345733643,-0.2500118315219879,0.4682132601737976,0.40898454189300537,-0.10451610386371613,0.07828544080257416,0.07714691758155823,0.0011354684829711914,0.048800647258758545,-0.17065823078155518,-0.1101616621017456,0.16127128899097443,0.10519242286682129,0.1776059865951538,-0.2666650116443634,0.010889321565628052,-0.5003941059112549,0.7617316246032715,0.3356340229511261,0.3794906437397003,-0.23106038570404053,0.3806721568107605,-0.07001996040344238,0.1167670488357544,0.11349105834960938,-0.0343991219997406,-0.4602181315422058,0.3154619336128235,0.4245165288448334,-0.2504804730415344,-0.08066177368164062,0.03509439900517464,0.13512855768203735,0.11701692640781403,-0.48392248153686523,-0.1968761682510376,0.2506294548511505,-0.5186741948127747,-0.055628061294555664,-0.5966864228248596,0.12168973684310913,-0.2683106064796448,-0.7025926113128662,0.48732131719589233,0.1683759093284607,0.3511969745159149,-0.36857378482818604,-0.07708460837602615,-0.3053961992263794,0.090401291847229,0.5291894674301147,0.326133668422699,0.6050703525543213,-0.3042812943458557,0.17209812998771667,0.24336206912994385,0.06512373685836792,-0.3401613235473633,-0.08800297975540161,-0.1369180679321289,-0.16961733996868134,-0.094562828540802,-0.038480937480926514,-0.26342421770095825,-0.10280534625053406,-0.026063472032546997,-0.4077758193016052,-0.0233953595161438,-0.16022348403930664,0.13432630896568298,0.6476417779922485,0.12119609117507935,-0.107735276222229,-0.7658626437187195,0.18399786949157715
0.23824837803840637,-0.3683719336986542,0.007374465465545654,-0.4692555069923401,-0.33699721097946167,-0.07700049877166748,-0.2711521089076996,0.3971981108188629,-0.2635977864265442,-0.05778592824935913,-0.12297795712947845,-0.014769971370697021,-0.14291465282440186,0.03679129481315613,-0.25283920764923096,0.04394957423210144,-0.13385702669620514,0.06791457533836365,-0.06445446610450745,0.12437088042497635,0.23133772611618042,0.21692636609077454,0.28309309482574463,0.574466347694397,0.5126782655715942,0.023338645696640015,-0.27336519956588745,0.4611812233924866,0.40704235434532166,-0.12489496171474457,0.07678715884685516,0.09002390503883362,0.007126867771148682,0.05858725309371948,-0.1629822850227356,-0.12682095170021057,0.17070434987545013,0.09936776757240295,0.19911634922027588,-0.2601655423641205,0.022594034671783447,-0.5059119462966919,0.7587680220603943,0.35178083181381226,0.37579333782196045,-0.22564169764518738,0.3839789032936096,-0.08862757682800293,0.13245606422424316,0.13021859526634216,-0.06749488413333893,-0.4585410952568054,0.3313724398612976,0.44279178977012634,-0.2391260862350464,-0.07813313603401184,0.017618868499994278,0.12504738569259644,0.13848891854286194,-0.4819871187210083,-0.21373200416564941,0.2724398672580719,-0.5355231761932373,-0.06305718421936035,-0.6052901744842529,0.12921780347824097,-0.26614615321159363,-0.7055016756057739,0.49563151597976685,0.1716221570968628,0.3605654239654541,-0.3659014105796814,-0.09087830781936646,-0.30563992261886597,0.08799558877944946,0.5334187746047974,0.31885290145874023,0.6125779151916504,-0.30381667613983154,0.19201062619686127,0.23005938529968262,0.06496533751487732,-0.35563743114471436,-0.08052581548690796,-0.1621294766664505,-0.19972872734069824,-0.11659267544746399,-0.02612951397895813,-0.275951623916626,-0.080474853515625,-0.029355496168136597,-0.4320726990699768,-0.03761926293373108,-0.14559438824653625,0.13062062859535217,0.6830742359161377,0.12304162979125977,-0.11904126405715942,-0.8089603185653687,0.19000864028930664
0.24092641472816467,-0.34016767144203186,0.0027772188186645508,-0.4386240839958191,-0.3222658038139343,-0.08395686745643616,-0.24973183870315552,0.38301199674606323,-0.2591916024684906,-0.05727621912956238,-0.12060867249965668,-0.022771477699279785,-0.1553114652633667,0.026412874460220337,-0.2250361442565918,0.032484471797943115,-0.12612085044384003,0.04934108257293701,-0.0567459762096405,0.10654697567224503,0.2177445888519287,0.20601682364940643,0.27753782272338867,0.5470844507217407,0.4801225960254669,0.01222941279411316,-0.2310144603252411,0.4545508027076721,0.40614813566207886,-0.10165534913539886,0.07935641705989838,0.08585774898529053,-0.0012666583061218262,0.03847235441207886,-0.1708768606185913,-0.11362957954406738,0.16044089198112488,0.10826581716537476,0.1669301986694336,-0.2583044469356537,0.014986544847488403,-0.5071567296981812,0.752987265586853,0.331645131111145,0.37404584884643555,-0.22750848531723022,0.37135815620422363,-0.08013427257537842,0.11639910936355591,0.11197406053543091,-0.03703983128070831,-0.46018338203430176,0.3115735650062561,0.4264342784881592,-0.24611413478851318,-0.06778272986412048,0.03513007238507271,0.1292048990726471,0.10828225314617157,-0.4842418432235718,-0.19070494174957275,0.24316450953483582,-0.5080835223197937,-0.05543696880340576,-0.5919193029403687,0.12291562557220459,-0.26909691095352173,-0.7033156752586365,0.47268226742744446,0.16463309526443481,0.3473600149154663,-0.3604579567909241,-0.08346597105264664,-0.3026736378669739,0.081806480884552,0.5206791162490845,0.3209933042526245,0.5968987941741943,-0.30744078755378723,0.1703340709209442,0.25599849224090576,0.06892961263656616,-0.34679150581359863,-0.08154183626174927,-0.12559881806373596,-0.16819806396961212,-0.09588161110877991,-0.03935229778289795,-0.2502564787864685,-0.09098365902900696,-0.024459004402160645,-0.40185675024986267,-0.016359448432922363,-0.16429027915000916,0.13965865969657898,0.6457964181900024,0.11526677012443542,-0.12303310632705688,-0.7626413702964783,0.18361473083496094
0.23123261332511902,-0.36191123723983765,0.019908130168914795,-0.44534099102020264,-0.31728577613830566,-0.07820829749107361,-0.2613440454006195,0.3867769241333008,-0.2662368714809418,-0.07398062944412231,-0.11774271726608276,-0.019325852394104004,-0.11348751187324524,0.025529861450195312,-0.25482428073883057,0.03764140605926514,-0.12349292635917664,0.07043251395225525,-0.06145396828651428,0.13030481338500977,0.22700589895248413,0.2080536186695099,0.26464152336120605,0.5683026313781738,0.5045566558837891,0.02674773335456848,-0.29280057549476624,0.4522467255592346,0.39217081665992737,-0.1172851175069809,0.06345014274120331,0.08118876814842224,0.005281388759613037,0.06887277960777283,-0.1590566635131836,-0.11706173419952393,0.17260655760765076,0.10087588429450989,0.2003801465034485,-0.2639676332473755,0.01976776123046875,-0.47739318013191223,0.7342175245285034,0.3362938165664673,0.3696550726890564,-0.21980509161949158,0.38111186027526855,-0.06908899545669556,0.12567245960235596,0.12033595144748688,-0.058229539543390274,-0.4418153762817383,0.32159677147865295,0.4206801652908325,-0.23000454902648926,-0.09189969301223755,0.014328066259622574,0.1256318986415863,0.1352713704109192,-0.4622536897659302,-0.22167420387268066,0.270273357629776,-0.5263760089874268,-0.05932724475860596,-0.585595965385437,0.1215139627456665,-0.25624746084213257,-0.6744504570960999,0.48877614736557007,0.16825008392333984,0.34517717361450195,-0.36567652225494385,-0.07811841368675232,-0.30005913972854614,0.09582817554473877,0.5282714366912842,0.31897634267807007,0.5919840335845947,-0.2807961106300354,0.1713285744190216,0.2117781639099121,0.057822227478027344,-0.343622088432312,-0.07746827602386475,-0.16325603425502777,-0.1810065656900406,-0.10437160730361938,-0.024735361337661743,-0.280322790145874,-0.09060865640640259,-0.030880272388458252,-0.4204239249229431,-0.045933544635772705,-0.1305902898311615,0.11010423302650452,0.6565665006637573,0.1171610951423645,-0.09601408243179321,-0.7834932804107666,0.18340635299682617
0.23485764861106873,-0.3487156331539154,0.014952659606933594,-0.4352230727672577,-0.3202934265136719,-0.06491267681121826,-0.2616938352584839,0.399443119764328,-0.2656404972076416,-0.07679879665374756,-0.10279862582683563,-0.024890422821044922,-0.12841472029685974,0.029587149620056152,-0.2513442039489746,0.04455438256263733,-0.09874874353408813,0.04562237858772278,-0.06462708115577698,0.11142226308584213,0.2248677909374237,0.21024709939956665,0.2706204652786255,0.5540032386779785,0.48852357268333435,0.0010898113250732422,-0.26014411449432373,0.4690501093864441,0.39768314361572266,-0.11339794099330902,0.07960586249828339,0.076107919216156,0.0021265149116516113,0.036771535873413086,-0.1633949875831604,-0.11315500736236572,0.16152802109718323,0.09420530498027802,0.18972402811050415,-0.26802825927734375,0.03386685252189636,-0.5159256458282471,0.7608548998832703,0.3367023468017578,0.36772483587265015,-0.23317484557628632,0.3753122091293335,-0.07002484798431396,0.11997304856777191,0.11727774143218994,-0.05950405076146126,-0.4574204683303833,0.32665467262268066,0.42767274379730225,-0.2568233013153076,-0.07191696763038635,0.038898665457963943,0.14394593238830566,0.12000972032546997,-0.46057307720184326,-0.1982574462890625,0.2529987692832947,-0.5197229981422424,-0.0426335334777832,-0.5816455483436584,0.1298123598098755,-0.2685076594352722,-0.6943939328193665,0.46910715103149414,0.16091859340667725,0.3462343215942383,-0.37591302394866943,-0.0668921247124672,-0.31015586853027344,0.0722041130065918,0.5199864506721497,0.3340981602668762,0.5945930480957031,-0.3049759864807129,0.18150894343852997,0.24592208862304688,0.08278223872184753,-0.3276289701461792,-0.07989925146102905,-0.15114830434322357,-0.19034630060195923,-0.09774553775787354,-0.04360164701938629,-0.2533167004585266,-0.09389308094978333,-0.021133780479431152,-0.40541499853134155,-0.034764498472213745,-0.1496136486530304,0.13200056552886963,0.6578941345214844,0.09863364696502686,-0.11933356523513794,-0.7660238742828369,0.1744999885559082
0.2312733232975006,-0.3540933132171631,-0.004610121250152588,-0.47007226943969727,-0.3414023220539093,-0.07831543684005737,-0.2648119330406189,0.3926159739494324,-0.25060051679611206,-0.04885813593864441,-0.12703855335712433,-0.010756313800811768,-0.15893501043319702,0.04022535681724548,-0.24132120609283447,0.04126584529876709,-0.14319664239883423,0.05898624658584595,-0.064551442861557,0.1106322780251503,0.22206568717956543,0.21334633231163025,0.28385382890701294,0.5540133714675903,0.502642035484314,0.020442962646484375,-0.24279150366783142,0.4526432752609253,0.40671977400779724,-0.12471912801265717,0.08625428378582001,0.09396985173225403,0.010384321212768555,0.049154043197631836,-0.15998879075050354,-0.13508015871047974,0.16100157797336578,0.0929185003042221,0.18289226293563843,-0.24134567379951477,0.02368377149105072,-0.5067124366760254,0.7519227862358093,0.3512609601020813,0.36625075340270996,-0.2193440943956375,0.37596505880355835,-0.09910529851913452,0.13670633733272552,0.1357685625553131,-0.06739404797554016,-0.4525059461593628,0.31630927324295044,0.44620344042778015,-0.23807907104492188,-0.07062080502510071,0.0215076245367527,0.11634858697652817,0.13021337985992432,-0.4878556728363037,-0.19844281673431396,0.25660210847854614,-0.5220630168914795,-0.06701827049255371,-0.599872887134552,0.12702953815460205,-0.2613840401172638,-0.7095677256584167,0.490217387676239,0.1692425012588501,0.3559691309928894,-0.3481109142303467,-0.09489879012107849,-0.300645649433136,0.08593696355819702,0.5187469720840454,0.30314934253692627,0.6068615913391113,-0.3122866749763489,0.19379781186580658,0.23960769176483154,0.06758362054824829,-0.35710203647613525,-0.08130484819412231,-0.14787746965885162,-0.20465978980064392,-0.1163358986377716,-0.028212040662765503,-0.26003676652908325,-0.07335776090621948,-0.026030272245407104,-0.4205233156681061,-0.028151392936706543,-0.1518174111843109,0.140202134847641,0.679442286491394,0.12490043044090271,-0.12710720300674438,-0.794890284538269,0.19242453575134277
0.24152514338493347,-0.3588523268699646,0.038811326026916504,-0.40478554368019104,-0.29229971766471863,-0.07440999150276184,-0.2532491385936737,0.38005608320236206,-0.2839753031730652,-0.09247395396232605,-0.10384052991867065,-0.03495281934738159,-0.09798678755760193,0.002238661050796509,-0.2577916383743286,0.04276737570762634,-0.09044747054576874,0.06201577186584473,-0.05208352208137512,0.12674623727798462,0.23494815826416016,0.211078941822052,0.25249165296554565,0.578369677066803,0.48187440633773804,0.009899049997329712,-0.2974421977996826,0.4701976776123047,0.3902488052845001,-0.10093237459659576,0.05311034619808197,0.06620219349861145,-0.008932173252105713,0.060454607009887695,-0.1727130115032196,-0.08411914110183716,0.1729165017604828,0.11364050209522247,0.20057064294815063,-0.2935461699962616,0.010908916592597961,-0.4826599657535553,0.7455968856811523,0.3192840814590454,0.38370251655578613,-0.23986351490020752,0.37975749373435974,-0.04065597057342529,0.10041627287864685,0.09223508834838867,-0.02759028971195221,-0.4589945673942566,0.3313972055912018,0.3933042287826538,-0.24861431121826172,-0.09115225076675415,0.03393055871129036,0.15140753984451294,0.1213148832321167,-0.4438002109527588,-0.2167654037475586,0.26705262064933777,-0.5182609558105469,-0.0364152193069458,-0.5749304890632629,0.11924540996551514,-0.26856523752212524,-0.6620218753814697,0.46697720885276794,0.16232633590698242,0.33894240856170654,-0.3972656726837158,-0.05610828101634979,-0.30088722705841064,0.0891309380531311,0.5350726842880249,0.35235798358917236,0.5834556221961975,-0.27631595730781555,0.15424883365631104,0.21963179111480713,0.06057804822921753,-0.31416594982147217,-0.08199429512023926,-0.15711407363414764,-0.14154532551765442,-0.08309447765350342,-0.04234917461872101,-0.27478769421577454,-0.11723151803016663,-0.029723674058914185,-0.407934308052063,-0.040885359048843384,-0.14327159523963928,0.1063866913318634,0.6231657266616821,0.1001313328742981,-0.09100073575973511,-0.7499189376831055,0.1664257049560547
0.23481199145317078,-0.34109652042388916,0.008874833583831787,-0.4273839592933655,-0.31491389870643616,-0.06302908062934875,-0.2575806677341461,0.392517626285553,-0.25732937455177307,-0.06965190172195435,-0.10387544333934784,-0.02042531967163086,-0.13228824734687805,0.03730154037475586,-0.24243378639221191,0.04432952404022217,-0.09975923597812653,0.044917672872543335,-0.06371894478797913,0.11439593881368637,0.2169959545135498,0.20530878007411957,0.27052390575408936,0.5358622074127197,0.478380411863327,0.005312114953994751,-0.253501296043396,0.4533694386482239,0.3884030878543854,-0.11267586052417755,0.07382957637310028,0.08141160011291504,-0.0013869404792785645,0.036564528942108154,-0.1628451943397522,-0.11176511645317078,0.16240186989307404,0.09826049208641052,0.1856815218925476,-0.26170557737350464,0.033705443143844604,-0.508974552154541,0.7413955926895142,0.32962766289711,0.36171090602874756,-0.22959662973880768,0.36546438932418823,-0.07463467121124268,0.1170676201581955,0.11191251873970032,-0.06075825169682503,-0.45261526107788086,0.3234705328941345,0.4202280044555664,-0.24745503067970276,-0.06410491466522217,0.03584906831383705,0.13707655668258667,0.11709606647491455,-0.451928973197937,-0.19804871082305908,0.2517890930175781,-0.5081448554992676,-0.04193449020385742,-0.5715228319168091,0.127671480178833,-0.2654581367969513,-0.6813583970069885,0.45436954498291016,0.15716499090194702,0.3396797180175781,-0.36872220039367676,-0.07119892537593842,-0.3019829988479614,0.06823146343231201,0.5107258558273315,0.3289041519165039,0.5803266167640686,-0.29850828647613525,0.17759159207344055,0.24413013458251953,0.07970035076141357,-0.32901620864868164,-0.07379895448684692,-0.14732976257801056,-0.1830749660730362,-0.09907999634742737,-0.04095622897148132,-0.24746865034103394,-0.08560758829116821,-0.022641927003860474,-0.4020472466945648,-0.032746315002441406,-0.14698094129562378,0.1297186017036438,0.6488211750984192,0.0936707854270935,-0.12607795000076294,-0.7587990760803223,0.17234086990356445
0.25110504031181335,-0.3452301323413849,0.011981368064880371,-0.4292386472225189,-0.31457987427711487,-0.08542424440383911,-0.24788978695869446,0.38737815618515015,-0.2744128108024597,-0.06926178932189941,-0.11677461862564087,-0.030601561069488525,-0.14527484774589539,0.017648845911026,-0.22989249229431152,0.03240486979484558,-0.11247511208057404,0.04966646432876587,-0.05271190404891968,0.11405273526906967,0.22409522533416748,0.2079579085111618,0.2734118103981018,0.5630989670753479,0.4849529564380646,0.010235190391540527,-0.2466644048690796,0.4686056971549988,0.4092165231704712,-0.0936279147863388,0.07354341447353363,0.07780870795249939,-0.007956206798553467,0.03921031951904297,-0.1798076331615448,-0.10046282410621643,0.16793659329414368,0.11566320061683655,0.17047959566116333,-0.2775663733482361,0.011858001351356506,-0.5130628347396851,0.7674885988235474,0.3290838599205017,0.387850821018219,-0.23833009600639343,0.38260042667388916,-0.06397730112075806,0.10811999440193176,0.10044468939304352,-0.025448426604270935,-0.47295820713043213,0.3200737237930298,0.42308107018470764,-0.2538906931877136,-0.07389238476753235,0.042186517268419266,0.14244788885116577,0.10324637591838837,-0.48673415184020996,-0.19736874103546143,0.24933451414108276,-0.5186225175857544,-0.047493815422058105,-0.5969091653823853,0.12389916181564331,-0.2765861749649048,-0.7078610062599182,0.47873762249946594,0.16632992029190063,0.3505213260650635,-0.3815932273864746,-0.0741281658411026,-0.3134477734565735,0.08466273546218872,0.5380202531814575,0.34165990352630615,0.6022374629974365,-0.30491966009140015,0.16014686226844788,0.26302945613861084,0.0675920844078064,-0.3461107015609741,-0.08082002401351929,-0.12642186880111694,-0.15409357845783234,-0.08386653661727905,-0.04471728205680847,-0.2575880289077759,-0.10663285851478577,-0.024938732385635376,-0.4050457775592804,-0.019401222467422485,-0.16625362634658813,0.13503986597061157,0.6442821621894836,0.11043202877044678,-0.11660891771316528,-0.7640630602836609,0.18492817878723145
0.24152514338493347,-0.3588523268699646,0.038811326026916504,-0.40478554368019104,-0.29229971766471863,-0.07440999150276184,-0.2532491385936737,0.38005608320236206,-0.2839753031730652,-0.09247395396232605,-0.10384052991867065,-0.03495281934738159,-0.09798678755760193,0.002238661050796509,-0.2577916383743286,0.04276737570762634,-0.09044747054576874,0.06201577186584473,-0.05208352208137512,0.12674623727798462,0.23494815826416016,0.211078941822052,0.25249165296554565,0.578369677066803,0.48187440633773804,0.009899049997329712,-0.2974421977996826,0.4701976776123047,0.3902488052845001,-0.10093237459659576,0.05311034619808197,0.06620219349861145,-0.008932173252105713,0.060454607009887695,-0.1727130115032196,-0.08411914110183716,0.1729165017604828,0.11364050209522247,0.20057064294815063,-0.2935461699962616,0.010908916592597961,-0.4826599657535553,0.7455968856811523,0.3192840814590454,0.38370251655578613,-0.23986351490020752,0.37975749373435974,-0.04065597057342529,0.10041627287864685,0.09223508834838867,-0.02759028971195221,-0.4589945673942566,0.3313972055912018,0.3933042287826538,-0.24861431121826172,-0.09115225076675415,0.03393055871129036,0.15140753984451294,0.1213148832321167,-0.4438002109527588,-0.2167654037475586,0.26705262064933777,-0.5182609558105469,-0.0364152193069458,-0.5749304890632629,0.11924540996551514,-0.26856523752212524,-0.6620218753814697,0.46697720885276794,0.16232633590698242,0.33894240856170654,-0.3972656726837158,-0.05610828101634979,-0.30088722705841064,0.0891309380531311,0.5350726842880249,0.35235798358917236,0.5834556221961975,-0.27631595730781555,0.15424883365631104,0.21963179111480713,0.06057804822921753,-0.31416594982147217,-0.08199429512023926,-0.15711407363414764,-0.14154532551765442,-0.08309447765350342,-0.04234917461872101,-0.27478769421577454,-0.11723151803016663,-0.029723674058914185,-0.407934308052063,-0.040885359048843384,-0.14327159523963928,0.1063866913318634,0.6231657266616821,0.1001313328742981,-0.09100073575973511,-0.7499189376831055,0.1664257049560547
0.22100993990898132,-0.3441692888736725,-0.0030456185340881348,-0.46119317412376404,-0.33707135915756226,-0.0681580901145935,-0.2647835612297058,0.39374586939811707,-0.2432304471731186,-0.05345752835273743,-0.11547344923019409,-0.009459733963012695,-0.14869901537895203,0.04751318693161011,-0.2419414520263672,0.04187750816345215,-0.13066114485263824,0.05151563882827759,-0.06969255208969116,0.10766371339559555,0.21473446488380432,0.20743528008460999,0.279011607170105,0.5340638160705566,0.49231913685798645,0.01412460207939148,-0.24187412858009338,0.4444066882133484,0.3937858045101166,-0.12794233858585358,0.08708493411540985,0.0915130078792572,0.013087272644042969,0.04304337501525879,-0.15093755722045898,-0.13842305541038513,0.15563082695007324,0.08463083207607269,0.18438225984573364,-0.23523496091365814,0.03666442632675171,-0.503696620464325,0.7370693683624268,0.3453614115715027,0.3503817021846771,-0.2134411633014679,0.36498987674713135,-0.0979001522064209,0.13703814148902893,0.1380923092365265,-0.08048734068870544,-0.4392685890197754,0.313247948884964,0.4402550756931305,-0.23796212673187256,-0.06646919250488281,0.02246229723095894,0.11705028265714645,0.12961004674434662,-0.468345046043396,-0.1955491304397583,0.24963927268981934,-0.511074423789978,-0.06156730651855469,-0.5811144113540649,0.12715959548950195,-0.2561050057411194,-0.6938918232917786,0.4737442433834076,0.16340047121047974,0.3459111154079437,-0.34032174944877625,-0.08784038573503494,-0.2968366742134094,0.07526558637619019,0.5009989738464355,0.2981683015823364,0.5912721753120422,-0.3072063624858856,0.19653823971748352,0.23459017276763916,0.07778474688529968,-0.34514713287353516,-0.07807999849319458,-0.15073604881763458,-0.21563315391540527,-0.11754590272903442,-0.02916969358921051,-0.24992208182811737,-0.06716355681419373,-0.02290266752243042,-0.4089568853378296,-0.03261905908584595,-0.1426088511943817,0.13802456855773926,0.6712632179260254,0.1130133867263794,-0.12765055894851685,-0.7779573798179626,0.18291091918945312
0.22136667370796204,-0.36458006501197815,0.015233814716339111,-0.46208488941192627,-0.3333240747451782,-0.06552964448928833,-0.27428844571113586,0.3963747024536133,-0.25774767994880676,-0.06691557168960571,-0.1121111661195755,-0.014830529689788818,-0.12547147274017334,0.03360062837600708,-0.2655162811279297,0.04971611499786377,-0.12244629859924316,0.06382980942726135,-0.06806036829948425,0.11528841406106949,0.23056954145431519,0.2172209471464157,0.2715822458267212,0.5660189390182495,0.5060017108917236,0.014689743518829346,-0.2777947783470154,0.46118485927581787,0.39542239904403687,-0.13432677090168,0.08061699569225311,0.08240130543708801,0.013389527797698975,0.058468252420425415,-0.15139898657798767,-0.1299743950366974,0.16108031570911407,0.08260220289230347,0.2069098949432373,-0.25238263607025146,0.033321380615234375,-0.4964619278907776,0.7465974688529968,0.3505030870437622,0.3590397536754608,-0.22160659730434418,0.37534844875335693,-0.08510833978652954,0.13708530366420746,0.13747555017471313,-0.08125072717666626,-0.44186365604400635,0.3263565003871918,0.43477025628089905,-0.24251115322113037,-0.08070102334022522,0.019217688590288162,0.12670788168907166,0.146269291639328,-0.4595520496368408,-0.20853543281555176,0.26804155111312866,-0.5286370515823364,-0.05852234363555908,-0.587167501449585,0.12816846370697021,-0.2565615475177765,-0.6867337822914124,0.4864169657230377,0.16650044918060303,0.35116255283355713,-0.3586200177669525,-0.08077608048915863,-0.29833000898361206,0.08309584856033325,0.5150817632675171,0.310824990272522,0.6003441214561462,-0.2993925213813782,0.2000868022441864,0.21314501762390137,0.07255661487579346,-0.3335435390472412,-0.08325296640396118,-0.17372851073741913,-0.21538692712783813,-0.11894446611404419,-0.02728286385536194,-0.2704479694366455,-0.07965871691703796,-0.026592999696731567,-0.4221859574317932,-0.04562020301818848,-0.13422521948814392,0.12613707780838013,0.6754732131958008,0.11623072624206543,-0.11158156394958496,-0.7892347574234009,0.17878246307373047
0.2279982566833496,-0.3575887978076935,0.005233049392700195,-0.4632444381713867,-0.333877831697464,-0.07748758792877197,-0.26473766565322876,0.38828912377357483,-0.25363028049468994,-0.05461052060127258,-0.12398763000965118,-0.012960374355316162,-0.1429048478603363,0.034706056118011475,-0.245916485786438,0.040883034467697144,-0.13799239695072174,0.06450232863426208,-0.06437268853187561,0.11457210034132004,0.22419553995132446,0.21262115240097046,0.27799487113952637,0.5575432777404785,0.5006532669067383,0.021115273237228394,-0.2578315734863281,0.4502658247947693,0.4008423089981079,-0.12356828153133392,0.07968191802501678,0.08993449807167053,0.010234415531158447,0.056553542613983154,-0.15617316961288452,-0.1301528811454773,0.1614784300327301,0.09405253827571869,0.1902187466621399,-0.2473842203617096,0.02269268035888672,-0.49391070008277893,0.7421491146087646,0.34600019454956055,0.36279794573783875,-0.21788641810417175,0.3725528419017792,-0.09198153018951416,0.13283316791057587,0.13272389769554138,-0.06688092648983002,-0.44412147998809814,0.31745752692222595,0.43529564142227173,-0.235526442527771,-0.07568839192390442,0.01693885400891304,0.11822361499071121,0.13602161407470703,-0.4750068187713623,-0.20415830612182617,0.2606993317604065,-0.5203453898429871,-0.06566166877746582,-0.593159019947052,0.12517297267913818,-0.2577518820762634,-0.6934455037117004,0.4858296513557434,0.16768789291381836,0.35124140977859497,-0.34983253479003906,-0.09164191782474518,-0.29580456018447876,0.08688884973526001,0.5161786675453186,0.30413180589675903,0.6010339260101318,-0.30175065994262695,0.191443532705307,0.22455811500549316,0.06569710373878479,-0.3478353023529053,-0.08221262693405151,-0.15529614686965942,-0.20032347738742828,-0.11754840612411499,-0.025050386786460876,-0.26627010107040405,-0.07662501931190491,-0.028197675943374634,-0.4187319874763489,-0.03319123387336731,-0.14437472820281982,0.13114947080612183,0.668455183506012,0.12364190816879272,-0.11698710918426514,-0.7884881496429443,0.18476629257202148
0.24152514338493347,-0.3588523268699646,0.038811326026916504,-0.40478554368019104,-0.29229971766471863,-0.07440999150276184,-0.2532491385936737,0.38005608320236206,-0.2839753031730652,-0.09247395396232605,-0.10384052991867065,-0.03495281934738159,-0.09798678755760193,0.002238661050796509,-0.2577916383743286,0.04276737570762634,-0.09044747054576874,0.06201577186584473,-0.05208352208137512,0.12674623727798462,0.23494815826416016,0.211078941822052,0.25249165296554565,0.578369677066803,0.48187440633773804,0.009899049997329712,-0.2974421977996826,0.4701976776123047,0.3902488052845001,-0.10093237459659576,0.05311034619808197,0.06620219349861145,-0.008932173252105713,0.060454607009887695,-0.1727130115032196,-0.08411914110183716,0.1729165017604828,0.11364050209522247,0.20057064294815063,-0.2935461699962616,0.010908916592597961,-0.4826599657535553,0.7455968856811523,0.3192840814590454,0.38370251655578613,-0.23986351490020752,0.37975749373435974,-0.04065597057342529,0.10041627287864685,0.09223508834838867,-0.02759028971195221,-0.4589945673942566,0.3313972055912018,0.3933042287826538,-0.24861431121826172,-0.09115225076675415,0.03393055871129036,0.15140753984451294,0.1213148832321167,-0.4438002109527588,-0.2167654037475586,0.26705262064933777,-0.5182609558105469,-0.0364152193069458,-0.5749304890632629,0.11924540996551514,-0.26856523752212524,-0.6620218753814697,0.46697720885276794,0.16232633590698242,0.33894240856170654,-0.3972656726837158,-0.05610828101634979,-0.30088722705841064,0.0891309380531311,0.5350726842880249,0.35235798358917236,0.5834556221961975,-0.27631595730781555,0.15424883365631104,0.21963179111480713,0.06057804822921753,-0.31416594982147217,-0.08199429512023926,-0.15711407363414764,-0.14154532551765442,-0.08309447765350342,-0.04234917461872101,-0.27478769421577454,-0.11723151803016663,-0.029723674058914185,-0.407934308052063,-0.040885359048843384,-0.14327159523963928,0.1063866913318634,0.6231657266616821,0.1001313328742981,-0.09100073575973511,-0.7499189376831055,0.1664257049560547
0.24152514338493347,-0.3588523268699646,0.038811326026916504,-0.40478554368019104,-0.29229971766471863,-0.07440999150276184,-0.2532491385936737,0.38005608320236206,-0.2839753031730652,-0.09247395396232605,-0.10384052991867065,-0.03495281934738159,-0.09798678755760193,0.002238661050796509,-0.2577916383743286,0.04276737570762634,-0.09044747054576874,0.06201577186584473,-0.05208352208137512,0.12674623727798462,0.23494815826416016,0.211078941822052,0.25249165296554565,0.578369677066803,0.48187440633773804,0.009899049997329712,-0.2974421977996826,0.4701976776123047,0.3902488052845001,-0.10093237459659576,0.05311034619808197,0.06620219349861145,-0.008932173252105713,0.060454607009887695,-0.1727130115032196,-0.08411914110183716,0.1729165017604828,0.11364050209522247,0.20057064294815063,-0.2935461699962616,0.010908916592597961,-0.4826599657535553,0.7455968856811523,0.3192840814590454,0.38370251655578613,-0.23986351490020752,0.37975749373435974,-0.04065597057342529,0.10041627287864685,0.09223508834838867,-0.02759028971195221,-0.4589945673942566,0.3313972055912018,0.3933042287826538,-0.24861431121826172,-0.09115225076675415,0.03393055871129036,0.15140753984451294,0.1213148832321167,-0.4438002109527588,-0.2167654037475586,0.26705262064933777,-0.5182609558105469,-0.0364152193069458,-0.5749304890632629,0.11924540996551514,-0.26856523752212524,-0.6620218753814697,0.46697720885276794,0.16232633590698242,0.33894240856170654,-0.3972656726837158,-0.05610828101634979,-0.30088722705841064,0.0891309380531311,0.5350726842880249,0.35235798358917236,0.5834556221961975,-0.27631595730781555,0.15424883365631104,0.21963179111480713,0.06057804822921753,-0.31416594982147217,-0.08199429512023926,-0.15711407363414764,-0.14154532551765442,-0.08309447765350342,-0.04234917461872101,-0.27478769421577454,-0.11723151803016663,-0.029723674058914185,-0.407934308052063,-0.040885359048843384,-0.14327159523963928,0.1063866913318634,0.6231657266616821,0.1001313328742981,-0.09100073575973511,-0.7499189376831055,0.1664257049560547
0.24152514338493347,-0.3588523268699646,0.038811326026916504,-0.40478554368019104,-0.29229971766471863,-0.07440999150276184,-0.2532491385936737,0.38005608320236206,-0.2839753031730652,-0.09247395396232605,-0.10384052991867065,-0.03495281934738159,-0.09798678755760193,0.002238661050796509,-0.2577916383743286,0.04276737570762634,-0.09044747054576874,0.06201577186584473,-0.05208352208137512,0.12674623727798462,0.23494815826416016,0.211078941822052,0.25249165296554565,0.578369677066803,0.48187440633773804,0.009899049997329712,-0.2974421977996826,0.4701976776123047,0.3902488052845001,-0.10093237459659576,0.05311034619808197,0.06620219349861145,-0.008932173252105713,0.060454607009887695,-0.1727130115032196,-0.08411914110183716,0.1729165017604828,0.11364050209522247,0.20057064294815063,-0.2935461699962616,0.010908916592597961,-0.4826599657535553,0.7455968856811523,0.3192840814590454,0.38370251655578613,-0.23986351490020752,0.37975749373435974,-0.04065597057342529,0.10041627287864685,0.09223508834838867,-0.02759028971195221,-0.4589945673942566,0.3313972055912018,0.3933042287826538,-0.24861431121826172,-0.09115225076675415,0.03393055871129036,0.15140753984451294,0.1213148832321167,-0.4438002109527588,-0.2167654037475586,0.26705262064933777,-0.5182609558105469,-0.0364152193069458,-0.5749304890632629,0.11924540996551514,-0.26856523752212524,-0.6620218753814697,0.46697720885276794,0.16232633590698242,0.33894240856170654,-0.3972656726837158,-0.05610828101634979,-0.30088722705841064,0.0891309380531311,0.5350726842880249,0.35235798358917236,0.5834556221961975,-0.27631595730781555,0.15424883365631104,0.21963179111480713,0.06057804822921753,-0.31416594982147217,-0.08199429512023926,-0.15711407363414764,-0.14154532551765442,-0.08309447765350342,-0.04234917461872101,-0.27478769421577454,-0.11723151803016663,-0.029723674058914185,-0.407934308052063,-0.040885359048843384,-0.14327159523963928,0.1063866913318634,0.6231657266616821,0.1001313328742981,-0.09100073575973511,-0.7499189376831055,0.1664257049560547
0.2327708899974823,-0.3474024832248688,0.017016589641571045,-0.4334084987640381,-0.31529173254966736,-0.0802958607673645,-0.2513238191604614,0.3823768198490143,-0.26653730869293213,-0.07168743014335632,-0.11410747468471527,-0.026549458503723145,-0.13108927011489868,0.015359669923782349,-0.24026226997375488,0.0352017879486084,-0.11759646236896515,0.05474478006362915,-0.05682915449142456,0.10989511758089066,0.22405919432640076,0.20795400440692902,0.26572108268737793,0.5598956346511841,0.4846560060977936,0.010867059230804443,-0.2543753981590271,0.4614424705505371,0.4006601870059967,-0.10533814132213593,0.0747247189283371,0.07645243406295776,0.0014041662216186523,0.04917946457862854,-0.16596725583076477,-0.11055812239646912,0.16048374772071838,0.10222026705741882,0.17928427457809448,-0.2636334300041199,0.014880552887916565,-0.4928266108036041,0.7496892213821411,0.33043092489242554,0.3715800344944,-0.2269737422466278,0.37546905875205994,-0.06759721040725708,0.11671717464923859,0.11351883411407471,-0.03954993188381195,-0.45115458965301514,0.31308549642562866,0.41864728927612305,-0.24627846479415894,-0.08120930194854736,0.03328879550099373,0.13402780890464783,0.11621259152889252,-0.47089946269989014,-0.1985483169555664,0.24801641702651978,-0.5125592947006226,-0.05249464511871338,-0.5851076245307922,0.12049293518066406,-0.2637198269367218,-0.689233660697937,0.4790855348110199,0.16556447744369507,0.34449368715286255,-0.36467093229293823,-0.07276982069015503,-0.3022879362106323,0.08832067251205444,0.5207984447479248,0.32314956188201904,0.5936789512634277,-0.2968064546585083,0.16937391459941864,0.23653686046600342,0.06736582517623901,-0.33439552783966064,-0.08484959602355957,-0.1397898942232132,-0.17046119272708893,-0.09418845176696777,-0.037990063428878784,-0.2604812979698181,-0.10004276037216187,-0.02527463436126709,-0.40331488847732544,-0.028350740671157837,-0.15268108248710632,0.12801897525787354,0.6404793858528137,0.11486455798149109,-0.10431307554244995,-0.757162868976593,0.17952871322631836
0.23468244075775146,-0.35612839460372925,-0.003547847270965576,-0.47147926688194275,-0.3404623568058014,-0.08368325233459473,-0.2620372772216797,0.390703409910202,-0.25388777256011963,-0.0484960675239563,-0.12935905158519745,-0.011746704578399658,-0.1578984260559082,0.038820862770080566,-0.23675858974456787,0.036049604415893555,-0.14766721427440643,0.06251198053359985,-0.06449678540229797,0.1161462590098381,0.22190415859222412,0.2110424041748047,0.28653281927108765,0.5574086308479309,0.5042190551757812,0.024144768714904785,-0.24598464369773865,0.4497948884963989,0.40942105650901794,-0.11960174143314362,0.08214829862117767,0.09611648321151733,0.0091475248336792,0.0531807541847229,-0.16102749109268188,-0.13498276472091675,0.16360855102539062,0.09958751499652863,0.18062782287597656,-0.24500921368598938,0.018390029668807983,-0.502636194229126,0.7516812682151794,0.348079651594162,0.3689929246902466,-0.21696625649929047,0.378273606300354,-0.09792095422744751,0.1345173567533493,0.13444304466247559,-0.061588916927576065,-0.45192253589630127,0.3156956434249878,0.4463334083557129,-0.2339397668838501,-0.07312321662902832,0.017436165362596512,0.11481056362390518,0.12776467204093933,-0.49152040481567383,-0.2030121088027954,0.25663819909095764,-0.5223173499107361,-0.06976950168609619,-0.6039502024650574,0.1259480118751526,-0.26263368129730225,-0.7105750441551208,0.49428513646125793,0.17184841632843018,0.35751014947891235,-0.3468249440193176,-0.09727157652378082,-0.3017459511756897,0.08945363759994507,0.5224038362503052,0.30362260341644287,0.6088780164718628,-0.3083838224411011,0.18898853659629822,0.23880362510681152,0.06481027603149414,-0.36393070220947266,-0.08147120475769043,-0.14416615664958954,-0.1981208324432373,-0.11701193451881409,-0.025461867451667786,-0.2650347948074341,-0.0743027925491333,-0.027286052703857422,-0.4222126603126526,-0.027627170085906982,-0.15271863341331482,0.13736113905906677,0.6763904690742493,0.12916311621665955,-0.12232977151870728,-0.7989451885223389,0.19389653205871582
0.24152514338493347,-0.3588523268699646,0.038811326026916504,-0.40478554368019104,-0.29229971766471863,-0.07440999150276184,-0.2532491385936737,0.38005608320236206,-0.2839753031730652,-0.09247395396232605,-0.10384052991867065,-0.03495281934738159,-0.09798678755760193,0.002238661050796509,-0.2577916383743286,0.04276737570762634,-0.09044747054576874,0.06201577186584473,-0.05208352208137512,0.12674623727798462,0.23494815826416016,0.211078941822052,0.25249165296554565,0.578369677066803,0.48187440633773804,0.009899049997329712,-0.2974421977996826,0.4701976776123047,0.3902488052845001,-0.10093237459659576,0.05311034619808197,0.06620219349861145,-0.008932173252105713,0.060454607009887695,-0.1727130115032196,-0.08411914110183716,0.1729165017604828,0.11364050209522247,0.20057064294815063,-0.2935461699962616,0.010908916592597961,-0.4826599657535553,0.7455968856811523,0.3192840814590454,0.38370251655578613,-0.23986351490020752,0.37975749373435974,-0.04065597057342529,0.10041627287864685,0.09223508834838867,-0.02759028971195221,-0.4589945673942566,0.3313972055912018,0.3933042287826538,-0.24861431121826172,-0.09115225076675415,0.03393055871129036,0.15140753984451294,0.1213148832321167,-0.4438002109527588,-0.2167654037475586,0.26705262064933777,-0.5182609558105469,-0.0364152193069458,-0.5749304890632629,0.11924540996551514,-0.26856523752212524,-0.6620218753814697,0.46697720885276794,0.16232633590698242,0.33894240856170654,-0.3972656726837158,-0.05610828101634979,-0.30088722705841064,0.0891309380531311,0.5350726842880249,0.35235798358917236,0.5834556221961975,-0.27631595730781555,0.15424883365631104,0.21963179111480713,0.06057804822921753,-0.31416594982147217,-0.08199429512023926,-0.15711407363414764,-0.14154532551765442,-0.08309447765350342,-0.04234917461872101,-0.27478769421577454,-0.11723151803016663,-0.029723674058914185,-0.407934308052063,-0.040885359048843384,-0.14327159523963928,0.1063866913318634,0.6231657266616821,0.1001313328742981,-0.09100073575973511,-0.7499189376831055,0.1664257049560547
0.24362722039222717,-0.32975882291793823,-0.010224401950836182,-0.4479939043521881,-0.3316366970539093,-0.08779072761535645,-0.24363791942596436,0.38766759634017944,-0.2542154788970947,-0.047715723514556885,-0.123904287815094,-0.020957589149475098,-0.17612618207931519,0.034793347120285034,-0.20818817615509033,0.025239259004592896,-0.13287445902824402,0.04069903492927551,-0.05796155333518982,0.09994753450155258,0.21020245552062988,0.20190533995628357,0.2866048216819763,0.5322266817092896,0.4786835014820099,0.009974420070648193,-0.20319071412086487,0.45124661922454834,0.41276097297668457,-0.09490393102169037,0.08926020562648773,0.09003055095672607,-0.0005184412002563477,0.024872124195098877,-0.17179256677627563,-0.12157666683197021,0.15501102805137634,0.10868267714977264,0.14897334575653076,-0.25020599365234375,0.01900392770767212,-0.5223113298416138,0.7617797255516052,0.33334457874298096,0.37148067355155945,-0.22549769282341003,0.37035101652145386,-0.08960801362991333,0.11754083633422852,0.11531952023506165,-0.037766218185424805,-0.4629659652709961,0.30407997965812683,0.43992969393730164,-0.24989843368530273,-0.05726063251495361,0.04024649038910866,0.12719759345054626,0.09614573419094086,-0.5018758773803711,-0.17969202995300293,0.22970986366271973,-0.5047037601470947,-0.05829191207885742,-0.5974888205528259,0.12545722723007202,-0.27213090658187866,-0.7230820059776306,0.47329622507095337,0.16451555490493774,0.3500922918319702,-0.35035964846611023,-0.09030652046203613,-0.30986565351486206,0.07609033584594727,0.5170656442642212,0.31439220905303955,0.6022273898124695,-0.3206186294555664,0.17300601303577423,0.2801229953765869,0.07645902037620544,-0.36027956008911133,-0.08021563291549683,-0.10878661274909973,-0.17586342990398407,-0.09642153978347778,-0.04101887345314026,-0.23818553984165192,-0.08581620454788208,-0.02060753107070923,-0.39492475986480713,-0.005767732858657837,-0.17501452565193176,0.15422633290290833,0.6518819332122803,0.11626651883125305,-0.13550645112991333,-0.7627553939819336,0.19005322456359863
0.24152514338493347,-0.3588523268699646,0.038811326026916504,-0.40478554368019104,-0.29229971766471863,-0.07440999150276184,-0.2532491385936737,0.38005608320236206,-0.2839753031730652,-0.09247395396232605,-0.10384052991867065,-0.03495281934738159,-0.09798678755760193,0.002238661050796509,-0.2577916383743286,0.04276737570762634,-0.09044747054576874,0.06201577186584473,-0.05208352208137512,0.12674623727798462,0.23494815826416016,0.211078941822052,0.25249165296554565,0.578369677066803,0.48187440633773804,0.009899049997329712,-0.2974421977996826,0.4701976776123047,0.3902488052845001,-0.10093237459659576,0.05311034619808197,0.06620219349861145,-0.008932173252105713,0.060454607009887695,-0.1727130115032196,-0.08411914110183716,0.1729165017604828,0.11364050209522247,0.20057064294815063,-0.2935461699962616,0.010908916592597961,-0.4826599657535553,0.7455968856811523,0.3192840814590454,0.38370251655578613,-0.23986351490020752,0.37975749373435974,-0.04065597057342529,0.10041627287864685,0.09223508834838867,-0.02759028971195221,-0.4589945673942566,0.3313972055912018,0.3933042287826538,-0.24861431121826172,-0.09115225076675415,0.03393055871129036,0.15140753984451294,0.1213148832321167,-0.4438002109527588,-0.2167654037475586,0.26705262064933777,-0.5182609558105469,-0.0364152193069458,-0.5749304890632629,0.11924540996551514,-0.26856523752212524,-0.6620218753814697,0.46697720885276794,0.16232633590698242,0.33894240856170654,-0.3972656726837158,-0.05610828101634979,-0.30088722705841064,0.0891309380531311,0.5350726842880249,0.35235798358917236,0.5834556221961975,-0.27631595730781555,0.15424883365631104,0.21963179111480713,0.06057804822921753,-0.31416594982147217,-0.08199429512023926,-0.15711407363414764,-0.14154532551765442,-0.08309447765350342,-0.04234917461872101,-0.27478769421577454,-0.11723151803016663,-0.029723674058914185,-0.407934308052063,-0.040885359048843384,-0.14327159523963928,0.1063866913318634,0.6231657266616821,0.1001313328742981,-0.09100073575973511,-0.7499189376831055,0.1664257049560547
0.24152514338493347,-0.3588523268699646,0.038811326026916504,-0.40478554368019104,-0.29229971766471863,-0.07440999150276184,-0.2532491385936737,0.38005608320236206,-0.2839753031730652,-0.09247395396232605,-0.10384052991867065,-0.03495281934738159,-0.09798678755760193,0.002238661050796509,-0.2577916383743286,0.04276737570762634,-0.09044747054576874,0.06201577186584473,-0.05208352208137512,0.12674623727798462,0.23494815826416016,0.211078941822052,0.25249165296554565,0.578369677066803,0.48187440633773804,0.009899049997329712,-0.2974421977996826,0.4701976776123047,0.3902488052845001,-0.10093237459659576,0.05311034619808197,0.06620219349861145,-0.008932173252105713,0.060454607009887695,-0.1727130115032196,-0.08411914110183716,0.1729165017604828,0.11364050209522247,0.20057064294815063,-0.2935461699962616,0.010908916592597961,-0.4826599657535553,0.7455968856811523,0.3192840814590454,0.38370251655578613,-0.23986351490020752,0.37975749373435974,-0.04065597057342529,0.10041627287864685,0.09223508834838867,-0.02759028971195221,-0.4589945673942566,0.3313972055912018,0.3933042287826538,-0.24861431121826172,-0.09115225076675415,0.03393055871129036,0.15140753984451294,0.1213148832321167,-0.4438002109527588,-0.2167654037475586,0.26705262064933777,-0.5182609558105469,-0.0364152193069458,-0.5749304890632629,0.11924540996551514,-0.26856523752212524,-0.6620218753814697,0.46697720885276794,0.16232633590698242,0.33894240856170654,-0.3972656726837158,-0.05610828101634979,-0.30088722705841064,0.0891309380531311,0.5350726842880249,0.35235798358917236,0.5834556221961975,-0.27631595730781555,0.15424883365631104,0.21963179111480713,0.06057804822921753,-0.31416594982147217,-0.08199429512023926,-0.15711407363414764,-0.14154532551765442,-0.08309447765350342,-0.04234917461872101,-0.27478769421577454,-0.11723151803016663,-0.029723674058914185,-0.407934308052063,-0.040885359048843384,-0.14327159523963928,0.1063866913318634,0.6231657266616821,0.1001313328742981,-0.09100073575973511,-0.7499189376831055,0.1664257049560547
0.24059274792671204,-0.33490997552871704,0.01349639892578125,-0.41576531529426575,-0.30569058656692505,-0.08135941624641418,-0.2410031259059906,0.37932687997817993,-0.2662298381328583,-0.07216653227806091,-0.11125047504901886,-0.029876410961151123,-0.13486823439598083,0.015881597995758057,-0.2258603572845459,0.029864579439163208,-0.1077217161655426,0.045305997133255005,-0.05399027466773987,0.10950479656457901,0.21658405661582947,0.20101398229599,0.26560842990875244,0.5437575578689575,0.47038525342941284,0.006556332111358643,-0.2403898537158966,0.45605015754699707,0.3978917896747589,-0.09148810803890228,0.07088981568813324,0.07675233483314514,-0.006551563739776611,0.038391679525375366,-0.17169874906539917,-0.10047373175621033,0.16034643352031708,0.11131665110588074,0.16553813219070435,-0.26903533935546875,0.013993918895721436,-0.49786025285720825,0.7466138601303101,0.31834349036216736,0.3730604946613312,-0.2307119071483612,0.36994701623916626,-0.06216573715209961,0.10600310564041138,0.10018290579319,-0.026638954877853394,-0.45550644397735596,0.3093660771846771,0.4108251631259918,-0.2486858069896698,-0.07231613993644714,0.040787581354379654,0.13905340433120728,0.09993241727352142,-0.46856558322906494,-0.19217467308044434,0.2384522706270218,-0.5019057989120483,-0.044847846031188965,-0.5783553123474121,0.1205323338508606,-0.2681068778038025,-0.6867232322692871,0.46286725997924805,0.1605706810951233,0.3381369709968567,-0.3689437508583069,-0.06966368108987808,-0.3039745092391968,0.08152258396148682,0.5189418792724609,0.3315225839614868,0.5840058326721191,-0.2956992983818054,0.15609602630138397,0.2530701160430908,0.07010379433631897,-0.33325499296188354,-0.08004945516586304,-0.12387695908546448,-0.1515134572982788,-0.08402848243713379,-0.04444664716720581,-0.24893423914909363,-0.1038472056388855,-0.02306973934173584,-0.39137905836105347,-0.02022022008895874,-0.16023418307304382,0.1293516755104065,0.624535083770752,0.10476863384246826,-0.11107069253921509,-0.7404849529266357,0.17546391487121582
0.22205308079719543,-0.35968053340911865,-0.0016693472862243652,-0.47939422726631165,-0.34907007217407227,-0.07019060850143433,-0.2757507562637329,0.3970814347267151,-0.2465360462665558,-0.046818703413009644,-0.12315033376216888,-0.00743180513381958,-0.15660414099693298,0.044052302837371826,-0.2520054578781128,0.04841256141662598,-0.1407334953546524,0.06064102053642273,-0.06885221600532532,0.1036895290017128,0.22640401124954224,0.21996696293354034,0.2855410575866699,0.5547560453414917,0.5057967901229858,0.016034305095672607,-0.2468145489692688,0.45489734411239624,0.40416818857192993,-0.1364966183900833,0.09260259568691254,0.0929577648639679,0.017852842807769775,0.04836219549179077,-0.15130400657653809,-0.14146554470062256,0.1546107530593872,0.08161316812038422,0.1947728395462036,-0.23751115798950195,0.035054802894592285,-0.511188805103302,0.752397894859314,0.360041081905365,0.35629189014434814,-0.2187618911266327,0.3699267506599426,-0.10521721839904785,0.1414446085691452,0.14584055542945862,-0.08532604575157166,-0.4461160898208618,0.3212994635105133,0.4482634365558624,-0.244093120098114,-0.06702232360839844,0.018608707934617996,0.11798889189958572,0.14506754279136658,-0.4787724018096924,-0.19679033756256104,0.2612455487251282,-0.5243161916732788,-0.06737673282623291,-0.5967233777046204,0.13097012042999268,-0.25873422622680664,-0.7058476209640503,0.4852587878704071,0.1666015386581421,0.356301486492157,-0.3450199365615845,-0.09660099446773529,-0.29575812816619873,0.07734566926956177,0.509146511554718,0.29757118225097656,0.6098421812057495,-0.317121684551239,0.21209928393363953,0.2298520803451538,0.07545003294944763,-0.34563350677490234,-0.08546620607376099,-0.1627732664346695,-0.22743111848831177,-0.1288841962814331,-0.02555936574935913,-0.25964003801345825,-0.06681409478187561,-0.025954514741897583,-0.421061635017395,-0.03133577108383179,-0.14777490496635437,0.14476680755615234,0.6881363391876221,0.12359628081321716,-0.13211065530776978,-0.7971628308296204,0.1847379207611084
0.22329768538475037,-0.34802013635635376,0.004460513591766357,-0.4552312195301056,-0.33430764079093933,-0.07677185535430908,-0.2618272304534912,0.3856087028980255,-0.25092613697052,-0.05424502491950989,-0.12077149748802185,-0.01586359739303589,-0.15250885486602783,0.02730277180671692,-0.24212586879730225,0.041570693254470825,-0.1341254711151123,0.053957074880599976,-0.06240013241767883,0.09641233831644058,0.22347936034202576,0.21516288816928864,0.2764854431152344,0.550514817237854,0.48754116892814636,0.009733200073242188,-0.23443862795829773,0.455858051776886,0.4042924642562866,-0.120857372879982,0.08874569833278656,0.08668479323387146,0.012095332145690918,0.04401189088821411,-0.15745952725410461,-0.12788277864456177,0.15023700892925262,0.08898797631263733,0.1804196834564209,-0.2433626353740692,0.023578494787216187,-0.5027711391448975,0.7499315142631531,0.3452126979827881,0.3597370684146881,-0.22134435176849365,0.3671959638595581,-0.0911744236946106,0.12877455353736877,0.1321195363998413,-0.058798227459192276,-0.44671082496643066,0.3108786344528198,0.4321824908256531,-0.2477969527244568,-0.06962862610816956,0.02772209420800209,0.12359979003667831,0.12874270975589752,-0.4762614965438843,-0.18813061714172363,0.2466813325881958,-0.510366678237915,-0.06151747703552246,-0.5888670086860657,0.12428772449493408,-0.2603660225868225,-0.6986245512962341,0.47698450088500977,0.16457653045654297,0.34810715913772583,-0.3476472496986389,-0.08675907552242279,-0.29321104288101196,0.08059138059616089,0.506230354309082,0.3033289909362793,0.6008662581443787,-0.31261804699897766,0.19378113746643066,0.23604345321655273,0.0728059709072113,-0.3352541923522949,-0.08937805891036987,-0.1447136253118515,-0.199411079287529,-0.11288520693778992,-0.0339168906211853,-0.2521776556968689,-0.0812126100063324,-0.023966163396835327,-0.40491795539855957,-0.02246306836605072,-0.15677443146705627,0.1425296664237976,0.6590846180915833,0.1217355728149414,-0.12199997901916504,-0.7666887640953064,0.1790304183959961
0.250955730676651,-0.3416663408279419,0.0006778836250305176,-0.44161924719810486,-0.32177603244781494,-0.09359925985336304,-0.2422429919242859,0.3834981620311737,-0.26781511306762695,-0.057426244020462036,-0.12613260746002197,-0.02584230899810791,-0.16079075634479523,0.02341628074645996,-0.21723628044128418,0.025557011365890503,-0.13262444734573364,0.051625728607177734,-0.0535697340965271,0.11520654708147049,0.21841612458229065,0.20351077616214752,0.2805842161178589,0.5559563040733337,0.4860086739063263,0.01738649606704712,-0.23067894577980042,0.45779693126678467,0.4143052101135254,-0.09209240972995758,0.0759887546300888,0.08690327405929565,-0.006429135799407959,0.04100283980369568,-0.17885416746139526,-0.11128705739974976,0.16712406277656555,0.11887729167938232,0.15853244066238403,-0.2643188238143921,0.005080550909042358,-0.5090632438659668,0.7630814909934998,0.32971394062042236,0.3861798942089081,-0.22883044183254242,0.3826991021633148,-0.07638901472091675,0.11364176869392395,0.1073661744594574,-0.02336879074573517,-0.4696734547615051,0.3110685348510742,0.4324679970741272,-0.2434576153755188,-0.07259771227836609,0.03605460003018379,0.12910127639770508,0.09732232987880707,-0.5011323690414429,-0.19541943073272705,0.24227842688560486,-0.5139732360839844,-0.057456135749816895,-0.6033924221992493,0.1211700439453125,-0.27418699860572815,-0.7172709703445435,0.4870724081993103,0.17095458507537842,0.35346466302871704,-0.36448532342910767,-0.08498784154653549,-0.3119634985923767,0.09116297960281372,0.5352298021316528,0.32657909393310547,0.6045751571655273,-0.30772554874420166,0.15990930795669556,0.2672736644744873,0.06304949522018433,-0.3642631769180298,-0.08006280660629272,-0.11467903852462769,-0.15465572476387024,-0.08907413482666016,-0.03957843780517578,-0.25619620084762573,-0.09718427062034607,-0.02534341812133789,-0.4070025086402893,-0.014420896768569946,-0.16997072100639343,0.13886868953704834,0.6478129029273987,0.12120920419692993,-0.11862391233444214,-0.7723269462585449,0.19417405128479004
0.23433107137680054,-0.35717809200286865,0.003514111042022705,-0.4619296193122864,-0.33372223377227783,-0.0816454291343689,-0.26143762469291687,0.38938087224960327,-0.2589576244354248,-0.056007981300354004,-0.1250879317522049,-0.015548408031463623,-0.14905759692192078,0.031583696603775024,-0.2421804666519165,0.038994044065475464,-0.13918232917785645,0.06253936886787415,-0.06178852915763855,0.11629948765039444,0.22530600428581238,0.21234416961669922,0.2799302935600281,0.5631688833236694,0.5015265941619873,0.021160095930099487,-0.2544015944004059,0.455685019493103,0.40688496828079224,-0.11861689388751984,0.07927899062633514,0.08991774916648865,0.007128417491912842,0.054583966732025146,-0.16300639510154724,-0.12712299823760986,0.16442330181598663,0.09991571307182312,0.1848698854446411,-0.25147944688796997,0.01709839701652527,-0.5000532269477844,0.7528536319732666,0.34539368748664856,0.37204891443252563,-0.2211359590291977,0.37983810901641846,-0.08860307931900024,0.13016852736473083,0.12874984741210938,-0.05653414502739906,-0.4541318416595459,0.3190974295139313,0.4386557638645172,-0.23739460110664368,-0.07738295197486877,0.021402496844530106,0.1210213378071785,0.12751875817775726,-0.484799861907959,-0.20445823669433594,0.25857579708099365,-0.5226455926895142,-0.06426405906677246,-0.5996116399765015,0.12422525882720947,-0.2633216977119446,-0.7044538259506226,0.49229615926742554,0.1709752082824707,0.35543256998062134,-0.35534971952438354,-0.08933146297931671,-0.3018459677696228,0.09073048830032349,0.5249922275543213,0.3106575012207031,0.6060925126075745,-0.3045790195465088,0.18513859808444977,0.23517990112304688,0.06350621581077576,-0.3547121286392212,-0.08258897066116333,-0.14737476408481598,-0.19078949093818665,-0.11128103733062744,-0.029067784547805786,-0.26694256067276,-0.08187231421470642,-0.02743247151374817,-0.42108938097953796,-0.030194073915481567,-0.15124383568763733,0.13340497016906738,0.6697335839271545,0.1252073049545288,-0.11679613590240479,-0.7913398742675781,0.19065070152282715
0.21517214179039001,-0.3581116497516632,0.01805281639099121,-0.45351335406303406,-0.3307937681674957,-0.07041478157043457,-0.2689650356769562,0.3849829137325287,-0.25590217113494873,-0.0638778805732727,-0.11468817293643951,-0.018555641174316406,-0.1340879201889038,0.017694056034088135,-0.2595949172973633,0.04941827058792114,-0.12668217718601227,0.06004324555397034,-0.06201702356338501,0.09608470648527145,0.2321358323097229,0.22119596600532532,0.26746857166290283,0.5664355754852295,0.4911704957485199,0.00684627890586853,-0.2544559836387634,0.46536844968795776,0.3998783528804779,-0.13029520213603973,0.08682958781719208,0.07787072658538818,0.014897942543029785,0.05416491627693176,-0.15334132313728333,-0.1250579059123993,0.1492096334695816,0.08143815398216248,0.1966513991355896,-0.2483000010251999,0.023970752954483032,-0.4932645857334137,0.7487524747848511,0.3479313254356384,0.35806089639663696,-0.22352194786071777,0.36858901381492615,-0.08323550224304199,0.13135050237178802,0.1348879039287567,-0.06473270058631897,-0.4419093728065491,0.31599172949790955,0.42576920986175537,-0.2504546046257019,-0.07946750521659851,0.02710844948887825,0.12812325358390808,0.14218568801879883,-0.46222174167633057,-0.19270539283752441,0.2551635503768921,-0.515774130821228,-0.05968058109283447,-0.5849254727363586,0.12309664487838745,-0.2563478946685791,-0.6872448325157166,0.48100394010543823,0.16469556093215942,0.34815558791160583,-0.3527657389640808,-0.0788288563489914,-0.2896578907966614,0.08404272794723511,0.5053774118423462,0.3057418465614319,0.6008861064910889,-0.3065091371536255,0.20042845606803894,0.21511495113372803,0.07172510027885437,-0.31950080394744873,-0.09424722194671631,-0.1625962257385254,-0.2055674046278,-0.11467474699020386,-0.03276240825653076,-0.261325478553772,-0.08802562952041626,-0.02524775266647339,-0.40921157598495483,-0.032317668199539185,-0.14744296669960022,0.135750412940979,0.6573257446289062,0.12284457683563232,-0.10961467027664185,-0.7644687294960022,0.17332935333251953
0.20259413123130798,-0.37507063150405884,0.029639005661010742,-0.46259042620658875,-0.33180198073387146,-0.06461793184280396,-0.280680388212204,0.38619139790534973,-0.2580863833427429,-0.0713793933391571,-0.11412258446216583,-0.013573825359344482,-0.10912996530532837,0.015353262424468994,-0.28343117237091064,0.057215332984924316,-0.12733469903469086,0.07583361864089966,-0.06450062990188599,0.10412662476301193,0.24135929346084595,0.2278229296207428,0.25825464725494385,0.5809671878814697,0.5079877376556396,0.014532804489135742,-0.29158926010131836,0.4649001359939575,0.39037561416625977,-0.14598460495471954,0.08148543536663055,0.07461622357368469,0.023539423942565918,0.07412064075469971,-0.14158332347869873,-0.1289595663547516,0.15146392583847046,0.06981365382671356,0.2218877673149109,-0.24667884409427643,0.030199408531188965,-0.473367840051651,0.7361673712730408,0.3560984134674072,0.3507997989654541,-0.21893416345119476,0.37084540724754333,-0.08057981729507446,0.1388436257839203,0.1456463634967804,-0.08460286259651184,-0.42609333992004395,0.32272398471832275,0.4205339550971985,-0.24346670508384705,-0.09241420030593872,0.0127033032476902,0.12542983889579773,0.16742205619812012,-0.44570350646972656,-0.20965051651000977,0.2738915979862213,-0.5271571278572083,-0.06325674057006836,-0.5790584087371826,0.1233832836151123,-0.24583765864372253,-0.6659929752349854,0.4893263578414917,0.16569387912750244,0.3462727665901184,-0.3529532551765442,-0.07818557322025299,-0.28323739767074585,0.0907430648803711,0.5045450925827026,0.299458384513855,0.5993615388870239,-0.29306355118751526,0.2107752561569214,0.18044233322143555,0.06612136960029602,-0.31055712699890137,-0.09516048431396484,-0.19334910809993744,-0.22380465269088745,-0.12751352787017822,-0.02202381193637848,-0.28032177686691284,-0.08595243096351624,-0.030263155698776245,-0.4211569130420685,-0.050883740186691284,-0.12605321407318115,0.12081867456436157,0.667458176612854,0.12524503469467163,-0.09569638967514038,-0.7758668661117554,0.17043495178222656
0.23849985003471375,-0.3449806571006775,0.010306358337402344,-0.4364258944988251,-0.3187015950679779,-0.0823601484298706,-0.24929487705230713,0.3843294084072113,-0.2658725380897522,-0.06667593121528625,-0.11706550419330597,-0.025495052337646484,-0.14218974113464355,0.019620507955551147,-0.2333887815475464,0.03335490822792053,-0.12042601406574249,0.051593393087387085,-0.05596047639846802,0.1099710538983345,0.2221055030822754,0.20723114907741547,0.27131396532058716,0.5560216903686523,0.4852654039859772,0.011491864919662476,-0.24419426918029785,0.4607654809951782,0.4046708047389984,-0.10195814073085785,0.07660810649394989,0.0806456208229065,-0.0009885430335998535,0.044226497411727905,-0.16964063048362732,-0.11096346378326416,0.1612626612186432,0.10541073977947235,0.17202997207641602,-0.2627061605453491,0.014995455741882324,-0.5018249750137329,0.7554124593734741,0.33122918009757996,0.3749411404132843,-0.2287660539150238,0.37679219245910645,-0.07151859998703003,0.11637784540653229,0.11275920271873474,-0.037744760513305664,-0.45728421211242676,0.31252098083496094,0.4242236316204071,-0.24743476510047913,-0.07542774081230164,0.03539200499653816,0.1334875524044037,0.10987965762615204,-0.4799926280975342,-0.19598031044006348,0.2457352876663208,-0.5132502317428589,-0.05246937274932861,-0.5902419090270996,0.12262892723083496,-0.26768988370895386,-0.6991875767707825,0.4794566035270691,0.1662207841873169,0.34731927514076233,-0.3650670647621155,-0.07721894234418869,-0.30619579553604126,0.08653610944747925,0.5239570140838623,0.32505834102630615,0.5970062613487244,-0.30230358242988586,0.1682332158088684,0.24869775772094727,0.06825369596481323,-0.3433504104614258,-0.08265793323516846,-0.13255348801612854,-0.16865533590316772,-0.09359002113342285,-0.039463043212890625,-0.25678229331970215,-0.09847956895828247,-0.024569004774093628,-0.4036530554294586,-0.02371123433113098,-0.1588534414768219,0.1331542730331421,0.6449989080429077,0.11463680863380432,-0.11269766092300415,-0.761748194694519,0.18378639221191406
0.2346375286579132,-0.36296510696411133,0.03988593816757202,-0.4117310345172882,-0.2977575957775116,-0.06924322247505188,-0.2596970200538635,0.3831706643104553,-0.2815479338169098,-0.0920526385307312,-0.10195904970169067,-0.032261788845062256,-0.09664404392242432,0.0034803450107574463,-0.26652777194976807,0.04831862449645996,-0.09051869809627533,0.0629134476184845,-0.054679304361343384,0.12256097048521042,0.23822379112243652,0.21570701897144318,0.25233322381973267,0.58057701587677,0.4856066107749939,0.0072949230670928955,-0.2999154329299927,0.47307872772216797,0.3893430531024933,-0.11005140841007233,0.0577269047498703,0.06572982668876648,-0.0037293434143066406,0.061173319816589355,-0.16744667291641235,-0.0893024206161499,0.16902558505535126,0.10483929514884949,0.20787566900253296,-0.2887740433216095,0.01655307412147522,-0.48428621888160706,0.7469897270202637,0.32583627104759216,0.3784031867980957,-0.239193856716156,0.37828126549720764,-0.04483771324157715,0.10536491870880127,0.10044489800930023,-0.03867185115814209,-0.45528173446655273,0.33376798033714294,0.39638543128967285,-0.25160908699035645,-0.09087264537811279,0.03247446194291115,0.15130063891410828,0.1301192194223404,-0.43945133686065674,-0.21577191352844238,0.2695586383342743,-0.5207391977310181,-0.03697943687438965,-0.5736097097396851,0.12105876207351685,-0.2662642300128937,-0.661283016204834,0.4678460359573364,0.1620141863822937,0.3399900496006012,-0.39457857608795166,-0.056245677173137665,-0.2984362840652466,0.08662134408950806,0.5298739671707153,0.3477852940559387,0.5857765674591064,-0.2797590494155884,0.165755033493042,0.21269214153289795,0.0641559362411499,-0.30806398391723633,-0.08482176065444946,-0.1668965369462967,-0.15660178661346436,-0.09027227759361267,-0.041196420788764954,-0.2752387821674347,-0.11361628770828247,-0.029265940189361572,-0.41020649671554565,-0.044410765171051025,-0.14019489288330078,0.1086626648902893,0.6308966875076294,0.10048860311508179,-0.09270638227462769,-0.7526618242263794,0.1641983985900879
0.22684919834136963,-0.3538791835308075,-0.00019484758377075195,-0.467050701379776,-0.34036824107170105,-0.07591104507446289,-0.26649659872055054,0.3907240629196167,-0.25037625432014465,-0.049776822328567505,-0.12370419502258301,-0.011741161346435547,-0.1556234359741211,0.03748860955238342,-0.24371600151062012,0.04270303249359131,-0.1389995962381363,0.05864712595939636,-0.06436863541603088,0.10548260062932968,0.2239300012588501,0.21489733457565308,0.2816888689994812,0.5530564188957214,0.4983814060688019,0.017099440097808838,-0.24333831667900085,0.45324355363845825,0.404459148645401,-0.1260697990655899,0.08737830817699432,0.09115901589393616,0.01185673475265503,0.047771334648132324,-0.1569962203502655,-0.13295572996139526,0.15705807507038116,0.08989766240119934,0.1857132911682129,-0.24228356778621674,0.02738851308822632,-0.5061273574829102,0.7501038908958435,0.35068202018737793,0.3619457185268402,-0.21998295187950134,0.370659738779068,-0.09705281257629395,0.13422873616218567,0.13581499457359314,-0.06922516226768494,-0.4490978717803955,0.31656140089035034,0.4402119815349579,-0.24255621433258057,-0.06943252682685852,0.021983418613672256,0.1192789301276207,0.1334228813648224,-0.48119592666625977,-0.19638419151306152,0.2560370862483978,-0.5191643238067627,-0.06471264362335205,-0.59494549036026,0.12690776586532593,-0.26076728105545044,-0.7032846808433533,0.4834102988243103,0.16738981008529663,0.3528645932674408,-0.34816041588783264,-0.09310801327228546,-0.2964239716529846,0.08151406049728394,0.5132123827934265,0.30277127027511597,0.6049298048019409,-0.3120776116847992,0.19760596752166748,0.235335111618042,0.07107910513877869,-0.3477303981781006,-0.08410245180130005,-0.15110553801059723,-0.20738300681114197,-0.11828622221946716,-0.028794437646865845,-0.258541464805603,-0.07410359382629395,-0.026401787996292114,-0.41564494371414185,-0.0277729332447052,-0.1512913703918457,0.14109718799591064,0.6738413572311401,0.12250334024429321,-0.12714135646820068,-0.7861267924308777,0.1857459545135498
0.24149230122566223,-0.35132312774658203,0.0019094347953796387,-0.45367929339408875,-0.3279283940792084,-0.08388054370880127,-0.2550986111164093,0.38867709040641785,-0.2605572044849396,-0.05748620629310608,-0.12370198965072632,-0.018284142017364502,-0.14877009391784668,0.033794283866882324,-0.23271238803863525,0.033295631408691406,-0.13443884253501892,0.05895715951919556,-0.061008334159851074,0.12152180820703506,0.21996939182281494,0.2060440331697464,0.2807825207710266,0.5560354590415955,0.49669361114501953,0.02204185724258423,-0.2512448728084564,0.45146608352661133,0.40565139055252075,-0.10926033556461334,0.07474939525127411,0.0907331109046936,0.0014743208885192871,0.05125313997268677,-0.1672612726688385,-0.12272965908050537,0.1681789755821228,0.10789784789085388,0.17733317613601685,-0.25661247968673706,0.01525607705116272,-0.5010586380958557,0.7504453063011169,0.3375743329524994,0.3748893737792969,-0.22183673083782196,0.3799443244934082,-0.08465200662612915,0.12540578842163086,0.12055018544197083,-0.04912419617176056,-0.456584095954895,0.3170631527900696,0.4366249442100525,-0.2349122166633606,-0.07506728172302246,0.02355969324707985,0.12240790575742722,0.11742743849754333,-0.4858894348144531,-0.2049868106842041,0.25466930866241455,-0.5193856358528137,-0.061567068099975586,-0.5986124277114868,0.12411975860595703,-0.2659364938735962,-0.7044411301612854,0.4876031279563904,0.16971999406814575,0.353208065032959,-0.357792466878891,-0.08814901113510132,-0.3061222434043884,0.08938354253768921,0.5277243852615356,0.31671053171157837,0.6013829112052917,-0.30095288157463074,0.17392438650131226,0.24422740936279297,0.06367158889770508,-0.36048638820648193,-0.07755792140960693,-0.13769157230854034,-0.17861580848693848,-0.10435217618942261,-0.030676990747451782,-0.2639698386192322,-0.08426868915557861,-0.026992470026016235,-0.417183518409729,-0.027890324592590332,-0.15298587083816528,0.13131913542747498,0.6623288989067078,0.12115481495857239,-0.11715799570083618,-0.7876445651054382,0.19134736061096191
0.2249547243118286,-0.3592565357685089,0.003448665142059326,-0.46806928515434265,-0.3408283591270447,-0.07252156734466553,-0.2712066173553467,0.39377331733703613,-0.25222542881965637,-0.05386573076248169,-0.1214747428894043,-0.010938167572021484,-0.1489722728729248,0.0366574227809906,-0.2523120641708374,0.047026604413986206,-0.13618022203445435,0.06093454360961914,-0.0663556158542633,0.10806482285261154,0.22711950540542603,0.21806885302066803,0.2809027433395386,0.5591115951538086,0.5026372671127319,0.01582852005958557,-0.2536146342754364,0.4564597010612488,0.4033932089805603,-0.13091380894184113,0.08621959388256073,0.09070581197738647,0.014154195785522461,0.05164825916290283,-0.15514519810676575,-0.13390755653381348,0.1575104147195816,0.08732572197914124,0.19373583793640137,-0.24427509307861328,0.028554558753967285,-0.5050768852233887,0.7515019178390503,0.35292866826057434,0.3618457615375519,-0.2203332483768463,0.3731945753097534,-0.09601932764053345,0.1355227530002594,0.13860201835632324,-0.07376308739185333,-0.4482276439666748,0.32198795676231384,0.4409942328929901,-0.24271821975708008,-0.07209378480911255,0.020198334008455276,0.12118586152791977,0.1396516114473343,-0.47546589374542236,-0.20055830478668213,0.260720819234848,-0.5224579572677612,-0.06385612487792969,-0.59461510181427,0.12798303365707397,-0.26055681705474854,-0.7007284760475159,0.4852253496646881,0.16749954223632812,0.3541563153266907,-0.3511548638343811,-0.08992476016283035,-0.2966800332069397,0.08171766996383667,0.5136770606040955,0.3045574426651001,0.606342077255249,-0.3102741539478302,0.20149916410446167,0.22800374031066895,0.0712314248085022,-0.34320318698883057,-0.08541613817214966,-0.15961046516895294,-0.2123398333787918,-0.12177208065986633,-0.028374820947647095,-0.2629198431968689,-0.07440990209579468,-0.026135146617889404,-0.4202461838722229,-0.032590508460998535,-0.14789703488349915,0.138423889875412,0.6784153580665588,0.12205523252487183,-0.12399184703826904,-0.7907015085220337,0.1841261386871338
0.23714950680732727,-0.34739845991134644,-0.0032602548599243164,-0.455053448677063,-0.3302769958972931,-0.08245471119880676,-0.25585711002349854,0.3859294056892395,-0.2526837885379791,-0.050783127546310425,-0.12558643519878387,-0.014160871505737305,-0.15552443265914917,0.03768336772918701,-0.2314295768737793,0.035069823265075684,-0.13941636681556702,0.057203471660614014,-0.062050968408584595,0.11672540754079819,0.21723133325576782,0.20626558363437653,0.28187042474746704,0.5474948883056641,0.49225056171417236,0.02201247215270996,-0.242560476064682,0.4455236792564392,0.4037199318408966,-0.11388777196407318,0.07720522582530975,0.0946895182132721,0.0033356547355651855,0.04925224184989929,-0.16481593251228333,-0.12682673335075378,0.16475771367549896,0.1039511114358902,0.17544543743133545,-0.24753199517726898,0.016577333211898804,-0.49984222650527954,0.74338698387146,0.3388540744781494,0.3693162798881531,-0.21863436698913574,0.3736207187175751,-0.09213095903396606,0.12781807780265808,0.12418574094772339,-0.05326269939541817,-0.4532018303871155,0.3136023283004761,0.43621161580085754,-0.23298734426498413,-0.07049563527107239,0.021881360560655594,0.11676108092069626,0.11880190670490265,-0.48406553268432617,-0.2003844976425171,0.25224852561950684,-0.5137989521026611,-0.06345939636230469,-0.5949006676673889,0.1233031153678894,-0.26351219415664673,-0.701592206954956,0.48250141739845276,0.16861063241958618,0.35084134340286255,-0.35021883249282837,-0.09210579097270966,-0.2992669939994812,0.0872640609741211,0.5196130275726318,0.3082820773124695,0.5975865125656128,-0.30329829454421997,0.17871445417404175,0.2426055669784546,0.06364631652832031,-0.3587743043899536,-0.07796847820281982,-0.13696761429309845,-0.1831648200750351,-0.10805165767669678,-0.029886439442634583,-0.2586880922317505,-0.07675480842590332,-0.02659440040588379,-0.4150646924972534,-0.025349825620651245,-0.15334472060203552,0.13388413190841675,0.6622046232223511,0.12166166305541992,-0.12277251482009888,-0.7844576835632324,0.18996787071228027
0.241126149892807,-0.3587794303894043,0.03833061456680298,-0.4061300754547119,-0.2926281988620758,-0.07392576336860657,-0.2537250518798828,0.38024836778640747,-0.28308534622192383,-0.09187856316566467,-0.1039692610502243,-0.03401106595993042,-0.0969381332397461,0.004747241735458374,-0.2579296827316284,0.04242202639579773,-0.09094896912574768,0.06304013729095459,-0.05288645625114441,0.1285446286201477,0.23358052968978882,0.21000531315803528,0.25264066457748413,0.5772019028663635,0.4833213686943054,0.011592477560043335,-0.2997347116470337,0.46810853481292725,0.3892028033733368,-0.10195522010326385,0.05271999537944794,0.0667559802532196,-0.008939087390899658,0.06189417839050293,-0.171922504901886,-0.08578965067863464,0.17403192818164825,0.11304862797260284,0.20159423351287842,-0.29237526655197144,0.011969581246376038,-0.48107096552848816,0.7425931692123413,0.3189816474914551,0.3822537660598755,-0.2381930649280548,0.3794199824333191,-0.04215496778488159,0.10170814394950867,0.09292463958263397,-0.030407249927520752,-0.4568786025047302,0.3313080072402954,0.3938411474227905,-0.24626567959785461,-0.09122836589813232,0.03248067572712898,0.1493520438671112,0.12241953611373901,-0.443423867225647,-0.21855664253234863,0.2683679163455963,-0.5189937353134155,-0.03756570816040039,-0.5746396780014038,0.11920565366744995,-0.2674484848976135,-0.6607021689414978,0.4678957164287567,0.16278892755508423,0.33853599429130554,-0.395425945520401,-0.05701359361410141,-0.30082422494888306,0.08911389112472534,0.5347630977630615,0.3509324789047241,0.5825072526931763,-0.2746957540512085,0.1544417440891266,0.21773231029510498,0.06022706627845764,-0.31617605686187744,-0.08067059516906738,-0.15822967886924744,-0.14381688833236694,-0.08418935537338257,-0.040617793798446655,-0.2763402760028839,-0.11524727940559387,-0.03020608425140381,-0.4092620015144348,-0.042517781257629395,-0.14052793383598328,0.10500714182853699,0.624762237071991,0.10027188062667847,-0.09033143520355225,-0.7522854208946228,0.16745638847351074
0.24365156888961792,-0.346782922744751,0.010005414485931396,-0.4379163980484009,-0.3187122046947479,-0.08684247732162476,-0.2489219307899475,0.3847627639770508,-0.2680026888847351,-0.06630048155784607,-0.12025144696235657,-0.026565492153167725,-0.14338254928588867,0.0195503830909729,-0.23232769966125488,0.03118756413459778,-0.12465304136276245,0.053946614265441895,-0.0561600923538208,0.1150970384478569,0.22259488701820374,0.20670238137245178,0.27363014221191406,0.5613932609558105,0.4879961907863617,0.014680474996566772,-0.24797409772872925,0.4612613916397095,0.40824294090270996,-0.09973563253879547,0.07427076995372772,0.08226406574249268,-0.002477884292602539,0.046991586685180664,-0.17297402024269104,-0.1109457015991211,0.16545554995536804,0.11058779060840607,0.1717405915260315,-0.26641738414764404,0.009992092847824097,-0.5015840530395508,0.7579032182693481,0.3312103748321533,0.38041335344314575,-0.22839921712875366,0.3817850649356842,-0.07128524780273438,0.11642757058143616,0.11102882027626038,-0.03188249468803406,-0.46188634634017944,0.31393197178840637,0.42676326632499695,-0.24454879760742188,-0.0783449113368988,0.033448729664087296,0.13204607367515564,0.10867686569690704,-0.4853782653808594,-0.1990267038345337,0.24828028678894043,-0.5164355635643005,-0.05512726306915283,-0.5961900949478149,0.12134826183319092,-0.2695477604866028,-0.7038613557815552,0.48541009426116943,0.16869276762008667,0.3501599133014679,-0.3674958646297455,-0.07838340103626251,-0.3078807592391968,0.09065419435501099,0.5309715270996094,0.32688266038894653,0.6007376313209534,-0.30161193013191223,0.1642027199268341,0.25032520294189453,0.06419789791107178,-0.34977197647094727,-0.08220642805099487,-0.12950405478477478,-0.16255760192871094,-0.09143733978271484,-0.038789987564086914,-0.26071006059646606,-0.09888523817062378,-0.025310128927230835,-0.4073021411895752,-0.022966742515563965,-0.16017279028892517,0.13104620575904846,0.6468003392219543,0.11874860525131226,-0.11001569032669067,-0.7686798572540283,0.18656063079833984
0.24152514338493347,-0.3588523268699646,0.038811326026916504,-0.40478554368019104,-0.29229971766471863,-0.07440999150276184,-0.2532491385936737,0.38005608320236206,-0.2839753031730652,-0.09247395396232605,-0.10384052991867065,-0.03495281934738159,-0.09798678755760193,0.002238661050796509,-0.2577916383743286,0.04276737570762634,-0.09044747054576874,0.06201577186584473,-0.05208352208137512,0.12674623727798462,0.23494815826416016,0.211078941822052,0.25249165296554565,0.578369677066803,0.48187440633773804,0.009899049997329712,-0.2974421977996826,0.4701976776123047,0.3902488052845001,-0.10093237459659576,0.05311034619808197,0.06620219349861145,-0.008932173252105713,0.060454607009887695,-0.1727130115032196,-0.08411914110183716,0.1729165017604828,0.11364050209522247,0.20057064294815063,-0.2935461699962616,0.010908916592597961,-0.4826599657535553,0.7455968856811523,0.3192840814590454,0.38370251655578613,-0.23986351490020752,0.37975749373435974,-0.04065597057342529,0.10041627287864685,0.09223508834838867,-0.02759028971195221,-0.4589945673942566,0.3313972055912018,0.3933042287826538,-0.24861431121826172,-0.09115225076675415,0.03393055871129036,0.15140753984451294,0.1213148832321167,-0.4438002109527588,-0.2167654037475586,0.26705262064933777,-0.5182609558105469,-0.0364152193069458,-0.5749304890632629,0.11924540996551514,-0.26856523752212524,-0.6620218753814697,0.46697720885276794,0.16232633590698242,0.33894240856170654,-0.3972656726837158,-0.05610828101634979,-0.30088722705841064,0.0891309380531311,0.5350726842880249,0.35235798358917236,0.5834556221961975,-0.27631595730781555,0.15424883365631104,0.21963179111480713,0.06057804822921753,-0.31416594982147217,-0.08199429512023926,-0.15711407363414764,-0.14154532551765442,-0.08309447765350342,-0.04234917461872101,-0.27478769421577454,-0.11723151803016663,-0.029723674058914185,-0.407934308052063,-0.040885359048843384,-0.14327159523963928,0.1063866913318634,0.6231657266616821,0.1001313328742981,-0.09100073575973511,-0.7499189376831055,0.1664257049560547
0.2541496753692627,-0.33477962017059326,0.007372498512268066,-0.4225839078426361,-0.31250837445259094,-0.09154009819030762,-0.23617655038833618,0.3867989182472229,-0.27545857429504395,-0.07104092836380005,-0.11686721444129944,-0.0342177152633667,-0.1523919403553009,0.01303669810295105,-0.21674597263336182,0.02387353777885437,-0.11357955634593964,0.04058873653411865,-0.05186644196510315,0.11025720089673996,0.21878781914710999,0.20165744423866272,0.27447378635406494,0.5544286966323853,0.47734534740448,0.005420267581939697,-0.22767344117164612,0.4681001901626587,0.4147721827030182,-0.08090175688266754,0.07591317594051361,0.07859131693840027,-0.00973600149154663,0.03019106388092041,-0.18314120173454285,-0.09973746538162231,0.16361404955387115,0.12069204449653625,0.1522846817970276,-0.27627065777778625,0.006810635328292847,-0.5172916650772095,0.7746121883392334,0.3222753405570984,0.3898437023162842,-0.2370244264602661,0.38467419147491455,-0.060799598693847656,0.10342416167259216,0.09756617248058319,-0.010356619954109192,-0.4752504229545593,0.3109892010688782,0.42574867606163025,-0.2566424012184143,-0.0726640522480011,0.048419345170259476,0.14428767561912537,0.08534619212150574,-0.49598169326782227,-0.18902277946472168,0.2329598367214203,-0.5106239318847656,-0.04566037654876709,-0.5974079370498657,0.12207716703414917,-0.27945154905319214,-0.7181970477104187,0.47893601655960083,0.16680467128753662,0.3489435315132141,-0.3774069547653198,-0.07033054530620575,-0.31914013624191284,0.08619529008865356,0.5368380546569824,0.341200590133667,0.6019388437271118,-0.30927401781082153,0.14992359280586243,0.28057003021240234,0.0705345869064331,-0.35107851028442383,-0.08203071355819702,-0.106961190700531,-0.14297282695770264,-0.07530921697616577,-0.05084015429019928,-0.24831263720989227,-0.1114942729473114,-0.02068573236465454,-0.3945830166339874,-0.011214673519134521,-0.17678961157798767,0.1394176185131073,0.6346940994262695,0.11037454009056091,-0.11519640684127808,-0.7519581317901611,0.1875760555267334
0.2154151201248169,-0.35893017053604126,0.023686587810516357,-0.44290828704833984,-0.32494452595710754,-0.062160611152648926,-0.27113819122314453,0.39145568013191223,-0.26170259714126587,-0.07498487830162048,-0.10626682639122009,-0.019846975803375244,-0.12164458632469177,0.017736852169036865,-0.27047407627105713,0.05512815713882446,-0.1080443412065506,0.056108564138412476,-0.06277579069137573,0.0991274043917656,0.23482745885849,0.22298960387706757,0.261208713054657,0.5662371516227722,0.4925254285335541,0.0013415515422821045,-0.26904934644699097,0.47188353538513184,0.3937883675098419,-0.13125239312648773,0.08376435935497284,0.0727037787437439,0.01354140043258667,0.05009949207305908,-0.15321171283721924,-0.1176413893699646,0.15149036049842834,0.07824492454528809,0.20497852563858032,-0.25640958547592163,0.03351116180419922,-0.49899935722351074,0.7521375417709351,0.34703123569488525,0.35847917199134827,-0.2298366129398346,0.3704145848751068,-0.07336264848709106,0.12568233907222748,0.13027650117874146,-0.0693683922290802,-0.444726824760437,0.3247983455657959,0.4197827875614166,-0.2584472894668579,-0.07949426770210266,0.03184177353978157,0.13899704813957214,0.14250391721725464,-0.45020830631256104,-0.19756388664245605,0.26005664467811584,-0.5195730924606323,-0.048276662826538086,-0.575888454914093,0.12582451105117798,-0.25876253843307495,-0.6794685125350952,0.4735099971294403,0.1617932915687561,0.3441430330276489,-0.3672630488872528,-0.0681813657283783,-0.29369670152664185,0.07775664329528809,0.5081886053085327,0.31874150037765503,0.5958586931228638,-0.3043239712715149,0.19918979704380035,0.21607768535614014,0.07733011245727539,-0.30872201919555664,-0.09168493747711182,-0.17144769430160522,-0.20708265900611877,-0.11047112941741943,-0.03780007362365723,-0.26102304458618164,-0.0929383933544159,-0.024513989686965942,-0.40821003913879395,-0.03956848382949829,-0.14279472827911377,0.13101711869239807,0.659065842628479,0.10837733745574951,-0.11095094680786133,-0.759273886680603,0.16826272010803223
0.22912099957466125,-0.3536519706249237,0.0007033944129943848,-0.4637162387371063,-0.33687809109687805,-0.07750821113586426,-0.26336562633514404,0.38861167430877686,-0.2521917223930359,-0.05030527710914612,-0.12409952282905579,-0.01250535249710083,-0.15346333384513855,0.03556013107299805,-0.24076247215270996,0.040661633014678955,-0.13829942047595978,0.05950859189033508,-0.06360304355621338,0.10890486091375351,0.22325864434242249,0.21387718617916107,0.2817842364311218,0.5527859330177307,0.4967242479324341,0.01774364709854126,-0.24446439743041992,0.451377272605896,0.404017835855484,-0.12201468646526337,0.0836636871099472,0.09155932068824768,0.009712457656860352,0.04933163523674011,-0.15812331438064575,-0.13006830215454102,0.15813525021076202,0.09403465688228607,0.18396419286727905,-0.24548913538455963,0.023363322019577026,-0.5025038719177246,0.7477997541427612,0.34663596749305725,0.36315733194351196,-0.22019968926906586,0.37057965993881226,-0.09529024362564087,0.13092057406902313,0.13252195715904236,-0.0650331974029541,-0.44832903146743774,0.3163174092769623,0.43769189715385437,-0.2403293251991272,-0.06914076209068298,0.021285776048898697,0.1200353130698204,0.13088563084602356,-0.4799163341522217,-0.197698712348938,0.25543785095214844,-0.5175469517707825,-0.06380486488342285,-0.5945066213607788,0.12662774324417114,-0.26154831051826477,-0.7005690336227417,0.48231250047683716,0.16714727878570557,0.35245048999786377,-0.3490416705608368,-0.09346935153007507,-0.2963181138038635,0.082427978515625,0.51375412940979,0.30460840463638306,0.6027635335922241,-0.3087056875228882,0.19384628534317017,0.23489952087402344,0.06910887360572815,-0.34837329387664795,-0.08352786302566528,-0.14921917021274567,-0.20087172091007233,-0.11754173040390015,-0.028348341584205627,-0.25978899002075195,-0.07589906454086304,-0.026505738496780396,-0.4155813455581665,-0.027401775121688843,-0.15198954939842224,0.13880687952041626,0.6690057516098022,0.12245059013366699,-0.12493389844894409,-0.7851534485816956,0.1848607063293457
0.2355717420578003,-0.32556572556495667,-0.012778699398040771,-0.44324254989624023,-0.33225807547569275,-0.07731592655181885,-0.2481687366962433,0.38775113224983215,-0.24610772728919983,-0.04644450545310974,-0.11842156946659088,-0.017284750938415527,-0.17804844677448273,0.0391581654548645,-0.21592485904693604,0.034483253955841064,-0.12630024552345276,0.0333423912525177,-0.06132194399833679,0.09081902354955673,0.20961055159568787,0.20474837720394135,0.28547483682632446,0.5220150947570801,0.46939268708229065,0.0014667809009552002,-0.19481408596038818,0.45069003105163574,0.40738633275032043,-0.10509572923183441,0.09375558793544769,0.09190571308135986,0.0017267465591430664,0.01765468716621399,-0.16729962825775146,-0.12435200810432434,0.14924336969852448,0.09841568768024445,0.15296024084091187,-0.24100568890571594,0.026570677757263184,-0.5271313786506653,0.7570735812187195,0.3353138566017151,0.3623027503490448,-0.22533555328845978,0.36093324422836304,-0.09518742561340332,0.1201104074716568,0.12097340822219849,-0.04717108979821205,-0.46072977781295776,0.3045594096183777,0.4370245039463043,-0.254713773727417,-0.050226807594299316,0.04351161792874336,0.1263837218284607,0.09865422546863556,-0.4883967638015747,-0.17253410816192627,0.2268335074186325,-0.4964880347251892,-0.05324506759643555,-0.5862586498260498,0.12684839963912964,-0.2706328332424164,-0.715768039226532,0.4602457284927368,0.16102200746536255,0.34564822912216187,-0.3472200036048889,-0.08704358339309692,-0.30187660455703735,0.0675763487815857,0.503440260887146,0.31123900413513184,0.5943673253059387,-0.32576560974121094,0.18293306231498718,0.2769209146499634,0.0837264358997345,-0.346820592880249,-0.08157908916473389,-0.11394199728965759,-0.18579092621803284,-0.10000395774841309,-0.04537457227706909,-0.2267090082168579,-0.07846784591674805,-0.01833173632621765,-0.3904470205307007,-0.006538480520248413,-0.17474177479743958,0.1572844684123993,0.6521371603012085,0.108195960521698,-0.14528745412826538,-0.753025472164154,0.1829547882080078
0.20868566632270813,-0.3509591519832611,0.015790998935699463,-0.4505849778652191,-0.3309079110622406,-0.0615154504776001,-0.271166056394577,0.39040231704711914,-0.24960538744926453,-0.0660715103149414,-0.10822221636772156,-0.01449120044708252,-0.12854498624801636,0.02889913320541382,-0.2618046998977661,0.05097532272338867,-0.11615297198295593,0.05447527766227722,-0.0666564404964447,0.09481274336576462,0.2262553572654724,0.21826867759227753,0.2650715112686157,0.5475926399230957,0.48909589648246765,0.0036181211471557617,-0.25535133481025696,0.4581502079963684,0.38944339752197266,-0.13340727984905243,0.08904878795146942,0.07778003811836243,0.018138110637664795,0.047026246786117554,-0.14537471532821655,-0.1286383867263794,0.145552858710289,0.07272690534591675,0.19872432947158813,-0.24271008372306824,0.04057566821575165,-0.4964006841182709,0.7390800714492798,0.3470410406589508,0.3448637127876282,-0.22009555995464325,0.3611856997013092,-0.08508318662643433,0.13197164237499237,0.1382056474685669,-0.08153899013996124,-0.4322946071624756,0.31602799892425537,0.42393478751182556,-0.25212180614471436,-0.0725279450416565,0.02714783325791359,0.129469096660614,0.14411470293998718,-0.4494246244430542,-0.19221699237823486,0.25338879227638245,-0.5115959644317627,-0.05479538440704346,-0.5707383751869202,0.1265009641647339,-0.2523808479309082,-0.6768349409103394,0.4673320949077606,0.15894967317581177,0.3404179811477661,-0.34915703535079956,-0.07614525407552719,-0.28934651613235474,0.07243132591247559,0.4936790466308594,0.3027570843696594,0.5902644991874695,-0.30585458874702454,0.2053578495979309,0.21551525592803955,0.08178043365478516,-0.313177227973938,-0.08913922309875488,-0.1677618771791458,-0.22088834643363953,-0.11867809295654297,-0.03268776834011078,-0.2534332275390625,-0.08049473166465759,-0.02308809757232666,-0.4013984203338623,-0.03668570518493652,-0.13971450924873352,0.13547292351722717,0.6601466536521912,0.10990160703659058,-0.11647659540176392,-0.7566449046134949,0.16731023788452148
0.24025925993919373,-0.3389296233654022,-0.0042743682861328125,-0.44545823335647583,-0.3309490382671356,-0.07392245531082153,-0.25574374198913574,0.3951849937438965,-0.25536057353019714,-0.05555307865142822,-0.11452025175094604,-0.018895745277404785,-0.16322901844978333,0.038665980100631714,-0.22961688041687012,0.039121150970458984,-0.11986887454986572,0.04081225395202637,-0.06329038739204407,0.10413015633821487,0.21663320064544678,0.2080138772726059,0.2846822738647461,0.5383299589157104,0.48180657625198364,0.004223853349685669,-0.22329914569854736,0.4578152894973755,0.4074665904045105,-0.10879440605640411,0.08714686334133148,0.08972367644309998,0.001449882984161377,0.027348846197128296,-0.16824761033058167,-0.12135636806488037,0.15696150064468384,0.10094226896762848,0.16904860734939575,-0.2536414861679077,0.027207136154174805,-0.5269111394882202,0.763389527797699,0.3381982147693634,0.3686232268810272,-0.22900983691215515,0.37113693356513977,-0.08901304006576538,0.12086202204227448,0.12003949284553528,-0.05154316499829292,-0.4644402861595154,0.3185840845108032,0.43864166736602783,-0.2529821991920471,-0.0576915442943573,0.039052028208971024,0.13234490156173706,0.10793964564800262,-0.48177218437194824,-0.18598854541778564,0.2409006953239441,-0.5096153020858765,-0.05053436756134033,-0.5911952257156372,0.1286306381225586,-0.2726714015007019,-0.7140594720840454,0.4676121473312378,0.16333907842636108,0.3504151999950409,-0.3602237105369568,-0.08208303153514862,-0.30735987424850464,0.07001680135726929,0.5152262449264526,0.32203811407089233,0.5995050072669983,-0.3188638687133789,0.1837475448846817,0.26674485206604004,0.08134862780570984,-0.34621191024780273,-0.08012980222702026,-0.12843984365463257,-0.18731191754341125,-0.10272210836410522,-0.043443530797958374,-0.24167107045650482,-0.0820351243019104,-0.020228296518325806,-0.4030842185020447,-0.017628908157348633,-0.1670583188533783,0.14819329977035522,0.661459743976593,0.10745057463645935,-0.13717138767242432,-0.7697465419769287,0.1824970245361328
0.25958162546157837,-0.34201979637145996,-0.010561585426330566,-0.45285671949386597,-0.33147916197776794,-0.09382599592208862,-0.2458203136920929,0.3915003538131714,-0.264117032289505,-0.04846221208572388,-0.1302240639925003,-0.022069334983825684,-0.17608121037483215,0.03645730018615723,-0.2103973627090454,0.02439016103744507,-0.1371210813522339,0.04866403341293335,-0.05666416883468628,0.11718583852052689,0.2161439061164856,0.2028120905160904,0.29344266653060913,0.5505884885787964,0.49178779125213623,0.019723474979400635,-0.22235509753227234,0.4554113745689392,0.42031142115592957,-0.09164290130138397,0.07969783246517181,0.09521991014480591,-0.006845295429229736,0.032884418964385986,-0.18111556768417358,-0.11650809645652771,0.1705746203660965,0.1223183125257492,0.15517711639404297,-0.26354384422302246,0.010496646165847778,-0.5259872674942017,0.7720171213150024,0.3358156085014343,0.3891350030899048,-0.2306721955537796,0.38315922021865845,-0.08669930696487427,0.11651957035064697,0.10958299040794373,-0.029920324683189392,-0.4775225520133972,0.3155058026313782,0.44521161913871765,-0.24424773454666138,-0.06304550170898438,0.03464521840214729,0.12777560949325562,0.09579971432685852,-0.5128698348999023,-0.19481241703033447,0.24441516399383545,-0.5191200971603394,-0.05954766273498535,-0.6129208207130432,0.12746912240982056,-0.2795853018760681,-0.7321029305458069,0.4862414300441742,0.17060017585754395,0.35913515090942383,-0.3660474419593811,-0.0946272537112236,-0.3173717260360718,0.08470034599304199,0.5405280590057373,0.3282688856124878,0.612348198890686,-0.3166200518608093,0.16420507431030273,0.28303253650665283,0.06688770651817322,-0.3773280382156372,-0.07558214664459229,-0.11133745312690735,-0.16171899437904358,-0.09376412630081177,-0.03889539837837219,-0.252427339553833,-0.08833202719688416,-0.024690300226211548,-0.41182512044906616,-0.009856164455413818,-0.1754043996334076,0.14655643701553345,0.6629709005355835,0.11979451775550842,-0.13495296239852905,-0.7897212505340576,0.1991722583770752
0.251729279756546,-0.3422294855117798,0.0002499222755432129,-0.44000962376594543,-0.3203643560409546,-0.08727645874023438,-0.24554947018623352,0.38985103368759155,-0.2658625841140747,-0.062322258949279785,-0.12092801928520203,-0.024382591247558594,-0.15185102820396423,0.03158000111579895,-0.22134649753570557,0.026767641305923462,-0.1253230720758438,0.05012017488479614,-0.05864134430885315,0.12260637432336807,0.21545931696891785,0.19956833124160767,0.28108149766921997,0.550723135471344,0.488603800535202,0.01756325364112854,-0.2416955828666687,0.45443737506866455,0.4089621305465698,-0.09463794529438019,0.07249747216701508,0.08846768736839294,-0.00608593225479126,0.04082334041595459,-0.1757678985595703,-0.1137586236000061,0.17094458639621735,0.11804486811161041,0.1647152304649353,-0.26594358682632446,0.01216985285282135,-0.5099767446517944,0.7587833404541016,0.32853665947914124,0.38283559679985046,-0.22688913345336914,0.38256826996803284,-0.07575726509094238,0.11651653051376343,0.10816527903079987,-0.03279370069503784,-0.4665319323539734,0.3155635893344879,0.4345340132713318,-0.23977726697921753,-0.07263711094856262,0.03324444964528084,0.12960350513458252,0.09974369406700134,-0.4916536808013916,-0.2010740041732788,0.24595242738723755,-0.5155299305915833,-0.05509829521179199,-0.5990374684333801,0.12389063835144043,-0.27261707186698914,-0.7118778228759766,0.4828287363052368,0.1686558723449707,0.35168951749801636,-0.36654606461524963,-0.08174274116754532,-0.3144798278808594,0.0874476432800293,0.5345763564109802,0.3289984464645386,0.5994912981987,-0.302417129278183,0.159001886844635,0.264495849609375,0.06639125943183899,-0.36376380920410156,-0.07477843761444092,-0.12118488550186157,-0.15979072451591492,-0.09004247188568115,-0.03860767185688019,-0.25653570890426636,-0.09242913126945496,-0.024115264415740967,-0.4093281030654907,-0.021311581134796143,-0.161910742521286,0.13278773427009583,0.6522061824798584,0.11410453915596008,-0.11887556314468384,-0.778266429901123,0.19284820556640625
0.24152514338493347,-0.3588523268699646,0.038811326026916504,-0.40478554368019104,-0.29229971766471863,-0.07440999150276184,-0.2532491385936737,0.38005608320236206,-0.2839753031730652,-0.09247395396232605,-0.10384052991867065,-0.03495281934738159,-0.09798678755760193,0.002238661050796509,-0.2577916383743286,0.04276737570762634,-0.09044747054576874,0.06201577186584473,-0.05208352208137512,0.12674623727798462,0.23494815826416016,0.211078941822052,0.25249165296554565,0.578369677066803,0.48187440633773804,0.009899049997329712,-0.2974421977996826,0.4701976776123047,0.3902488052845001,-0.10093237459659576,0.05311034619808197,0.06620219349861145,-0.008932173252105713,0.060454607009887695,-0.1727130115032196,-0.08411914110183716,0.1729165017604828,0.11364050209522247,0.20057064294815063,-0.2935461699962616,0.010908916592597961,-0.4826599657535553,0.7455968856811523,0.3192840814590454,0.38370251655578613,-0.23986351490020752,0.37975749373435974,-0.04065597057342529,0.10041627287864685,0.09223508834838867,-0.02759028971195221,-0.4589945673942566,0.3313972055912018,0.3933042287826538,-0.24861431121826172,-0.09115225076675415,0.03393055871129036,0.15140753984451294,0.1213148832321167,-0.4438002109527588,-0.2167654037475586,0.26705262064933777,-0.5182609558105469,-0.0364152193069458,-0.5749304890632629,0.11924540996551514,-0.26856523752212524,-0.6620218753814697,0.46697720885276794,0.16232633590698242,0.33894240856170654,-0.3972656726837158,-0.05610828101634979,-0.30088722705841064,0.0891309380531311,0.5350726842880249,0.35235798358917236,0.5834556221961975,-0.27631595730781555,0.15424883365631104,0.21963179111480713,0.06057804822921753,-0.31416594982147217,-0.08199429512023926,-0.15711407363414764,-0.14154532551765442,-0.08309447765350342,-0.04234917461872101,-0.27478769421577454,-0.11723151803016663,-0.029723674058914185,-0.407934308052063,-0.040885359048843384,-0.14327159523963928,0.1063866913318634,0.6231657266616821,0.1001313328742981,-0.09100073575973511,-0.7499189376831055,0.1664257049560547
0.22106397151947021,-0.34018653631210327,-0.020019829273223877,-0.48165589570999146,-0.3538592457771301,-0.07429075241088867,-0.2652128040790558,0.39438778162002563,-0.23132674396038055,-0.034598469734191895,-0.12704457342624664,-0.0034107565879821777,-0.17766547203063965,0.055618494749069214,-0.22871840000152588,0.0389348566532135,-0.15302586555480957,0.04902347922325134,-0.07126748561859131,0.09664010256528854,0.20994031429290771,0.20830926299095154,0.2921637296676636,0.5257076025009155,0.4942357838153839,0.016407161951065063,-0.2103772759437561,0.4389665722846985,0.4049505591392517,-0.13043321669101715,0.10059963166713715,0.10170367360115051,0.01822429895401001,0.036108821630477905,-0.15060371160507202,-0.15340811014175415,0.14888575673103333,0.08180859684944153,0.17054980993270874,-0.2179175764322281,0.03458705544471741,-0.5139690637588501,0.7433024644851685,0.3551643490791321,0.3476244807243347,-0.20881493389606476,0.36256399750709534,-0.11922383308410645,0.1468978077173233,0.1494835913181305,-0.08347418904304504,-0.4406229257583618,0.3040348291397095,0.45802852511405945,-0.23606854677200317,-0.05660197138786316,0.020945493131875992,0.10509785264730453,0.1284099817276001,-0.49036383628845215,-0.18240368366241455,0.24076217412948608,-0.5087391138076782,-0.07385706901550293,-0.594313383102417,0.12900257110595703,-0.25534453988075256,-0.716242790222168,0.4805995225906372,0.16496360301971436,0.35272416472435,-0.3222765326499939,-0.10392282158136368,-0.29584836959838867,0.0751904845237732,0.4957832098007202,0.28075742721557617,0.602492094039917,-0.3237278461456299,0.20737747848033905,0.24845993518829346,0.07865005731582642,-0.36044633388519287,-0.08041328191757202,-0.1384745091199875,-0.2287861853837967,-0.1264297366142273,-0.026168659329414368,-0.2414802759885788,-0.054988861083984375,-0.021363109350204468,-0.40980294346809387,-0.01980745792388916,-0.15447387099266052,0.15454140305519104,0.6844664812088013,0.12579500675201416,-0.1419607400894165,-0.7889618873596191,0.19207024574279785
0.21591868996620178,-0.36090806126594543,0.022620081901550293,-0.44640254974365234,-0.3249792158603668,-0.06552916765213013,-0.2710180878639221,0.3881336450576782,-0.25985604524612427,-0.07127842307090759,-0.10984635353088379,-0.017880141735076904,-0.12144294381141663,0.019917011260986328,-0.26747167110443115,0.05251753330230713,-0.11525189876556396,0.061733752489089966,-0.0625486671924591,0.10411346703767776,0.23398593068122864,0.2211153656244278,0.26244693994522095,0.5662463307380676,0.494135320186615,0.00815492868423462,-0.2729072868824005,0.4648347496986389,0.39262646436691284,-0.13135479390621185,0.07961587607860565,0.07579538226127625,0.013321340084075928,0.05655723810195923,-0.15237146615982056,-0.11900007724761963,0.1540747582912445,0.0815991461277008,0.20588773488998413,-0.255166620016098,0.030335664749145508,-0.49133339524269104,0.7443890571594238,0.3459897041320801,0.3581620752811432,-0.2260631024837494,0.3694281280040741,-0.07560831308364868,0.1271648108959198,0.13061034679412842,-0.0698213279247284,-0.4413799047470093,0.3234286308288574,0.41888123750686646,-0.25067728757858276,-0.0812305212020874,0.0254213847219944,0.13354122638702393,0.14522886276245117,-0.45078468322753906,-0.20235610008239746,0.26342692971229553,-0.5194669365882874,-0.05303847789764404,-0.5773191452026367,0.12462091445922852,-0.256393700838089,-0.6755173206329346,0.47499677538871765,0.16289472579956055,0.34429603815078735,-0.36288052797317505,-0.07351125031709671,-0.2906334400177002,0.08144402503967285,0.5085601806640625,0.31398719549179077,0.5946084856987,-0.299050897359848,0.19728457927703857,0.21007859706878662,0.07228171825408936,-0.3146613836288452,-0.08995944261550903,-0.1726391315460205,-0.2040073573589325,-0.11342227458953857,-0.03268732130527496,-0.26561439037323,-0.08957058191299438,-0.026608794927597046,-0.4111621379852295,-0.04049915075302124,-0.13958874344825745,0.12734240293502808,0.6579949855804443,0.11263158917427063,-0.10877776145935059,-0.7643110156059265,0.16994547843933105
0.2522182762622833,-0.34299737215042114,-0.00047785043716430664,-0.4424738883972168,-0.323116272687912,-0.08911973237991333,-0.24792888760566711,0.38887155055999756,-0.2649631202220917,-0.05886644124984741,-0.12315012514591217,-0.02410149574279785,-0.15751945972442627,0.03081110119819641,-0.22168123722076416,0.027868837118148804,-0.12894310057163239,0.05073007941246033,-0.05777212977409363,0.11934288591146469,0.21675121784210205,0.20249758660793304,0.28278517723083496,0.5535426139831543,0.488958477973938,0.01800447702407837,-0.23888960480690002,0.45602792501449585,0.41189590096473694,-0.09636689722537994,0.07496069371700287,0.08927169442176819,-0.0051763057708740234,0.040533214807510376,-0.17758557200431824,-0.11453598737716675,0.16994856297969818,0.11761169135570526,0.16481679677963257,-0.26514458656311035,0.010799199342727661,-0.5124797821044922,0.7615448236465454,0.3316093683242798,0.3845774531364441,-0.2280081957578659,0.38283848762512207,-0.07845479249954224,0.11681948602199554,0.10871061682701111,-0.03155308961868286,-0.4696582555770874,0.31621602177619934,0.4354599416255951,-0.24158480763435364,-0.07165434956550598,0.03348839655518532,0.12886476516723633,0.10178159177303314,-0.4958162307739258,-0.1990593671798706,0.24700996279716492,-0.5167315602302551,-0.056917428970336914,-0.6026280522346497,0.12347447872161865,-0.2740514278411865,-0.7157005667686462,0.4844163656234741,0.16933214664459229,0.35344648361206055,-0.36687856912612915,-0.0839243158698082,-0.3130231499671936,0.08750617504119873,0.5357599258422852,0.3280743956565857,0.6035925149917603,-0.30608612298965454,0.1615760177373886,0.26564180850982666,0.06506520509719849,-0.36382782459259033,-0.07709455490112305,-0.12023085355758667,-0.1607595831155777,-0.0910574197769165,-0.03892935812473297,-0.2569752335548401,-0.09180432558059692,-0.024784326553344727,-0.41044503450393677,-0.018078863620758057,-0.16518017649650574,0.13612547516822815,0.6544701457023621,0.11763632297515869,-0.12074124813079834,-0.7798699140548706,0.1929166316986084
0.22159940004348755,-0.34888991713523865,0.0002194046974182129,-0.464697003364563,-0.34000924229621887,-0.07073849439620972,-0.267220139503479,0.39274197816848755,-0.24750268459320068,-0.052411019802093506,-0.11881580948829651,-0.011388063430786133,-0.1528690755367279,0.040143996477127075,-0.24513602256774902,0.04449453949928284,-0.13296976685523987,0.05436128377914429,-0.06639161705970764,0.10190653055906296,0.2204570174217224,0.21392588317394257,0.27913767099380493,0.5462515950202942,0.4952620565891266,0.012475520372390747,-0.2401648461818695,0.4533817172050476,0.39989566802978516,-0.12892447412014008,0.09101234376430511,0.08817183971405029,0.013798534870147705,0.04403024911880493,-0.15394467115402222,-0.1359560489654541,0.15394018590450287,0.08399541676044464,0.18597537279129028,-0.23836499452590942,0.03301113843917847,-0.5070432424545288,0.7468293309211731,0.3498370051383972,0.3558430075645447,-0.21817578375339508,0.3680836856365204,-0.09735095500946045,0.13590416312217712,0.13766083121299744,-0.07594133913516998,-0.4447646141052246,0.31532636284828186,0.44076311588287354,-0.24428421258926392,-0.06798020005226135,0.025806594640016556,0.12006530910730362,0.1334485560655594,-0.47562241554260254,-0.1929643154144287,0.25200703740119934,-0.5156720280647278,-0.06297290325164795,-0.5881893634796143,0.12722426652908325,-0.25865399837493896,-0.7007938623428345,0.4797128438949585,0.1650305986404419,0.35013484954833984,-0.3447020649909973,-0.0884871557354927,-0.2973453402519226,0.07729828357696533,0.5058685541152954,0.30078041553497314,0.6002835035324097,-0.31316056847572327,0.20070919394493103,0.23520779609680176,0.0761696994304657,-0.34224581718444824,-0.08354514837265015,-0.15192453563213348,-0.21563506126403809,-0.1177358627319336,-0.030392467975616455,-0.25336313247680664,-0.07296895980834961,-0.023889124393463135,-0.41137808561325073,-0.029292896389961243,-0.14820584654808044,0.1431545615196228,0.6738738417625427,0.11826944351196289,-0.12729382514953613,-0.779456615447998,0.18391084671020508
0.2237338423728943,-0.35115697979927063,-0.009491324424743652,-0.47865912318229675,-0.3484128415584564,-0.07644683122634888,-0.26589345932006836,0.39593505859375,-0.24395565688610077,-0.045766472816467285,-0.12589536607265472,-0.006578922271728516,-0.16174745559692383,0.04644060134887695,-0.23993122577667236,0.03964844346046448,-0.14864692091941833,0.05652233958244324,-0.06974688172340393,0.10741349309682846,0.21820935606956482,0.21093346178531647,0.28700315952301025,0.5441617965698242,0.5035336017608643,0.018917858600616455,-0.23518845438957214,0.4467619061470032,0.40613988041877747,-0.12876905500888824,0.0920485109090805,0.09797695279121399,0.016841590404510498,0.04670292139053345,-0.1524319052696228,-0.1465701162815094,0.15499678254127502,0.08594989776611328,0.18017655611038208,-0.2302493155002594,0.029891103506088257,-0.5072004795074463,0.7491797208786011,0.3540108799934387,0.3559908866882324,-0.21151518821716309,0.3729429244995117,-0.10717487335205078,0.1430191546678543,0.14691203832626343,-0.0774061381816864,-0.4431599974632263,0.31167155504226685,0.4536372125148773,-0.23599305748939514,-0.06822457909584045,0.017657849937677383,0.1111036017537117,0.1312991827726364,-0.4871089458465576,-0.19535517692565918,0.24993106722831726,-0.5181405544281006,-0.07081389427185059,-0.5970038175582886,0.1280149221420288,-0.2573220729827881,-0.7119062542915344,0.49066823720932007,0.16929590702056885,0.3548997938632965,-0.3345145583152771,-0.09710653871297836,-0.29997849464416504,0.08333903551101685,0.5079525709152222,0.2911231517791748,0.6061519980430603,-0.31528419256210327,0.2015523463487625,0.23870515823364258,0.07355943322181702,-0.35938239097595215,-0.08195275068283081,-0.14743633568286896,-0.2204621136188507,-0.12412697076797485,-0.025681689381599426,-0.25571393966674805,-0.06477344036102295,-0.023442059755325317,-0.41732650995254517,-0.028842300176620483,-0.14975395798683167,0.14346173405647278,0.6846423149108887,0.1264735758304596,-0.12881189584732056,-0.7952464818954468,0.19262933731079102
0.24152514338493347,-0.3588523268699646,0.038811326026916504,-0.40478554368019104,-0.29229971766471863,-0.07440999150276184,-0.2532491385936737,0.38005608320236206,-0.2839753031730652,-0.09247395396232605,-0.10384052991867065,-0.03495281934738159,-0.09798678755760193,0.002238661050796509,-0.2577916383743286,0.04276737570762634,-0.09044747054576874,0.06201577186584473,-0.05208352208137512,0.12674623727798462,0.23494815826416016,0.211078941822052,0.25249165296554565,0.578369677066803,0.48187440633773804,0.009899049997329712,-0.2974421977996826,0.4701976776123047,0.3902488052845001,-0.10093237459659576,0.05311034619808197,0.06620219349861145,-0.008932173252105713,0.060454607009887695,-0.1727130115032196,-0.08411914110183716,0.1729165017604828,0.11364050209522247,0.20057064294815063,-0.2935461699962616,0.010908916592597961,-0.4826599657535553,0.7455968856811523,0.3192840814590454,0.38370251655578613,-0.23986351490020752,0.37975749373435974,-0.04065597057342529,0.10041627287864685,0.09223508834838867,-0.02759028971195221,-0.4589945673942566,0.3313972055912018,0.3933042287826538,-0.24861431121826172,-0.09115225076675415,0.03393055871129036,0.15140753984451294,0.1213148832321167,-0.4438002109527588,-0.2167654037475586,0.26705262064933777,-0.5182609558105469,-0.0364152193069458,-0.5749304890632629,0.11924540996551514,-0.26856523752212524,-0.6620218753814697,0.46697720885276794,0.16232633590698242,0.33894240856170654,-0.3972656726837158,-0.05610828101634979,-0.30088722705841064,0.0891309380531311,0.5350726842880249,0.35235798358917236,0.5834556221961975,-0.27631595730781555,0.15424883365631104,0.21963179111480713,0.06057804822921753,-0.31416594982147217,-0.08199429512023926,-0.15711407363414764,-0.14154532551765442,-0.08309447765350342,-0.04234917461872101,-0.27478769421577454,-0.11723151803016663,-0.029723674058914185,-0.407934308052063,-0.040885359048843384,-0.14327159523963928,0.1063866913318634,0.6231657266616821,0.1001313328742981,-0.09100073575973511,-0.7499189376831055,0.1664257049560547
0.2267839014530182,-0.3468523323535919,-0.0030533671379089355,-0.4621134400367737,-0.3381805121898651,-0.07430106401443481,-0.2647775411605835,0.3920096457004547,-0.24674949049949646,-0.051163047552108765,-0.12161000072956085,-0.011129379272460938,-0.1553322672843933,0.0419059693813324,-0.24102652072906494,0.0416378378868103,-0.13554823398590088,0.053318291902542114,-0.06661352515220642,0.10618848353624344,0.2179754078388214,0.21157249808311462,0.28151220083236694,0.5439525842666626,0.49445345997810364,0.014959275722503662,-0.23912861943244934,0.4498324990272522,0.4012209177017212,-0.12488062679767609,0.08763687312602997,0.09228983521461487,0.011446356773376465,0.043980687856674194,-0.15699169039726257,-0.13520532846450806,0.1569959968328476,0.08924546837806702,0.1819373369216919,-0.2398088276386261,0.029171913862228394,-0.5068292617797852,0.7455652952194214,0.347252756357193,0.3590121269226074,-0.21739764511585236,0.3696162700653076,-0.09778034687042236,0.13456428050994873,0.13505256175994873,-0.0702589899301529,-0.44758832454681396,0.3142760992050171,0.4413950741291046,-0.24070292711257935,-0.06727838516235352,0.024112123996019363,0.1180882379412651,0.12882591784000397,-0.47843217849731445,-0.1941739320755005,0.2515430450439453,-0.5146734714508057,-0.06368792057037354,-0.5903515815734863,0.12681317329406738,-0.26038727164268494,-0.7020924687385559,0.4797908663749695,0.16555088758468628,0.3502243757247925,-0.3458036482334137,-0.09031172096729279,-0.2979288697242737,0.07912713289260864,0.5092184543609619,0.30231523513793945,0.5993487238883972,-0.3118031919002533,0.19426417350769043,0.23932433128356934,0.0731092095375061,-0.3479177951812744,-0.0813857913017273,-0.1462501734495163,-0.20763015747070312,-0.1150934100151062,-0.03071637451648712,-0.25283199548721313,-0.07198330760002136,-0.023746103048324585,-0.41169482469558716,-0.027124077081680298,-0.15040722489356995,0.14095550775527954,0.672593355178833,0.11905890703201294,-0.1279512643814087,-0.7819546461105347,0.18532919883728027
0.2279382050037384,-0.3534124195575714,0.002937912940979004,-0.4625885486602783,-0.3349815905094147,-0.07953661680221558,-0.2632294297218323,0.3872986137866974,-0.2521624267101288,-0.05348116159439087,-0.12437336146831512,-0.013350367546081543,-0.1486627459526062,0.03463798761367798,-0.2419881820678711,0.038728922605514526,-0.14004285633563995,0.061536043882369995,-0.06382158398628235,0.11091846972703934,0.22189974784851074,0.2117614448070526,0.27869540452957153,0.5549618005752563,0.4979606866836548,0.020669907331466675,-0.2499653398990631,0.45026689767837524,0.4027286469936371,-0.12223087251186371,0.08182452619075775,0.09029635787010193,0.010508060455322266,0.05363869667053223,-0.15797021985054016,-0.13161316514015198,0.16006428003311157,0.09435290098190308,0.18518507480621338,-0.24509179592132568,0.021759405732154846,-0.4961576461791992,0.7436525821685791,0.3455192744731903,0.36346256732940674,-0.2168893665075302,0.372932493686676,-0.09243690967559814,0.13287147879600525,0.13239532709121704,-0.06369386613368988,-0.4460200071334839,0.31407639384269714,0.4367739260196686,-0.23642098903656006,-0.07515153288841248,0.019587848335504532,0.11724185198545456,0.13193880021572113,-0.4798392057418823,-0.20093953609466553,0.25620776414871216,-0.5178816318511963,-0.06687653064727783,-0.5940117239952087,0.12389963865280151,-0.25882381200790405,-0.6977406144142151,0.4866999089717865,0.16821658611297607,0.3513861298561096,-0.34742236137390137,-0.09128633141517639,-0.29658085107803345,0.0871192216873169,0.5152332782745361,0.30273449420928955,0.6015154123306274,-0.3044695556163788,0.18923573195934296,0.23026680946350098,0.06595292687416077,-0.34989845752716064,-0.08338075876235962,-0.1491422802209854,-0.19865737855434418,-0.11449301242828369,-0.02674645185470581,-0.2627750039100647,-0.07714354991912842,-0.026943504810333252,-0.41572147607803345,-0.029293358325958252,-0.14800870418548584,0.13449373841285706,0.6673837304115295,0.12503448128700256,-0.11756831407546997,-0.784890353679657,0.18681931495666504
0.21276319026947021,-0.3605212867259979,0.0011084675788879395,-0.4852617383003235,-0.35610970854759216,-0.06553161144256592,-0.279120534658432,0.40403634309768677,-0.24783560633659363,-0.05234116315841675,-0.11791349947452545,-0.008362531661987305,-0.15469449758529663,0.038769543170928955,-0.26085853576660156,0.05154544115066528,-0.13672932982444763,0.05489298701286316,-0.07192298769950867,0.09270746260881424,0.23075544834136963,0.22461453080177307,0.28402721881866455,0.5581622123718262,0.5088683366775513,0.005510598421096802,-0.24101456999778748,0.46608662605285645,0.40828147530555725,-0.14140252768993378,0.10350756347179413,0.08846786618232727,0.025226473808288574,0.0424441397190094,-0.14572572708129883,-0.14711931347846985,0.14464585483074188,0.06863276660442352,0.19539958238601685,-0.23336616158485413,0.041742950677871704,-0.518805742263794,0.766086995601654,0.3664984405040741,0.3507373631000519,-0.2195635735988617,0.3720241189002991,-0.10544002056121826,0.1456022411584854,0.15708529949188232,-0.0921659916639328,-0.4427405595779419,0.3197455108165741,0.4552619755268097,-0.2557070255279541,-0.06803673505783081,0.02365892007946968,0.12409599870443344,0.14727266132831573,-0.4787031412124634,-0.18882250785827637,0.25392812490463257,-0.526996374130249,-0.06532609462738037,-0.5962441563606262,0.1338300108909607,-0.25855356454849243,-0.7140406966209412,0.49025070667266846,0.1667603850364685,0.35783424973487854,-0.34252429008483887,-0.09072887897491455,-0.2995123267173767,0.07412910461425781,0.5027034282684326,0.2949509024620056,0.6163641214370728,-0.3268590569496155,0.22380825877189636,0.23130488395690918,0.08572608232498169,-0.3359731435775757,-0.09234702587127686,-0.16666673123836517,-0.24614086747169495,-0.13217347860336304,-0.030014827847480774,-0.25560659170150757,-0.07004377245903015,-0.021173864603042603,-0.4165189564228058,-0.032677412033081055,-0.15024018287658691,0.15178194642066956,0.6947163939476013,0.12360042333602905,-0.13056230545043945,-0.7915230393409729,0.18196558952331543
0.24781498312950134,-0.332181841135025,-0.0011265873908996582,-0.42980441451072693,-0.31837621331214905,-0.08602628111839294,-0.24300241470336914,0.38377997279167175,-0.2605234682559967,-0.05838194489479065,-0.11985312402248383,-0.02567201852798462,-0.16096378862857819,0.026519715785980225,-0.2165757417678833,0.02910172939300537,-0.12135323882102966,0.04179498553276062,-0.05507463216781616,0.10583321005105972,0.21364527940750122,0.20223481953144073,0.2786433696746826,0.5399152636528015,0.4739502966403961,0.009068429470062256,-0.21999689936637878,0.45509761571884155,0.4084201455116272,-0.09253190457820892,0.07937709987163544,0.08591532707214355,-0.0061806440353393555,0.030312299728393555,-0.17702454328536987,-0.1091417670249939,0.1608925610780716,0.11368522047996521,0.15623372793197632,-0.261410653591156,0.013536125421524048,-0.5151647925376892,0.7579244375228882,0.32681700587272644,0.377824068069458,-0.23078416287899017,0.37273743748664856,-0.07679378986358643,0.11109912395477295,0.10480603575706482,-0.026854217052459717,-0.4671779274940491,0.30898451805114746,0.42652401328086853,-0.2492767572402954,-0.06344330310821533,0.042126987129449844,0.13271576166152954,0.09528550505638123,-0.4892021417617798,-0.18594658374786377,0.2360600382089615,-0.5043343305587769,-0.05127918720245361,-0.5917641520500183,0.12287968397140503,-0.27341362833976746,-0.7099199295043945,0.468671590089798,0.16345065832138062,0.34605875611305237,-0.3642764091491699,-0.0804293155670166,-0.3077850937843323,0.07975023984909058,0.5234240293502808,0.327370822429657,0.595298171043396,-0.31073740124702454,0.16149300336837769,0.2720513343811035,0.07090920209884644,-0.35041165351867676,-0.07918798923492432,-0.11264288425445557,-0.1571374386548996,-0.0870230495929718,-0.04507240653038025,-0.24290668964385986,-0.0948018729686737,-0.02234184741973877,-0.3956558406352997,-0.010344058275222778,-0.17185235023498535,0.14245590567588806,0.6404848098754883,0.11089122295379639,-0.12710505723953247,-0.7555197477340698,0.18515539169311523
0.23553654551506042,-0.3438883125782013,-0.002122938632965088,-0.45218735933303833,-0.3320479094982147,-0.07509654760360718,-0.2574217915534973,0.39353084564208984,-0.2546684145927429,-0.055468857288360596,-0.1178072988986969,-0.016453027725219727,-0.15591776371002197,0.038349658250808716,-0.23401868343353271,0.03827399015426636,-0.12520091235637665,0.04811134934425354,-0.06336221098899841,0.10837049037218094,0.21857410669326782,0.20863868296146393,0.2816973924636841,0.5427680015563965,0.48970189690589905,0.010842710733413696,-0.23522639274597168,0.45448625087738037,0.4036073088645935,-0.11310337483882904,0.08459495007991791,0.08947205543518066,0.004181265830993652,0.03623291850090027,-0.16333001852035522,-0.12434279918670654,0.15903525054454803,0.09727512300014496,0.17449486255645752,-0.25055569410324097,0.02805134654045105,-0.515537440776825,0.7552827596664429,0.3408302664756775,0.3662002682685852,-0.22516486048698425,0.3713458776473999,-0.0889851450920105,0.12512482702732086,0.12457239627838135,-0.059406835585832596,-0.4562227725982666,0.31673353910446167,0.4378698766231537,-0.24732732772827148,-0.06365600228309631,0.031646568328142166,0.12778320908546448,0.11597439646720886,-0.4809218645095825,-0.19302058219909668,0.2473127543926239,-0.5144014954566956,-0.05479288101196289,-0.5906239748001099,0.12857383489608765,-0.2673516869544983,-0.7065989971160889,0.47436806559562683,0.16461032629013062,0.3500325381755829,-0.3567756414413452,-0.08607472479343414,-0.3050616979598999,0.0759497880935669,0.5160099267959595,0.31558722257614136,0.5989207029342651,-0.3124232292175293,0.18537810444831848,0.2542273998260498,0.07652649283409119,-0.3489035367965698,-0.07906603813171387,-0.13789160549640656,-0.19341476261615753,-0.10676699876785278,-0.03692790865898132,-0.2492551952600479,-0.08020222187042236,-0.022703558206558228,-0.4076480567455292,-0.024104028940200806,-0.15752479434013367,0.14199188351631165,0.664932370185852,0.11097162961959839,-0.13122034072875977,-0.7758691906929016,0.1847248077392578
0.21160203218460083,-0.3581429719924927,0.01507633924484253,-0.4557111859321594,-0.3313247859477997,-0.069491446018219,-0.2697451412677765,0.38335174322128296,-0.25088056921958923,-0.06074368953704834,-0.11655905842781067,-0.013274550437927246,-0.13188758492469788,0.023503035306930542,-0.2594313621520996,0.04921048879623413,-0.13042974472045898,0.06359675526618958,-0.0636192262172699,0.10011313110589981,0.22977453470230103,0.21961474418640137,0.2673271894454956,0.5582221746444702,0.4926998019218445,0.012552708387374878,-0.259475439786911,0.4546535015106201,0.3938024342060089,-0.13351531326770782,0.08357767760753632,0.08241727948188782,0.017375826835632324,0.05806383490562439,-0.14840224385261536,-0.12843021750450134,0.14993053674697876,0.07988086342811584,0.19932323694229126,-0.24206426739692688,0.027483373880386353,-0.48557522892951965,0.7359413504600525,0.3480317294597626,0.3519352078437805,-0.2184889018535614,0.3644983470439911,-0.08726239204406738,0.1326988786458969,0.13787540793418884,-0.07270477712154388,-0.4335246682167053,0.31496578454971313,0.4233720898628235,-0.24307876825332642,-0.07810249924659729,0.01929180696606636,0.12262404710054398,0.14663656055927277,-0.45670628547668457,-0.19807887077331543,0.25830113887786865,-0.5133745670318604,-0.06163465976715088,-0.5790418982505798,0.12329339981079102,-0.2518923282623291,-0.6771106719970703,0.4766717553138733,0.16331791877746582,0.34438496828079224,-0.3467806577682495,-0.0834035575389862,-0.28478193283081055,0.0836484432220459,0.5000935792922974,0.2985231280326843,0.594300389289856,-0.30078786611557007,0.20137283205986023,0.20755410194396973,0.06961590051651001,-0.32180190086364746,-0.09068340063095093,-0.1677377074956894,-0.2098696082830429,-0.1208905279636383,-0.027531221508979797,-0.2629176378250122,-0.080497145652771,-0.027122199535369873,-0.4105198085308075,-0.035749927163124084,-0.14082905650138855,0.1312052309513092,0.6588876247406006,0.12112480401992798,-0.111275315284729,-0.7665551900863647,0.1729440689086914
0.24152514338493347,-0.3588523268699646,0.038811326026916504,-0.40478554368019104,-0.29229971766471863,-0.07440999150276184,-0.2532491385936737,0.38005608320236206,-0.2839753031730652,-0.09247395396232605,-0.10384052991867065,-0.03495281934738159,-0.09798678755760193,0.002238661050796509,-0.2577916383743286,0.04276737570762634,-0.09044747054576874,0.06201577186584473,-0.05208352208137512,0.12674623727798462,0.23494815826416016,0.211078941822052,0.25249165296554565,0.578369677066803,0.48187440633773804,0.009899049997329712,-0.2974421977996826,0.4701976776123047,0.3902488052845001,-0.10093237459659576,0.05311034619808197,0.06620219349861145,-0.008932173252105713,0.060454607009887695,-0.1727130115032196,-0.08411914110183716,0.1729165017604828,0.11364050209522247,0.20057064294815063,-0.2935461699962616,0.010908916592597961,-0.4826599657535553,0.7455968856811523,0.3192840814590454,0.38370251655578613,-0.23986351490020752,0.37975749373435974,-0.04065597057342529,0.10041627287864685,0.09223508834838867,-0.02759028971195221,-0.4589945673942566,0.3313972055912018,0.3933042287826538,-0.24861431121826172,-0.09115225076675415,0.03393055871129036,0.15140753984451294,0.1213148832321167,-0.4438002109527588,-0.2167654037475586,0.26705262064933777,-0.5182609558105469,-0.0364152193069458,-0.5749304890632629,0.11924540996551514,-0.26856523752212524,-0.6620218753814697,0.46697720885276794,0.16232633590698242,0.33894240856170654,-0.3972656726837158,-0.05610828101634979,-0.30088722705841064,0.0891309380531311,0.5350726842880249,0.35235798358917236,0.5834556221961975,-0.27631595730781555,0.15424883365631104,0.21963179111480713,0.06057804822921753,-0.31416594982147217,-0.08199429512023926,-0.15711407363414764,-0.14154532551765442,-0.08309447765350342,-0.04234917461872101,-0.27478769421577454,-0.11723151803016663,-0.029723674058914185,-0.407934308052063,-0.040885359048843384,-0.14327159523963928,0.1063866913318634,0.6231657266616821,0.1001313328742981,-0.09100073575973511,-0.7499189376831055,0.1664257049560547
0.24152514338493347,-0.3588523268699646,0.038811326026916504,-0.40478554368019104,-0.29229971766471863,-0.07440999150276184,-0.2532491385936737,0.38005608320236206,-0.2839753031730652,-0.09247395396232605,-0.10384052991867065,-0.03495281934738159,-0.09798678755760193,0.002238661050796509,-0.2577916383743286,0.04276737570762634,-0.09044747054576874,0.06201577186584473,-0.05208352208137512,0.12674623727798462,0.23494815826416016,0.211078941822052,0.25249165296554565,0.578369677066803,0.48187440633773804,0.009899049997329712,-0.2974421977996826,0.4701976776123047,0.3902488052845001,-0.10093237459659576,0.05311034619808197,0.06620219349861145,-0.008932173252105713,0.060454607009887695,-0.1727130115032196,-0.08411914110183716,0.1729165017604828,0.11364050209522247,0.20057064294815063,-0.2935461699962616,0.010908916592597961,-0.4826599657535553,0.7455968856811523,0.3192840814590454,0.38370251655578613,-0.23986351490020752,0.37975749373435974,-0.04065597057342529,0.10041627287864685,0.09223508834838867,-0.02759028971195221,-0.4589945673942566,0.3313972055912018,0.3933042287826538,-0.24861431121826172,-0.09115225076675415,0.03393055871129036,0.15140753984451294,0.1213148832321167,-0.4438002109527588,-0.2167654037475586,0.26705262064933777,-0.5182609558105469,-0.0364152193069458,-0.5749304890632629,0.11924540996551514,-0.26856523752212524,-0.6620218753814697,0.46697720885276794,0.16232633590698242,0.33894240856170654,-0.3972656726837158,-0.05610828101634979,-0.30088722705841064,0.0891309380531311,0.5350726842880249,0.35235798358917236,0.5834556221961975,-0.27631595730781555,0.15424883365631104,0.21963179111480713,0.06057804822921753,-0.31416594982147217,-0.08199429512023926,-0.15711407363414764,-0.14154532551765442,-0.08309447765350342,-0.04234917461872101,-0.27478769421577454,-0.11723151803016663,-0.029723674058914185,-0.407934308052063,-0.040885359048843384,-0.14327159523963928,0.1063866913318634,0.6231657266616821,0.1001313328742981,-0.09100073575973511,-0.7499189376831055,0.1664257049560547
0.241126149892807,-0.3587794303894043,0.03833061456680298,-0.4061300754547119,-0.2926281988620758,-0.07392576336860657,-0.2537250518798828,0.38024836778640747,-0.28308534622192383,-0.09187856316566467,-0.1039692610502243,-0.03401106595993042,-0.0969381332397461,0.004747241735458374,-0.2579296827316284,0.04242202639579773,-0.09094896912574768,0.06304013729095459,-0.05288645625114441,0.1285446286201477,0.23358052968978882,0.21000531315803528,0.25264066457748413,0.5772019028663635,0.4833213686943054,0.011592477560043335,-0.2997347116470337,0.46810853481292725,0.3892028033733368,-0.10195522010326385,0.05271999537944794,0.0667559802532196,-0.008939087390899658,0.06189417839050293,-0.171922504901886,-0.08578965067863464,0.17403192818164825,0.11304862797260284,0.20159423351287842,-0.29237526655197144,0.011969581246376038,-0.48107096552848816,0.7425931692123413,0.3189816474914551,0.3822537660598755,-0.2381930649280548,0.3794199824333191,-0.04215496778488159,0.10170814394950867,0.09292463958263397,-0.030407249927520752,-0.4568786025047302,0.3313080072402954,0.3938411474227905,-0.24626567959785461,-0.09122836589813232,0.03248067572712898,0.1493520438671112,0.12241953611373901,-0.443423867225647,-0.21855664253234863,0.2683679163455963,-0.5189937353134155,-0.03756570816040039,-0.5746396780014038,0.11920565366744995,-0.2674484848976135,-0.6607021689414978,0.4678957164287567,0.16278892755508423,0.33853599429130554,-0.395425945520401,-0.05701359361410141,-0.30082422494888306,0.08911389112472534,0.5347630977630615,0.3509324789047241,0.5825072526931763,-0.2746957540512085,0.1544417440891266,0.21773231029510498,0.06022706627845764,-0.31617605686187744,-0.08067059516906738,-0.15822967886924744,-0.14381688833236694,-0.08418935537338257,-0.040617793798446655,-0.2763402760028839,-0.11524727940559387,-0.03020608425140381,-0.4092620015144348,-0.042517781257629395,-0.14052793383598328,0.10500714182853699,0.624762237071991,0.10027188062667847,-0.09033143520355225,-0.7522854208946228,0.16745638847351074
0.24440816044807434,-0.3343048095703125,0.003813028335571289,-0.4287286400794983,-0.31417423486709595,-0.08762022852897644,-0.24033451080322266,0.3808349668979645,-0.2622886300086975,-0.06287851929664612,-0.11960634589195251,-0.026159584522247314,-0.14888282120227814,0.023478448390960693,-0.21805262565612793,0.02543923258781433,-0.12238816916942596,0.04694530367851257,-0.05549284815788269,0.11156740039587021,0.21281713247299194,0.1991632580757141,0.27366721630096436,0.5418580174446106,0.4762868881225586,0.012915968894958496,-0.23091861605644226,0.4510686993598938,0.40421053767204285,-0.09131951630115509,0.07414327561855316,0.0843566358089447,-0.005328238010406494,0.03847971558570862,-0.17328613996505737,-0.10979443788528442,0.16257457435131073,0.11414220929145813,0.15866845846176147,-0.2616167366504669,0.011156141757965088,-0.5011276006698608,0.7488354444503784,0.322695791721344,0.37520626187324524,-0.22581727802753448,0.37355291843414307,-0.0726655125617981,0.11183267831802368,0.1051783412694931,-0.02736559510231018,-0.457832396030426,0.30586472153663635,0.4226352572441101,-0.242545485496521,-0.07078713178634644,0.03665556386113167,0.1299009621143341,0.09784165024757385,-0.4843226671218872,-0.19219613075256348,0.23692956566810608,-0.5040459632873535,-0.05348479747772217,-0.5883569717407227,0.12063270807266235,-0.26831111311912537,-0.7000935673713684,0.47243738174438477,0.16436982154846191,0.34319502115249634,-0.3605044186115265,-0.07905378937721252,-0.30682796239852905,0.08550608158111572,0.5224133729934692,0.3237621784210205,0.5909026265144348,-0.30086207389831543,0.15677931904792786,0.260534405708313,0.06720227003097534,-0.3506566286087036,-0.07851088047027588,-0.11634895205497742,-0.15516966581344604,-0.0873417854309082,-0.04047305881977081,-0.2494182586669922,-0.09642773866653442,-0.023492485284805298,-0.3961854577064514,-0.01616409420967102,-0.16357824206352234,0.13381779193878174,0.6351916790008545,0.11303198337554932,-0.11538815498352051,-0.7547260522842407,0.18506097793579102
0.23361358046531677,-0.35305824875831604,-0.003745138645172119,-0.46729111671447754,-0.3390601575374603,-0.08095777034759521,-0.26206856966018677,0.3912885785102844,-0.2526240646839142,-0.048760563135147095,-0.12637700140476227,-0.011383354663848877,-0.15772607922554016,0.04038739204406738,-0.23493707180023193,0.03693670034408569,-0.14310143887996674,0.0605466365814209,-0.06394028663635254,0.1153610572218895,0.22018837928771973,0.2102000117301941,0.28542500734329224,0.5514259338378906,0.5007692575454712,0.022717267274856567,-0.2448713183403015,0.4474998712539673,0.4055728316307068,-0.11966775357723236,0.08203117549419403,0.09504017233848572,0.009066224098205566,0.05071443319320679,-0.16077455878257751,-0.13312554359436035,0.16230572760105133,0.09910446405410767,0.18048399686813354,-0.24498052895069122,0.02167987823486328,-0.5040290951728821,0.7484940886497498,0.3466206192970276,0.3669493496417999,-0.21780537068843842,0.3755897581577301,-0.09663373231887817,0.13236908614635468,0.1319362223148346,-0.06334404647350311,-0.4512007236480713,0.3168864846229553,0.4439472258090973,-0.23473209142684937,-0.07044529914855957,0.018964696675539017,0.11699975281953812,0.1269797682762146,-0.4872567653656006,-0.20178008079528809,0.2555020749568939,-0.519500732421875,-0.06704831123352051,-0.5991097092628479,0.12634581327438354,-0.26278066635131836,-0.7074008584022522,0.48742255568504333,0.16898655891418457,0.35473865270614624,-0.3473302125930786,-0.09526291489601135,-0.3014119267463684,0.0855792760848999,0.518653154373169,0.30422890186309814,0.6049038767814636,-0.30748194456100464,0.18915674090385437,0.24058353900909424,0.06650680303573608,-0.3603156805038452,-0.07978826761245728,-0.14422507584095,-0.19840674102306366,-0.11638352274894714,-0.02665582299232483,-0.2621104121208191,-0.07404017448425293,-0.0264604389667511,-0.4192386865615845,-0.026880264282226562,-0.1521441638469696,0.13859641551971436,0.6738414764404297,0.12484139204025269,-0.1247742772102356,-0.7935085296630859,0.19162416458129883
0.23510423302650452,-0.34560921788215637,-0.00046896934509277344,-0.45473363995552063,-0.33161112666130066,-0.08400386571884155,-0.2546007037162781,0.38572070002555847,-0.25496745109558105,-0.05299291014671326,-0.12479513883590698,-0.01729196310043335,-0.15670955181121826,0.03139138221740723,-0.23034405708312988,0.03373560309410095,-0.13771401345729828,0.05437096953392029,-0.06081709265708923,0.10850172489881516,0.21888402104377747,0.20846648514270782,0.2809961438179016,0.5496740341186523,0.4902835190296173,0.01666313409805298,-0.2344282567501068,0.451623797416687,0.4074723422527313,-0.11056779325008392,0.08268634974956512,0.09055960178375244,0.005140900611877441,0.0451374351978302,-0.1643911898136139,-0.12575268745422363,0.15919026732444763,0.1013241708278656,0.17136931419372559,-0.24877983331680298,0.016884788870811462,-0.5034096240997314,0.7508848905563354,0.3393670916557312,0.36857840418815613,-0.22056476771831512,0.3736872673034668,-0.08956831693649292,0.1261952668428421,0.12511226534843445,-0.049661505967378616,-0.4530327320098877,0.310269296169281,0.4362819492816925,-0.2404068112373352,-0.07017269730567932,0.027015943080186844,0.121202252805233,0.11689835786819458,-0.48751354217529297,-0.19404518604278564,0.2464390993118286,-0.5127424001693726,-0.06286394596099854,-0.5958494544029236,0.12374061346054077,-0.2645720839500427,-0.706308126449585,0.48345059156417847,0.1680181622505188,0.35128074884414673,-0.3501527011394501,-0.09002603590488434,-0.3012879490852356,0.08576351404190063,0.5176474452018738,0.30905914306640625,0.6015281677246094,-0.3089044690132141,0.18046361207962036,0.24700939655303955,0.0677308440208435,-0.35384905338287354,-0.08262389898300171,-0.1330934315919876,-0.18513458967208862,-0.10657051205635071,-0.03279142081737518,-0.2553720474243164,-0.0827341079711914,-0.024843424558639526,-0.4087540805339813,-0.02118787169456482,-0.15880843997001648,0.1395079493522644,0.6591706871986389,0.123019278049469,-0.12158763408660889,-0.7763147354125977,0.18789458274841309
0.23134782910346985,-0.3380367159843445,0.002198159694671631,-0.43659961223602295,-0.3228738009929657,-0.07301875948905945,-0.25495463609695435,0.384909987449646,-0.250857412815094,-0.05716034770011902,-0.11442919075489044,-0.0178678035736084,-0.15027634799480438,0.03321841359138489,-0.23376858234405518,0.039887189865112305,-0.11999323964118958,0.046128153800964355,-0.061772555112838745,0.10336305946111679,0.21656522154808044,0.20730890333652496,0.2754294276237488,0.5349647998809814,0.4751298129558563,0.007540494203567505,-0.23268753290176392,0.44910651445388794,0.3969707190990448,-0.11216630041599274,0.08052055537700653,0.08743816614151001,0.0028215646743774414,0.03616058826446533,-0.16248339414596558,-0.11807969212532043,0.1551068276166916,0.09788231551647186,0.17461806535720825,-0.25029802322387695,0.025689542293548584,-0.506610631942749,0.7424771785736084,0.3331027626991272,0.3608655631542206,-0.22433891892433167,0.36236873269081116,-0.08492058515548706,0.11946538090705872,0.11849081516265869,-0.0525607205927372,-0.4515109062194824,0.31311309337615967,0.423417329788208,-0.2465001344680786,-0.06243142485618591,0.03269055858254433,0.12801507115364075,0.1155930906534195,-0.4664154052734375,-0.1887296438217163,0.2436237633228302,-0.5021141171455383,-0.0514758825302124,-0.5787383317947388,0.12428253889083862,-0.26450109481811523,-0.6904477477073669,0.459457129240036,0.16032707691192627,0.34154069423675537,-0.35513433814048767,-0.08120614290237427,-0.2944226861000061,0.07300591468811035,0.505772054195404,0.31426358222961426,0.5871423482894897,-0.306631863117218,0.18115857243537903,0.2466949224472046,0.07537651062011719,-0.33434391021728516,-0.08098071813583374,-0.13622547686100006,-0.18244372308254242,-0.10355067253112793,-0.03924569487571716,-0.24394477903842926,-0.08121976256370544,-0.02292308211326599,-0.3983169198036194,-0.021400123834609985,-0.15729358792304993,0.13825806975364685,0.6467579007148743,0.1072922945022583,-0.12838488817214966,-0.7559003829956055,0.17476677894592285
0.22823676466941833,-0.35328391194343567,0.0014163851737976074,-0.4645889103412628,-0.3384604752063751,-0.07581853866577148,-0.26570138335227966,0.3926030993461609,-0.2533385753631592,-0.05358761548995972,-0.121629998087883,-0.013715028762817383,-0.15329942107200623,0.03597867488861084,-0.2450464963912964,0.042701900005340576,-0.13541477918624878,0.05679556727409363,-0.06442722678184509,0.10702870041131973,0.22415390610694885,0.21480347216129303,0.2805289030075073,0.5560048818588257,0.4988298714160919,0.01499226689338684,-0.2451707422733307,0.45744651556015015,0.4051485061645508,-0.12472887337207794,0.08740918338298798,0.08932530879974365,0.010864019393920898,0.046865761280059814,-0.1590956747531891,-0.1318216621875763,0.15848566591739655,0.09031037986278534,0.18553340435028076,-0.24508534371852875,0.026207268238067627,-0.5076853036880493,0.75391685962677,0.3499191403388977,0.36476224660873413,-0.221327006816864,0.3742949366569519,-0.09360957145690918,0.1337074637413025,0.13471880555152893,-0.06676313281059265,-0.45185238122940063,0.31788477301597595,0.44149351119995117,-0.24413907527923584,-0.07155925035476685,0.025006774812936783,0.12162529677152634,0.13038569688796997,-0.4820222854614258,-0.1968766450881958,0.25510698556900024,-0.5206469297409058,-0.06290948390960693,-0.5953798294067383,0.1268557906150818,-0.26242974400520325,-0.7060423493385315,0.4869132339954376,0.16823071241378784,0.3539671003818512,-0.35174936056137085,-0.08910180628299713,-0.300581693649292,0.08302271366119385,0.5160093307495117,0.3069029450416565,0.605595052242279,-0.3124237656593323,0.19501137733459473,0.23787081241607666,0.07152485847473145,-0.34797799587249756,-0.08399564027786255,-0.14978332817554474,-0.2056094855070114,-0.11417803168296814,-0.03115639090538025,-0.2583584189414978,-0.07770097255706787,-0.024973511695861816,-0.416104793548584,-0.02875375747680664,-0.1517590582370758,0.14049476385116577,0.6743460893630981,0.12145334482192993,-0.12453138828277588,-0.7861083745956421,0.18718314170837402
0.2188708484172821,-0.3688097298145294,0.0030146241188049316,-0.4845668375492096,-0.35066983103752136,-0.06785190105438232,-0.28075721859931946,0.39965158700942993,-0.2500324249267578,-0.05159789323806763,-0.12228605151176453,-0.006311297416687012,-0.1479390561580658,0.04156464338302612,-0.26460492610931396,0.0533638596534729,-0.14156807959079742,0.06603127717971802,-0.0705995261669159,0.10892444103956223,0.23168012499809265,0.22374708950519562,0.28281545639038086,0.5671483874320984,0.5147421956062317,0.017471492290496826,-0.2623560130596161,0.46010303497314453,0.404178649187088,-0.14448042213916779,0.09102992713451385,0.092227041721344,0.02039128541946411,0.056960344314575195,-0.14920738339424133,-0.14437353610992432,0.15714985132217407,0.0772557407617569,0.20512568950653076,-0.23765328526496887,0.03388538956642151,-0.5059108734130859,0.7541974186897278,0.364245742559433,0.3580569922924042,-0.21798014640808105,0.3760659694671631,-0.10429829359054565,0.14639699459075928,0.15168914198875427,-0.09062659740447998,-0.44481176137924194,0.32622939348220825,0.4509141445159912,-0.2421390414237976,-0.07479187846183777,0.01476072147488594,0.11701049655675888,0.15310095250606537,-0.47556638717651367,-0.2039940357208252,0.26862820982933044,-0.531782329082489,-0.06836855411529541,-0.5989897847175598,0.13077270984649658,-0.2568749189376831,-0.704214870929718,0.49569761753082275,0.17009657621383667,0.3594333827495575,-0.347129762172699,-0.09369641542434692,-0.29647356271743774,0.08343702554702759,0.513028621673584,0.2973635792732239,0.6132588982582092,-0.3138550817966461,0.21635493636131287,0.21761023998260498,0.07245630025863647,-0.3447071313858032,-0.08709228038787842,-0.17429538071155548,-0.23381972312927246,-0.13228577375411987,-0.023373737931251526,-0.2689516544342041,-0.06740117073059082,-0.026908040046691895,-0.43058672547340393,-0.04021334648132324,-0.14102062582969666,0.13878202438354492,0.6963030695915222,0.12659022212028503,-0.12450188398361206,-0.8071759939193726,0.18704557418823242
0.241126149892807,-0.3587794303894043,0.03833061456680298,-0.4061300754547119,-0.2926281988620758,-0.07392576336860657,-0.2537250518798828,0.38024836778640747,-0.28308534622192383,-0.09187856316566467,-0.1039692610502243,-0.03401106595993042,-0.0969381332397461,0.004747241735458374,-0.2579296827316284,0.04242202639579773,-0.09094896912574768,0.06304013729095459,-0.05288645625114441,0.1285446286201477,0.23358052968978882,0.21000531315803528,0.25264066457748413,0.5772019028663635,0.4833213686943054,0.011592477560043335,-0.2997347116470337,0.46810853481292725,0.3892028033733368,-0.10195522010326385,0.05271999537944794,0.0667559802532196,-0.008939087390899658,0.06189417839050293,-0.171922504901886,-0.08578965067863464,0.17403192818164825,0.11304862797260284,0.20159423351287842,-0.29237526655197144,0.011969581246376038,-0.48107096552848816,0.7425931692123413,0.3189816474914551,0.3822537660598755,-0.2381930649280548,0.3794199824333191,-0.04215496778488159,0.10170814394950867,0.09292463958263397,-0.030407249927520752,-0.4568786025047302,0.3313080072402954,0.3938411474227905,-0.24626567959785461,-0.09122836589813232,0.03248067572712898,0.1493520438671112,0.12241953611373901,-0.443423867225647,-0.21855664253234863,0.2683679163455963,-0.5189937353134155,-0.03756570816040039,-0.5746396780014038,0.11920565366744995,-0.2674484848976135,-0.6607021689414978,0.4678957164287567,0.16278892755508423,0.33853599429130554,-0.395425945520401,-0.05701359361410141,-0.30082422494888306,0.08911389112472534,0.5347630977630615,0.3509324789047241,0.5825072526931763,-0.2746957540512085,0.1544417440891266,0.21773231029510498,0.06022706627845764,-0.31617605686187744,-0.08067059516906738,-0.15822967886924744,-0.14381688833236694,-0.08418935537338257,-0.040617793798446655,-0.2763402760028839,-0.11524727940559387,-0.03020608425140381,-0.4092620015144348,-0.042517781257629395,-0.14052793383598328,0.10500714182853699,0.624762237071991,0.10027188062667847,-0.09033143520355225,-0.7522854208946228,0.16745638847351074
0.241126149892807,-0.3587794303894043,0.03833061456680298,-0.4061300754547119,-0.2926281988620758,-0.07392576336860657,-0.2537250518798828,0.38024836778640747,-0.28308534622192383,-0.09187856316566467,-0.1039692610502243,-0.03401106595993042,-0.0969381332397461,0.004747241735458374,-0.2579296827316284,0.04242202639579773,-0.09094896912574768,0.06304013729095459,-0.05288645625114441,0.1285446286201477,0.23358052968978882,0.21000531315803528,0.25264066457748413,0.5772019028663635,0.4833213686943054,0.011592477560043335,-0.2997347116470337,0.46810853481292725,0.3892028033733368,-0.10195522010326385,0.05271999537944794,0.0667559802532196,-0.008939087390899658,0.06189417839050293,-0.171922504901886,-0.08578965067863464,0.17403192818164825,0.11304862797260284,0.20159423351287842,-0.29237526655197144,0.011969581246376038,-0.48107096552848816,0.7425931692123413,0.3189816474914551,0.3822537660598755,-0.2381930649280548,0.3794199824333191,-0.04215496778488159,0.10170814394950867,0.09292463958263397,-0.030407249927520752,-0.4568786025047302,0.3313080072402954,0.3938411474227905,-0.24626567959785461,-0.09122836589813232,0.03248067572712898,0.1493520438671112,0.12241953611373901,-0.443423867225647,-0.21855664253234863,0.2683679163455963,-0.5189937353134155,-0.03756570816040039,-0.5746396780014038,0.11920565366744995,-0.2674484848976135,-0.6607021689414978,0.4678957164287567,0.16278892755508423,0.33853599429130554,-0.395425945520401,-0.05701359361410141,-0.30082422494888306,0.08911389112472534,0.5347630977630615,0.3509324789047241,0.5825072526931763,-0.2746957540512085,0.1544417440891266,0.21773231029510498,0.06022706627845764,-0.31617605686187744,-0.08067059516906738,-0.15822967886924744,-0.14381688833236694,-0.08418935537338257,-0.040617793798446655,-0.2763402760028839,-0.11524727940559387,-0.03020608425140381,-0.4092620015144348,-0.042517781257629395,-0.14052793383598328,0.10500714182853699,0.624762237071991,0.10027188062667847,-0.09033143520355225,-0.7522854208946228,0.16745638847351074
0.22521761059761047,-0.34132739901542664,-0.0056206583976745605,-0.46131983399391174,-0.340946763753891,-0.06824362277984619,-0.2637990415096283,0.3936726748943329,-0.2440144419670105,-0.04672861099243164,-0.1163104921579361,-0.011970579624176025,-0.16395413875579834,0.04472285509109497,-0.2355661392211914,0.04352030158042908,-0.1281576156616211,0.0453333854675293,-0.06683972477912903,0.09565382450819016,0.2169022560119629,0.21174876391887665,0.2845854163169861,0.5330634117126465,0.48504820466041565,0.005371898412704468,-0.2203802466392517,0.45186877250671387,0.401549369096756,-0.12342362105846405,0.095018669962883,0.09044930338859558,0.01027601957321167,0.030572056770324707,-0.1551981270313263,-0.13369759917259216,0.14901909232139587,0.08565664291381836,0.17619293928146362,-0.23820675909519196,0.03682053089141846,-0.520004391670227,0.7515478730201721,0.34644532203674316,0.35303112864494324,-0.22170183062553406,0.36034610867500305,-0.1018071174621582,0.13186588883399963,0.13490742444992065,-0.07474033534526825,-0.4489240050315857,0.3139351010322571,0.44164398312568665,-0.2513412833213806,-0.055064648389816284,0.032009247690439224,0.12357122451066971,0.12488164007663727,-0.47584784030914307,-0.18203890323638916,0.24341319501399994,-0.5087693333625793,-0.057935357093811035,-0.5863469243049622,0.13043755292892456,-0.2631288170814514,-0.7062574625015259,0.4663778841495514,0.1612679362297058,0.3490472137928009,-0.34418755769729614,-0.09090715646743774,-0.2974775433540344,0.06624370813369751,0.4998632073402405,0.3032526969909668,0.5985555648803711,-0.3213018774986267,0.20335373282432556,0.2503018379211426,0.08487677574157715,-0.34032464027404785,-0.08255594968795776,-0.14238496124744415,-0.2145986407995224,-0.1178324818611145,-0.035332247614860535,-0.24038468301296234,-0.06980600953102112,-0.02117207646369934,-0.40312063694000244,-0.02126912772655487,-0.15736722946166992,0.15206417441368103,0.669039249420166,0.11174580454826355,-0.14103955030441284,-0.7714409232139587,0.1786050796508789
0.23131582140922546,-0.35145294666290283,-0.00086212158203125,-0.4627910852432251,-0.33763939142227173,-0.07788854837417603,-0.26295915246009827,0.3916187286376953,-0.2533613443374634,-0.05161169171333313,-0.12332352995872498,-0.013237595558166504,-0.15599378943443298,0.03702452778816223,-0.2390519380569458,0.039730221033096313,-0.1363016664981842,0.05682465434074402,-0.06346651911735535,0.10896510630846024,0.22225534915924072,0.2127545028924942,0.28248000144958496,0.5516384840011597,0.4972803592681885,0.01691320538520813,-0.24236133694648743,0.45311903953552246,0.4052926301956177,-0.12035508453845978,0.08496390283107758,0.09112632274627686,0.009218275547027588,0.04589918255805969,-0.16047403216362,-0.12988415360450745,0.15898019075393677,0.09483523666858673,0.18149524927139282,-0.24655365943908691,0.02485719323158264,-0.5077553391456604,0.7521687150001526,0.3470315933227539,0.365574449300766,-0.22143752872943878,0.3732350468635559,-0.09381568431854248,0.1304796189069748,0.1313040852546692,-0.06342543661594391,-0.4523282051086426,0.3169758915901184,0.4404643476009369,-0.242279052734375,-0.06888991594314575,0.023992855101823807,0.12185551971197128,0.12722165882587433,-0.48361802101135254,-0.19704067707061768,0.25394245982170105,-0.5188236832618713,-0.06299042701721191,-0.5956407189369202,0.1271219253540039,-0.2636294662952423,-0.7058840990066528,0.4832441508769989,0.16707926988601685,0.3529861271381378,-0.3514103293418884,-0.09152434766292572,-0.30052047967910767,0.08174806833267212,0.5163486003875732,0.3076130151748657,0.6042270064353943,-0.3111320734024048,0.1917250007390976,0.2420569658279419,0.07075968384742737,-0.3511003255844116,-0.08223098516464233,-0.1456574648618698,-0.20030763745307922,-0.11404499411582947,-0.03058597445487976,-0.2578302025794983,-0.07722976803779602,-0.025284886360168457,-0.4145832061767578,-0.02603083848953247,-0.15394142270088196,0.1407514214515686,0.6712782979011536,0.12076836824417114,-0.12656450271606445,-0.785152792930603,0.18707704544067383
0.24152514338493347,-0.3588523268699646,0.038811326026916504,-0.40478554368019104,-0.29229971766471863,-0.07440999150276184,-0.2532491385936737,0.38005608320236206,-0.2839753031730652,-0.09247395396232605,-0.10384052991867065,-0.03495281934738159,-0.09798678755760193,0.002238661050796509,-0.2577916383743286,0.04276737570762634,-0.09044747054576874,0.06201577186584473,-0.05208352208137512,0.12674623727798462,0.23494815826416016,0.211078941822052,0.25249165296554565,0.578369677066803,0.48187440633773804,0.009899049997329712,-0.2974421977996826,0.4701976776123047,0.3902488052845001,-0.10093237459659576,0.05311034619808197,0.06620219349861145,-0.008932173252105713,0.060454607009887695,-0.1727130115032196,-0.08411914110183716,0.1729165017604828,0.11364050209522247,0.20057064294815063,-0.2935461699962616,0.010908916592597961,-0.4826599657535553,0.7455968856811523,0.3192840814590454,0.38370251655578613,-0.23986351490020752,0.37975749373435974,-0.04065597057342529,0.10041627287864685,0.09223508834838867,-0.02759028971195221,-0.4589945673942566,0.3313972055912018,0.3933042287826538,-0.24861431121826172,-0.09115225076675415,0.03393055871129036,0.15140753984451294,0.1213148832321167,-0.4438002109527588,-0.2167654037475586,0.26705262064933777,-0.5182609558105469,-0.0364152193069458,-0.5749304890632629,0.11924540996551514,-0.26856523752212524,-0.6620218753814697,0.46697720885276794,0.16232633590698242,0.33894240856170654,-0.3972656726837158,-0.05610828101634979,-0.30088722705841064,0.0891309380531311,0.5350726842880249,0.35235798358917236,0.5834556221961975,-0.27631595730781555,0.15424883365631104,0.21963179111480713,0.06057804822921753,-0.31416594982147217,-0.08199429512023926,-0.15711407363414764,-0.14154532551765442,-0.08309447765350342,-0.04234917461872101,-0.27478769421577454,-0.11723151803016663,-0.029723674058914185,-0.407934308052063,-0.040885359048843384,-0.14327159523963928,0.1063866913318634,0.6231657266616821,0.1001313328742981,-0.09100073575973511,-0.7499189376831055,0.1664257049560547
0.229087233543396,-0.3492376208305359,0.014001548290252686,-0.43920662999153137,-0.3238844573497772,-0.0705060362815857,-0.2596741020679474,0.39042478799819946,-0.2625717222690582,-0.06881916522979736,-0.11007654666900635,-0.023091137409210205,-0.13800927996635437,0.020494192838668823,-0.2478628158569336,0.04446446895599365,-0.11140403151512146,0.04868727922439575,-0.06094589829444885,0.10038726776838303,0.22737497091293335,0.2151803821325302,0.27123308181762695,0.5559908747673035,0.4844948947429657,0.000598520040512085,-0.24542182683944702,0.46739012002944946,0.40235602855682373,-0.11393876373767853,0.08381150662899017,0.07823726534843445,0.005813539028167725,0.039292603731155396,-0.16184747219085693,-0.11428290605545044,0.15294702351093292,0.09260696172714233,0.18416190147399902,-0.2604100704193115,0.026029527187347412,-0.5097416639328003,0.7598558664321899,0.33851414918899536,0.3656395673751831,-0.23156270384788513,0.37065210938453674,-0.07556235790252686,0.11916297674179077,0.12143203616142273,-0.052802059799432755,-0.4537068009376526,0.31943947076797485,0.42494893074035645,-0.2578246295452118,-0.07038858532905579,0.03735314682126045,0.13944166898727417,0.12230801582336426,-0.465806245803833,-0.19058501720428467,0.24774909019470215,-0.5132447481155396,-0.04800748825073242,-0.5838944911956787,0.12717199325561523,-0.26663368940353394,-0.695081353187561,0.47005483508110046,0.16190165281295776,0.34663015604019165,-0.36626026034355164,-0.07334929704666138,-0.3013145327568054,0.07556051015853882,0.5127774477005005,0.3238704204559326,0.5980040431022644,-0.309721440076828,0.18701842427253723,0.24130713939666748,0.07883036136627197,-0.32396817207336426,-0.08798730373382568,-0.14723767340183258,-0.18916456401348114,-0.10364872217178345,-0.041853636503219604,-0.25209808349609375,-0.09449034929275513,-0.02209034562110901,-0.4022158086299896,-0.02684888243675232,-0.15771856904029846,0.13846006989479065,0.6516921520233154,0.10862788558006287,-0.11942499876022339,-0.7583608627319336,0.17310714721679688
0.232505202293396,-0.35732319951057434,0.0012059211730957031,-0.4636284112930298,-0.3367421627044678,-0.07532191276550293,-0.2655521631240845,0.3927725553512573,-0.25450944900512695,-0.05322456359863281,-0.12204904854297638,-0.012504398822784424,-0.15010640025138855,0.03814736008644104,-0.24368369579315186,0.04219159483909607,-0.13470004498958588,0.06030687689781189,-0.06497162580490112,0.11446826905012131,0.22438344359397888,0.2133685201406479,0.28313273191452026,0.5554766654968262,0.5002799034118652,0.01858466863632202,-0.25271064043045044,0.4523685574531555,0.40386679768562317,-0.12305651605129242,0.08057539165019989,0.09241741895675659,0.008822321891784668,0.05047959089279175,-0.15933853387832642,-0.12948963046073914,0.1622149795293808,0.0962715893983841,0.18848460912704468,-0.24954795837402344,0.02488565444946289,-0.5054599046707153,0.7504346370697021,0.34739038348197937,0.36604008078575134,-0.22190916538238525,0.37365493178367615,-0.09353893995285034,0.13112767040729523,0.13125234842300415,-0.06675708293914795,-0.45148003101348877,0.32185098528862,0.4399268627166748,-0.23950791358947754,-0.07046061754226685,0.020032498985528946,0.12211162596940994,0.1320287436246872,-0.4780837297439575,-0.2028181552886963,0.25973838567733765,-0.5214937329292297,-0.06222093105316162,-0.5960229635238647,0.1282714605331421,-0.26305270195007324,-0.7014005184173584,0.4823131263256073,0.16709035634994507,0.35373109579086304,-0.3542126417160034,-0.09162856638431549,-0.299447238445282,0.08220940828323364,0.5183008909225464,0.3094136714935303,0.6040441989898682,-0.3067913353443146,0.1928180605173111,0.2354518175125122,0.0693613588809967,-0.3500404357910156,-0.0812230110168457,-0.15298084914684296,-0.2001189887523651,-0.11750796437263489,-0.028291627764701843,-0.2629516124725342,-0.0756591260433197,-0.026747047901153564,-0.4200473129749298,-0.030747026205062866,-0.14987555146217346,0.13597655296325684,0.6731929779052734,0.1198691725730896,-0.125216543674469,-0.792122483253479,0.1856677532196045
0.241126149892807,-0.3587794303894043,0.03833061456680298,-0.4061300754547119,-0.2926281988620758,-0.07392576336860657,-0.2537250518798828,0.38024836778640747,-0.28308534622192383,-0.09187856316566467,-0.1039692610502243,-0.03401106595993042,-0.0969381332397461,0.004747241735458374,-0.2579296827316284,0.04242202639579773,-0.09094896912574768,0.06304013729095459,-0.05288645625114441,0.1285446286201477,0.23358052968978882,0.21000531315803528,0.25264066457748413,0.5772019028663635,0.4833213686943054,0.011592477560043335,-0.2997347116470337,0.46810853481292725,0.3892028033733368,-0.10195522010326385,0.05271999537944794,0.0667559802532196,-0.008939087390899658,0.06189417839050293,-0.171922504901886,-0.08578965067863464,0.17403192818164825,0.11304862797260284,0.20159423351287842,-0.29237526655197144,0.011969581246376038,-0.48107096552848816,0.7425931692123413,0.3189816474914551,0.3822537660598755,-0.2381930649280548,0.3794199824333191,-0.04215496778488159,0.10170814394950867,0.09292463958263397,-0.030407249927520752,-0.4568786025047302,0.3313080072402954,0.3938411474227905,-0.24626567959785461,-0.09122836589813232,0.03248067572712898,0.1493520438671112,0.12241953611373901,-0.443423867225647,-0.21855664253234863,0.2683679163455963,-0.5189937353134155,-0.03756570816040039,-0.5746396780014038,0.11920565366744995,-0.2674484848976135,-0.6607021689414978,0.4678957164287567,0.16278892755508423,0.33853599429130554,-0.395425945520401,-0.05701359361410141,-0.30082422494888306,0.08911389112472534,0.5347630977630615,0.3509324789047241,0.5825072526931763,-0.2746957540512085,0.1544417440891266,0.21773231029510498,0.06022706627845764,-0.31617605686187744,-0.08067059516906738,-0.15822967886924744,-0.14381688833236694,-0.08418935537338257,-0.040617793798446655,-0.2763402760028839,-0.11524727940559387,-0.03020608425140381,-0.4092620015144348,-0.042517781257629395,-0.14052793383598328,0.10500714182853699,0.624762237071991,0.10027188062667847,-0.09033143520355225,-0.7522854208946228,0.16745638847351074
0.23479464650154114,-0.33870917558670044,0.006936550140380859,-0.43303775787353516,-0.320758581161499,-0.07520067691802979,-0.25209981203079224,0.38689935207366943,-0.25899410247802734,-0.06314876675605774,-0.11262501776218414,-0.02311652898788452,-0.14784272015094757,0.025800764560699463,-0.23252761363983154,0.03766375780105591,-0.1137208640575409,0.04425901174545288,-0.05929097533226013,0.10137670487165451,0.21915319561958313,0.20846842229366302,0.27399080991744995,0.5416550040245056,0.4760948419570923,0.0031856000423431396,-0.23176133632659912,0.45806342363357544,0.40135717391967773,-0.1046009510755539,0.08215741813182831,0.08184027671813965,0.0012112259864807129,0.03302353620529175,-0.16578131914138794,-0.11238202452659607,0.15406368672847748,0.10049909353256226,0.17140406370162964,-0.25882667303085327,0.023973077535629272,-0.5117114782333374,0.753993034362793,0.3315134346485138,0.366107702255249,-0.22962495684623718,0.3670812249183655,-0.07742607593536377,0.11430813372135162,0.1141522228717804,-0.04470238462090492,-0.4559292793273926,0.3142099976539612,0.4229937493801117,-0.2540593147277832,-0.06407681107521057,0.039128441363573074,0.13643702864646912,0.11074835062026978,-0.47098755836486816,-0.18682515621185303,0.2405596822500229,-0.5050609111785889,-0.048009634017944336,-0.5821579694747925,0.12531369924545288,-0.2683870196342468,-0.6966652274131775,0.4625057280063629,0.16036510467529297,0.3432628810405731,-0.3625735640525818,-0.07634827494621277,-0.3016592860221863,0.07284176349639893,0.5115200281143188,0.3230980634689331,0.5923465490341187,-0.30951592326164246,0.17759057879447937,0.25415074825286865,0.07812151312828064,-0.332075834274292,-0.08344084024429321,-0.13215948641300201,-0.17772936820983887,-0.0984686017036438,-0.043290674686431885,-0.24458470940589905,-0.09173479676246643,-0.021773427724838257,-0.3954922556877136,-0.019181430339813232,-0.1627916693687439,0.14102277159690857,0.6438947319984436,0.10635927319526672,-0.12493270635604858,-0.7518386840820312,0.17466259002685547
0.2358667552471161,-0.35088902711868286,-0.00031751394271850586,-0.4595218300819397,-0.33318600058555603,-0.08373874425888062,-0.25746414065361023,0.38675305247306824,-0.2555074691772461,-0.0515131950378418,-0.1264375001192093,-0.015711307525634766,-0.1558908224105835,0.03313609957695007,-0.233789324760437,0.035691022872924805,-0.14100493490695953,0.05900183320045471,-0.06112396717071533,0.11331271380186081,0.22087901830673218,0.20947200059890747,0.2814353108406067,0.5547671318054199,0.49535930156707764,0.020487040281295776,-0.24190321564674377,0.4512852430343628,0.40721064805984497,-0.11429603397846222,0.08058790862560272,0.091895192861557,0.005228400230407715,0.05023592710494995,-0.16418540477752686,-0.1268797218799591,0.162087544798851,0.10214683413505554,0.17658740282058716,-0.24916628003120422,0.01581096649169922,-0.5015034079551697,0.7502725720405579,0.34179240465164185,0.3706386685371399,-0.22036267817020416,0.37599417567253113,-0.09131413698196411,0.1287049800157547,0.12652498483657837,-0.05247164145112038,-0.45420312881469727,0.3139585256576538,0.4381309747695923,-0.23725497722625732,-0.07247182726860046,0.02329297736287117,0.11900239437818527,0.12178967893123627,-0.487377405166626,-0.19839072227478027,0.2524726390838623,-0.5169640779495239,-0.06472456455230713,-0.5991396903991699,0.12351691722869873,-0.2636910080909729,-0.7062997221946716,0.4874803423881531,0.16970592737197876,0.353744238615036,-0.3509562611579895,-0.09182660281658173,-0.30054861307144165,0.08822184801101685,0.5212443470954895,0.3083670735359192,0.6036362648010254,-0.30676618218421936,0.18258219957351685,0.24159669876098633,0.06455680727958679,-0.3567819595336914,-0.08172529935836792,-0.13859950006008148,-0.1866704374551773,-0.1094064712524414,-0.030029118061065674,-0.2608006000518799,-0.08049601316452026,-0.02658507227897644,-0.415661484003067,-0.02464023232460022,-0.15566083788871765,0.13698723912239075,0.664116382598877,0.12533977627754211,-0.12074071168899536,-0.7850038409233093,0.18996644020080566
0.24152514338493347,-0.3588523268699646,0.038811326026916504,-0.40478554368019104,-0.29229971766471863,-0.07440999150276184,-0.2532491385936737,0.38005608320236206,-0.2839753031730652,-0.09247395396232605,-0.10384052991867065,-0.03495281934738159,-0.09798678755760193,0.002238661050796509,-0.2577916383743286,0.04276737570762634,-0.09044747054576874,0.06201577186584473,-0.05208352208137512,0.12674623727798462,0.23494815826416016,0.211078941822052,0.25249165296554565,0.578369677066803,0.48187440633773804,0.009899049997329712,-0.2974421977996826,0.4701976776123047,0.3902488052845001,-0.10093237459659576,0.05311034619808197,0.06620219349861145,-0.008932173252105713,0.060454607009887695,-0.1727130115032196,-0.08411914110183716,0.1729165017604828,0.11364050209522247,0.20057064294815063,-0.2935461699962616,0.010908916592597961,-0.4826599657535553,0.7455968856811523,0.3192840814590454,0.38370251655578613,-0.23986351490020752,0.37975749373435974,-0.04065597057342529,0.10041627287864685,0.09223508834838867,-0.02759028971195221,-0.4589945673942566,0.3313972055912018,0.3933042287826538,-0.24861431121826172,-0.09115225076675415,0.03393055871129036,0.15140753984451294,0.1213148832321167,-0.4438002109527588,-0.2167654037475586,0.26705262064933777,-0.5182609558105469,-0.0364152193069458,-0.5749304890632629,0.11924540996551514,-0.26856523752212524,-0.6620218753814697,0.46697720885276794,0.16232633590698242,0.33894240856170654,-0.3972656726837158,-0.05610828101634979,-0.30088722705841064,0.0891309380531311,0.5350726842880249,0.35235798358917236,0.5834556221961975,-0.27631595730781555,0.15424883365631104,0.21963179111480713,0.06057804822921753,-0.31416594982147217,-0.08199429512023926,-0.15711407363414764,-0.14154532551765442,-0.08309447765350342,-0.04234917461872101,-0.27478769421577454,-0.11723151803016663,-0.029723674058914185,-0.407934308052063,-0.040885359048843384,-0.14327159523963928,0.1063866913318634,0.6231657266616821,0.1001313328742981,-0.09100073575973511,-0.7499189376831055,0.1664257049560547
0.23245686292648315,-0.3533061146736145,-0.004311800003051758,-0.4677203595638275,-0.3396485149860382,-0.07316803932189941,-0.26721638441085815,0.39601776003837585,-0.24887947738170624,-0.049804866313934326,-0.12237851321697235,-0.010044574737548828,-0.15415358543395996,0.04730522632598877,-0.24193143844604492,0.04215863347053528,-0.13636092841625214,0.05756998062133789,-0.06801736354827881,0.11529766768217087,0.2198198437690735,0.21095602214336395,0.28601574897766113,0.5479170680046082,0.5008367300033569,0.019344061613082886,-0.24848556518554688,0.4489530920982361,0.40208959579467773,-0.12569774687290192,0.08335326611995697,0.0947960913181305,0.00937432050704956,0.047124773263931274,-0.15808770060539246,-0.13547378778457642,0.16305819153785706,0.09384874999523163,0.1872386932373047,-0.24441605806350708,0.029101967811584473,-0.5091177821159363,0.7475195527076721,0.34913039207458496,0.36241811513900757,-0.21879839897155762,0.3725389540195465,-0.09962469339370728,0.13591082394123077,0.13428446650505066,-0.0744406133890152,-0.45068615674972534,0.32089269161224365,0.4457729756832123,-0.2365759015083313,-0.06705477833747864,0.019889850169420242,0.11800030618906021,0.13191604614257812,-0.4792020320892334,-0.2010047435760498,0.2589452564716339,-0.5211470127105713,-0.06426870822906494,-0.5954475998878479,0.12921679019927979,-0.2618612051010132,-0.7042492032051086,0.48214584589004517,0.16640889644622803,0.35423743724823,-0.3498835861682892,-0.09394656121730804,-0.30065542459487915,0.07941436767578125,0.5157856941223145,0.305774450302124,0.6023321747779846,-0.30913668870925903,0.1953335702419281,0.23870563507080078,0.0715562105178833,-0.3548165559768677,-0.07762730121612549,-0.15176938474178314,-0.20784080028533936,-0.11856299638748169,-0.02757464349269867,-0.25852882862091064,-0.06870841979980469,-0.025335729122161865,-0.420328825712204,-0.030957907438278198,-0.14747419953346252,0.1379166543483734,0.6795027256011963,0.11884510517120361,-0.1301431655883789,-0.7968662977218628,0.18778085708618164
0.23342737555503845,-0.35866478085517883,0.0035774707794189453,-0.46443891525268555,-0.33449944853782654,-0.08295297622680664,-0.2628992795944214,0.38835129141807556,-0.2569043040275574,-0.05433127284049988,-0.12664474546909332,-0.014586865901947021,-0.14779871702194214,0.032861948013305664,-0.24292290210723877,0.0378778874874115,-0.1435084491968155,0.06545832753181458,-0.06294319033622742,0.11816629022359848,0.22498875856399536,0.2116319090127945,0.28024089336395264,0.5639712810516357,0.5026248693466187,0.024483025074005127,-0.25782811641693115,0.45233017206192017,0.4063129127025604,-0.12069429457187653,0.07767753303050995,0.09194302558898926,0.00840449333190918,0.05840185284614563,-0.1618717610836029,-0.12971141934394836,0.16555894911289215,0.10006251931190491,0.1868983507156372,-0.2497386932373047,0.016081705689430237,-0.49542051553726196,0.7484851479530334,0.3462682068347931,0.37103936076164246,-0.2182137817144394,0.37971198558807373,-0.09059417247772217,0.13275046646595,0.13059332966804504,-0.05768639221787453,-0.45158910751342773,0.31775134801864624,0.438967764377594,-0.23320764303207397,-0.07960408926010132,0.016894016414880753,0.11716093868017197,0.13117444515228271,-0.4843900203704834,-0.20669293403625488,0.26040375232696533,-0.5230042338371277,-0.06783008575439453,-0.6006285548210144,0.12334918975830078,-0.26105815172195435,-0.7024739384651184,0.49398648738861084,0.1716809868812561,0.35515254735946655,-0.3519588112831116,-0.09169255197048187,-0.29930728673934937,0.09309375286102295,0.5243852138519287,0.3065826892852783,0.6059257388114929,-0.30197829008102417,0.18493588268756866,0.23016583919525146,0.06112655997276306,-0.3568536043167114,-0.08248627185821533,-0.14928410947322845,-0.19137927889823914,-0.11287820339202881,-0.026021748781204224,-0.26964807510375977,-0.07895016670227051,-0.02842387557029724,-0.4225884974002838,-0.03126564621925354,-0.14851227402687073,0.13069552183151245,0.6701599359512329,0.1285228133201599,-0.11410701274871826,-0.7943600416183472,0.1909189224243164
0.24152514338493347,-0.3588523268699646,0.038811326026916504,-0.40478554368019104,-0.29229971766471863,-0.07440999150276184,-0.2532491385936737,0.38005608320236206,-0.2839753031730652,-0.09247395396232605,-0.10384052991867065,-0.03495281934738159,-0.09798678755760193,0.002238661050796509,-0.2577916383743286,0.04276737570762634,-0.09044747054576874,0.06201577186584473,-0.05208352208137512,0.12674623727798462,0.23494815826416016,0.211078941822052,0.25249165296554565,0.578369677066803,0.48187440633773804,0.009899049997329712,-0.2974421977996826,0.4701976776123047,0.3902488052845001,-0.10093237459659576,0.05311034619808197,0.06620219349861145,-0.008932173252105713,0.060454607009887695,-0.1727130115032196,-0.08411914110183716,0.1729165017604828,0.11364050209522247,0.20057064294815063,-0.2935461699962616,0.010908916592597961,-0.4826599657535553,0.7455968856811523,0.3192840814590454,0.38370251655578613,-0.23986351490020752,0.37975749373435974,-0.04065597057342529,0.10041627287864685,0.09223508834838867,-0.02759028971195221,-0.4589945673942566,0.3313972055912018,0.3933042287826538,-0.24861431121826172,-0.09115225076675415,0.03393055871129036,0.15140753984451294,0.1213148832321167,-0.4438002109527588,-0.2167654037475586,0.26705262064933777,-0.5182609558105469,-0.0364152193069458,-0.5749304890632629,0.11924540996551514,-0.26856523752212524,-0.6620218753814697,0.46697720885276794,0.16232633590698242,0.33894240856170654,-0.3972656726837158,-0.05610828101634979,-0.30088722705841064,0.0891309380531311,0.5350726842880249,0.35235798358917236,0.5834556221961975,-0.27631595730781555,0.15424883365631104,0.21963179111480713,0.06057804822921753,-0.31416594982147217,-0.08199429512023926,-0.15711407363414764,-0.14154532551765442,-0.08309447765350342,-0.04234917461872101,-0.27478769421577454,-0.11723151803016663,-0.029723674058914185,-0.407934308052063,-0.040885359048843384,-0.14327159523963928,0.1063866913318634,0.6231657266616821,0.1001313328742981,-0.09100073575973511,-0.7499189376831055,0.1664257049560547
0.24915814399719238,-0.3528748154640198,0.009194791316986084,-0.4391953647136688,-0.31899482011795044,-0.08043783903121948,-0.25534120202064514,0.3909067213535309,-0.2701682448387146,-0.06664559245109558,-0.11732693016529083,-0.023832082748413086,-0.1415102481842041,0.028886884450912476,-0.23782825469970703,0.03679609298706055,-0.11747239530086517,0.056024134159088135,-0.05808305740356445,0.12460624426603317,0.22434023022651672,0.2079612910747528,0.2772377133369446,0.5635507106781006,0.49356743693351746,0.017018526792526245,-0.26198244094848633,0.461638867855072,0.405158668756485,-0.10460491478443146,0.06923894584178925,0.08466431498527527,-0.005189120769500732,0.04725185036659241,-0.1746254861354828,-0.10871624946594238,0.17356044054031372,0.11372533440589905,0.18250471353530884,-0.2725600004196167,0.015570595860481262,-0.508683443069458,0.759188711643219,0.33336615562438965,0.38432273268699646,-0.23238661885261536,0.3828902840614319,-0.0718795657157898,0.11568224430084229,0.10803470015525818,-0.041068583726882935,-0.46840381622314453,0.3271678686141968,0.42820096015930176,-0.24360138177871704,-0.07554984092712402,0.03154921904206276,0.13488805294036865,0.11348599195480347,-0.480100154876709,-0.20838189125061035,0.2598828375339508,-0.5230437517166138,-0.05086410045623779,-0.5966997742652893,0.12534350156784058,-0.27348393201828003,-0.7019712328910828,0.4810871183872223,0.16828930377960205,0.3527069091796875,-0.37800824642181396,-0.07858702540397644,-0.3105175495147705,0.08547216653823853,0.5376197099685669,0.3363715410232544,0.6004864573478699,-0.2993062138557434,0.16689112782478333,0.25010979175567627,0.06513947248458862,-0.3517714738845825,-0.07682818174362183,-0.13963881134986877,-0.16507549583911896,-0.09449562430381775,-0.03797808289527893,-0.2649332880973816,-0.09446656703948975,-0.026984333992004395,-0.4171887934207916,-0.02914068102836609,-0.15536609292030334,0.12832963466644287,0.6571153402328491,0.11077085137367249,-0.11776310205459595,-0.7830747365951538,0.18704986572265625
0.23310595750808716,-0.3450217843055725,0.015384495258331299,-0.430340975522995,-0.31452956795692444,-0.07332912087440491,-0.25443416833877563,0.38645175099372864,-0.26407697796821594,-0.07234883308410645,-0.10912021994590759,-0.02473127841949463,-0.1300680935382843,0.023535192012786865,-0.24205422401428223,0.03914278745651245,-0.10899661481380463,0.051101624965667725,-0.05889829993247986,0.11210084706544876,0.22170975804328918,0.2071470469236374,0.26615285873413086,0.552162766456604,0.48265984654426575,0.008819103240966797,-0.25636398792266846,0.459635853767395,0.3945544362068176,-0.10887481272220612,0.07418458163738251,0.07677832245826721,8.696317672729492e-05,0.04499167203903198,-0.164923757314682,-0.11018770933151245,0.16194267570972443,0.1002948135137558,0.18292641639709473,-0.26394903659820557,0.023154690861701965,-0.4989612102508545,0.7462412118911743,0.3301008939743042,0.36849069595336914,-0.22822526097297668,0.372298926115036,-0.06807518005371094,0.11672070622444153,0.11238482594490051,-0.04822510853409767,-0.4525250792503357,0.31770408153533936,0.41834741830825806,-0.2475709617137909,-0.07604551315307617,0.03514685109257698,0.13604331016540527,0.11683981120586395,-0.4629530906677246,-0.19949793815612793,0.2506236433982849,-0.5116128921508789,-0.04805397987365723,-0.579164981842041,0.12296944856643677,-0.26453787088394165,-0.6855789422988892,0.4702555537223816,0.16257351636886597,0.34252122044563293,-0.3677219748497009,-0.07048386335372925,-0.3029962182044983,0.08078068494796753,0.5179589986801147,0.3268857002258301,0.588309109210968,-0.29665374755859375,0.17188069224357605,0.23865818977355957,0.07205498218536377,-0.33195555210113525,-0.08030468225479126,-0.1436580866575241,-0.1754164844751358,-0.09448626637458801,-0.03941980004310608,-0.2560253441333771,-0.0960923433303833,-0.024506837129592896,-0.40273985266685486,-0.03096604347229004,-0.14921250939369202,0.12828829884529114,0.643804669380188,0.1058470606803894,-0.11182922124862671,-0.7567434906959534,0.1771700382232666
0.23537486791610718,-0.3490389585494995,0.00011295080184936523,-0.4583737254142761,-0.3325597941875458,-0.08423095941543579,-0.2568624019622803,0.3867298364639282,-0.25525999069213867,-0.05229470133781433,-0.12571652233600616,-0.016244113445281982,-0.15459570288658142,0.03369569778442383,-0.23290574550628662,0.03424665331840515,-0.1403859704732895,0.05862307548522949,-0.061055898666381836,0.11331947892904282,0.21970242261886597,0.20852555334568024,0.28062713146209717,0.5526351928710938,0.49481987953186035,0.020987510681152344,-0.24274581670761108,0.45004016160964966,0.4061180651187897,-0.11337251961231232,0.08056311309337616,0.09111973643302917,0.005657553672790527,0.0500260591506958,-0.16416877508163452,-0.12734916806221008,0.16209332644939423,0.10165125131607056,0.17573750019073486,-0.24870802462100983,0.01720067858695984,-0.5007237792015076,0.7486966848373413,0.34146052598953247,0.3692460358142853,-0.21932174265384674,0.37625041604042053,-0.09033286571502686,0.1284475177526474,0.12587669491767883,-0.05290992930531502,-0.45274001359939575,0.3128626346588135,0.43761250376701355,-0.23660171031951904,-0.07299840450286865,0.02317911759018898,0.11901137977838516,0.12124468386173248,-0.4874004125595093,-0.19891977310180664,0.2515062689781189,-0.5165846943855286,-0.0648568868637085,-0.59746915102005,0.12310820817947388,-0.2630270719528198,-0.7054873108863831,0.48709309101104736,0.16932183504104614,0.3523161709308624,-0.3500751852989197,-0.09115448594093323,-0.30132240056991577,0.0883219838142395,0.5205332040786743,0.3075677752494812,0.6026012301445007,-0.3058971166610718,0.1811460256576538,0.2425166368484497,0.06482434272766113,-0.35736966133117676,-0.08114433288574219,-0.13740341365337372,-0.1871163696050644,-0.10841542482376099,-0.02981942892074585,-0.2608168125152588,-0.08049103617668152,-0.026440054178237915,-0.41353368759155273,-0.024572640657424927,-0.1544075310230255,0.13644757866859436,0.6632916331291199,0.125141441822052,-0.11907511949539185,-0.7831114530563354,0.18958687782287598
0.232817143201828,-0.3267269730567932,-0.018931925296783447,-0.4592851400375366,-0.3392190635204315,-0.08634859323501587,-0.2485552430152893,0.38511133193969727,-0.23833593726158142,-0.03934791684150696,-0.12903781235218048,-0.011769413948059082,-0.17992325127124786,0.04648366570472717,-0.21149492263793945,0.0265960693359375,-0.14865510165691376,0.042760878801345825,-0.0638660192489624,0.09856995195150375,0.20368993282318115,0.19967857003211975,0.2876702547073364,0.5206185579299927,0.48079755902290344,0.017114907503128052,-0.2004481554031372,0.437164306640625,0.4072464406490326,-0.10874678194522858,0.09257237613201141,0.09912008047103882,0.007205665111541748,0.030637502670288086,-0.16263526678085327,-0.13860520720481873,0.15341095626354218,0.09812390804290771,0.15138262510299683,-0.22864027321338654,0.023141205310821533,-0.5112994313240051,0.7428703308105469,0.3389795422554016,0.35879072546958923,-0.21147066354751587,0.365080326795578,-0.10458290576934814,0.13227829337120056,0.1303367018699646,-0.05324244871735573,-0.4496816396713257,0.29523277282714844,0.44570767879486084,-0.23671239614486694,-0.058532655239105225,0.02931198850274086,0.10895927995443344,0.10481184720993042,-0.49916911125183105,-0.18019795417785645,0.23012620210647583,-0.4997899532318115,-0.06903684139251709,-0.5927794575691223,0.12292969226837158,-0.26146388053894043,-0.7164685130119324,0.47665929794311523,0.16587859392166138,0.3470415472984314,-0.33006003499031067,-0.0979941338300705,-0.2998937964439392,0.07995456457138062,0.5047544240951538,0.29255467653274536,0.5959526300430298,-0.3188302516937256,0.17988723516464233,0.26634109020233154,0.07299423217773438,-0.3665226697921753,-0.07832348346710205,-0.11313977837562561,-0.19247634708881378,-0.10529562830924988,-0.03335283696651459,-0.23615002632141113,-0.06833073496818542,-0.021246910095214844,-0.39694905281066895,-0.009693920612335205,-0.1646871268749237,0.150856614112854,0.6609670519828796,0.12269830703735352,-0.13615304231643677,-0.7689847350120544,0.19379496574401855
0.23589062690734863,-0.3432754576206207,-0.006108224391937256,-0.45257461071014404,-0.3285820186138153,-0.07643476128578186,-0.2566339671611786,0.38814032077789307,-0.24762234091758728,-0.05025389790534973,-0.121837317943573,-0.011613786220550537,-0.15237152576446533,0.04743337631225586,-0.22944331169128418,0.03578174114227295,-0.13321316242218018,0.05496010184288025,-0.06457868218421936,0.11983276158571243,0.2123517394065857,0.20190760493278503,0.28167152404785156,0.5342795252799988,0.4893530309200287,0.022701293230056763,-0.24407252669334412,0.43778908252716064,0.3951988220214844,-0.11536581814289093,0.07563845813274384,0.09561619162559509,0.002658843994140625,0.04571443796157837,-0.16085508465766907,-0.12792694568634033,0.16603918373584747,0.1024804413318634,0.1772005558013916,-0.24510933458805084,0.025556698441505432,-0.5004513263702393,0.7332915663719177,0.33660176396369934,0.36243608593940735,-0.21661078929901123,0.3673599064350128,-0.09374314546585083,0.12848587334156036,0.12322384119033813,-0.06367053091526031,-0.44817304611206055,0.31467849016189575,0.43432068824768066,-0.23001247644424438,-0.0655025839805603,0.020631376653909683,0.11584951728582382,0.11957776546478271,-0.47482550144195557,-0.20196032524108887,0.25320395827293396,-0.5102047920227051,-0.06069469451904297,-0.5860795378684998,0.12541723251342773,-0.26078805327415466,-0.6930462121963501,0.471684992313385,0.16437721252441406,0.3463175892829895,-0.34833642840385437,-0.09223632514476776,-0.2983633875846863,0.08024406433105469,0.5136445760726929,0.3071097731590271,0.5883523225784302,-0.29969093203544617,0.1793753057718277,0.24234509468078613,0.06797432899475098,-0.3577176332473755,-0.07146799564361572,-0.14034996926784515,-0.1883033663034439,-0.10973399877548218,-0.028549492359161377,-0.253793329000473,-0.07014232873916626,-0.026381224393844604,-0.412518173456192,-0.02861611545085907,-0.14678969979286194,0.13188406825065613,0.6622941493988037,0.1125471293926239,-0.1290261149406433,-0.7827683687210083,0.18746542930603027
0.2214011251926422,-0.3810078203678131,0.0263480544090271,-0.4644768536090851,-0.3327701687812805,-0.06505650281906128,-0.2822834253311157,0.397361695766449,-0.269317626953125,-0.07352226972579956,-0.11378213763237,-0.015582501888275146,-0.11541235446929932,0.023263096809387207,-0.2818375825881958,0.057841747999191284,-0.11982683837413788,0.07477578520774841,-0.06460815668106079,0.11947695165872574,0.24383065104484558,0.22784945368766785,0.26759034395217896,0.5915016531944275,0.5179069638252258,0.01669222116470337,-0.3018576502799988,0.47384023666381836,0.3974287807941437,-0.1405630260705948,0.07622234523296356,0.07727926969528198,0.01484447717666626,0.06956058740615845,-0.15301567316055298,-0.12278157472610474,0.16553719341754913,0.08319792151451111,0.22377854585647583,-0.2631697356700897,0.029748991131782532,-0.4932315945625305,0.7552871704101562,0.3570459485054016,0.3689095079898834,-0.22839412093162537,0.38327300548553467,-0.07700943946838379,0.13394790887832642,0.13657689094543457,-0.08047942817211151,-0.447917103767395,0.3389793634414673,0.43002191185951233,-0.24683460593223572,-0.09026649594306946,0.017044860869646072,0.13360771536827087,0.15945303440093994,-0.45738816261291504,-0.2198702096939087,0.2837871313095093,-0.540713906288147,-0.05720102787017822,-0.5924974679946899,0.12872165441513062,-0.2591855525970459,-0.68349289894104,0.495394766330719,0.16956663131713867,0.35626021027565,-0.37355923652648926,-0.07714812457561493,-0.29846590757369995,0.08870548009872437,0.5272550582885742,0.3209613561630249,0.6092725992202759,-0.29659345746040344,0.20450274646282196,0.1995089054107666,0.06654614210128784,-0.3262913227081299,-0.08845245838165283,-0.19114887714385986,-0.21445026993751526,-0.12174052000045776,-0.02612057328224182,-0.28574150800704956,-0.0888986885547638,-0.030844569206237793,-0.4344387650489807,-0.052662163972854614,-0.13141432404518127,0.1215333640575409,0.6824463605880737,0.11844116449356079,-0.10489708185195923,-0.7993582487106323,0.17917609214782715
0.241126149892807,-0.3587794303894043,0.03833061456680298,-0.4061300754547119,-0.2926281988620758,-0.07392576336860657,-0.2537250518798828,0.38024836778640747,-0.28308534622192383,-0.09187856316566467,-0.1039692610502243,-0.03401106595993042,-0.0969381332397461,0.004747241735458374,-0.2579296827316284,0.04242202639579773,-0.09094896912574768,0.06304013729095459,-0.05288645625114441,0.1285446286201477,0.23358052968978882,0.21000531315803528,0.25264066457748413,0.5772019028663635,0.4833213686943054,0.011592477560043335,-0.2997347116470337,0.46810853481292725,0.3892028033733368,-0.10195522010326385,0.05271999537944794,0.0667559802532196,-0.008939087390899658,0.06189417839050293,-0.171922504901886,-0.08578965067863464,0.17403192818164825,0.11304862797260284,0.20159423351287842,-0.29237526655197144,0.011969581246376038,-0.48107096552848816,0.7425931692123413,0.3189816474914551,0.3822537660598755,-0.2381930649280548,0.3794199824333191,-0.04215496778488159,0.10170814394950867,0.09292463958263397,-0.030407249927520752,-0.4568786025047302,0.3313080072402954,0.3938411474227905,-0.24626567959785461,-0.09122836589813232,0.03248067572712898,0.1493520438671112,0.12241953611373901,-0.443423867225647,-0.21855664253234863,0.2683679163455963,-0.5189937353134155,-0.03756570816040039,-0.5746396780014038,0.11920565366744995,-0.2674484848976135,-0.6607021689414978,0.4678957164287567,0.16278892755508423,0.33853599429130554,-0.395425945520401,-0.05701359361410141,-0.30082422494888306,0.08911389112472534,0.5347630977630615,0.3509324789047241,0.5825072526931763,-0.2746957540512085,0.1544417440891266,0.21773231029510498,0.06022706627845764,-0.31617605686187744,-0.08067059516906738,-0.15822967886924744,-0.14381688833236694,-0.08418935537338257,-0.040617793798446655,-0.2763402760028839,-0.11524727940559387,-0.03020608425140381,-0.4092620015144348,-0.042517781257629395,-0.14052793383598328,0.10500714182853699,0.624762237071991,0.10027188062667847,-0.09033143520355225,-0.7522854208946228,0.16745638847351074
0.24152514338493347,-0.3588523268699646,0.038811326026916504,-0.40478554368019104,-0.29229971766471863,-0.07440999150276184,-0.2532491385936737,0.38005608320236206,-0.2839753031730652,-0.09247395396232605,-0.10384052991867065,-0.03495281934738159,-0.09798678755760193,0.002238661050796509,-0.2577916383743286,0.04276737570762634,-0.09044747054576874,0.06201577186584473,-0.05208352208137512,0.12674623727798462,0.23494815826416016,0.211078941822052,0.25249165296554565,0.578369677066803,0.48187440633773804,0.009899049997329712,-0.2974421977996826,0.4701976776123047,0.3902488052845001,-0.10093237459659576,0.05311034619808197,0.06620219349861145,-0.008932173252105713,0.060454607009887695,-0.1727130115032196,-0.08411914110183716,0.1729165017604828,0.11364050209522247,0.20057064294815063,-0.2935461699962616,0.010908916592597961,-0.4826599657535553,0.7455968856811523,0.3192840814590454,0.38370251655578613,-0.23986351490020752,0.37975749373435974,-0.04065597057342529,0.10041627287864685,0.09223508834838867,-0.02759028971195221,-0.4589945673942566,0.3313972055912018,0.3933042287826538,-0.24861431121826172,-0.09115225076675415,0.03393055871129036,0.15140753984451294,0.1213148832321167,-0.4438002109527588,-0.2167654037475586,0.26705262064933777,-0.5182609558105469,-0.0364152193069458,-0.5749304890632629,0.11924540996551514,-0.26856523752212524,-0.6620218753814697,0.46697720885276794,0.16232633590698242,0.33894240856170654,-0.3972656726837158,-0.05610828101634979,-0.30088722705841064,0.0891309380531311,0.5350726842880249,0.35235798358917236,0.5834556221961975,-0.27631595730781555,0.15424883365631104,0.21963179111480713,0.06057804822921753,-0.31416594982147217,-0.08199429512023926,-0.15711407363414764,-0.14154532551765442,-0.08309447765350342,-0.04234917461872101,-0.27478769421577454,-0.11723151803016663,-0.029723674058914185,-0.407934308052063,-0.040885359048843384,-0.14327159523963928,0.1063866913318634,0.6231657266616821,0.1001313328742981,-0.09100073575973511,-0.7499189376831055,0.1664257049560547
0.21880170702934265,-0.3589078485965729,0.011240065097808838,-0.45677340030670166,-0.3301045000553131,-0.06629693508148193,-0.27175822854042053,0.39012324810028076,-0.25066548585891724,-0.062166690826416016,-0.11528722941875458,-0.011079490184783936,-0.1283729374408722,0.03667449951171875,-0.2604624032974243,0.04927140474319458,-0.12687183916568756,0.06409099698066711,-0.06782272458076477,0.114432193338871,0.22568577527999878,0.2147485464811325,0.27077341079711914,0.5545812845230103,0.49839910864830017,0.017527729272842407,-0.2719063460826874,0.4501004219055176,0.39017388224601746,-0.13441501557826996,0.07760541141033173,0.08641067147254944,0.013561129570007324,0.0592120885848999,-0.14972048997879028,-0.13042205572128296,0.15995639562606812,0.08447819948196411,0.20412123203277588,-0.2456219643354416,0.0315580815076828,-0.48892176151275635,0.7323390245437622,0.346557080745697,0.3539791405200958,-0.21665245294570923,0.36837002635002136,-0.08868551254272461,0.1354008913040161,0.13578850030899048,-0.07976749539375305,-0.436887264251709,0.32200682163238525,0.4284517168998718,-0.23558840155601501,-0.07769352197647095,0.01584715023636818,0.12029378861188889,0.1457170993089676,-0.45412755012512207,-0.20750534534454346,0.2658796012401581,-0.5184574127197266,-0.06058228015899658,-0.5797001123428345,0.12519383430480957,-0.2529972195625305,-0.6767394542694092,0.47709256410598755,0.16421478986740112,0.34567445516586304,-0.351413369178772,-0.0834437906742096,-0.29000645875930786,0.08216780424118042,0.5070057511329651,0.30386555194854736,0.5909684896469116,-0.29575949907302856,0.19735237956047058,0.20958197116851807,0.06921359896659851,-0.3321568965911865,-0.08181542158126831,-0.1705397516489029,-0.2100282609462738,-0.1201113760471344,-0.02563616633415222,-0.2658761143684387,-0.07382351160049438,-0.027441591024398804,-0.41788822412490845,-0.042674705386161804,-0.133309006690979,0.1244874894618988,0.6682038307189941,0.11528003215789795,-0.1141122579574585,-0.7818285822868347,0.1768805980682373
0.2159290313720703,-0.35840126872062683,0.00819164514541626,-0.46605655550956726,-0.34303566813468933,-0.06458699703216553,-0.2750621438026428,0.395786315202713,-0.2517261505126953,-0.05654191970825195,-0.11438600718975067,-0.01215451955795288,-0.14716479182243347,0.03138810396194458,-0.2598632574081421,0.05329585075378418,-0.12598928809165955,0.05525386333465576,-0.06692078709602356,0.09400313347578049,0.2314990758895874,0.22455056011676788,0.2776838541030884,0.5576244592666626,0.49723777174949646,0.0035648345947265625,-0.24589186906814575,0.46499156951904297,0.4023849368095398,-0.13579829037189484,0.09477750957012177,0.08478066325187683,0.018544018268585205,0.04368215799331665,-0.15026399493217468,-0.13272148370742798,0.14666813611984253,0.07562510669231415,0.19682013988494873,-0.24262650310993195,0.03693482279777527,-0.512212872505188,0.7580366730690002,0.356578528881073,0.3541489839553833,-0.2249099314212799,0.3669912815093994,-0.09525412321090698,0.13450852036476135,0.1432998776435852,-0.08066147565841675,-0.44514966011047363,0.32235831022262573,0.4381808936595917,-0.2565488815307617,-0.0670258104801178,0.027139190584421158,0.1294371783733368,0.1441047042608261,-0.46686673164367676,-0.19034945964813232,0.2557957172393799,-0.5198395252227783,-0.05771815776824951,-0.5876563787460327,0.13113611936569214,-0.26062387228012085,-0.6989161968231201,0.47664302587509155,0.1633555293083191,0.35184115171432495,-0.35192060470581055,-0.08513538539409637,-0.2941184639930725,0.0725013017654419,0.5024480819702148,0.3047964572906494,0.6065652370452881,-0.3186888098716736,0.21423718333244324,0.22746646404266357,0.08186918497085571,-0.32469236850738525,-0.09179043769836426,-0.16568034887313843,-0.2257930040359497,-0.12532436847686768,-0.033250197768211365,-0.2551361322402954,-0.07740634679794312,-0.02316272258758545,-0.4120950698852539,-0.03126728534698486,-0.15112099051475525,0.14620375633239746,0.6767182350158691,0.11670523881912231,-0.12832337617874146,-0.7765247821807861,0.17444753646850586
0.22289851307868958,-0.3389469087123871,-0.0017786026000976562,-0.44990143179893494,-0.33528605103492737,-0.07002955675125122,-0.26067090034484863,0.3909038007259369,-0.24549055099487305,-0.05374997854232788,-0.11477907001972198,-0.014550566673278809,-0.15785762667655945,0.03464442491531372,-0.23863017559051514,0.04260382056236267,-0.1249496340751648,0.04227691888809204,-0.06625768542289734,0.09092109650373459,0.21809136867523193,0.21242175996303558,0.27950096130371094,0.5334115028381348,0.47964105010032654,0.0012190937995910645,-0.22031202912330627,0.45366138219833374,0.40239417552948,-0.11976517736911774,0.09328638017177582,0.08904656767845154,0.012080967426300049,0.030241787433624268,-0.1558162271976471,-0.12953504920005798,0.1450551599264145,0.08534727990627289,0.174241840839386,-0.23990586400032043,0.03290662169456482,-0.5153676271438599,0.7519327402114868,0.3433850407600403,0.3530828356742859,-0.22233152389526367,0.361017107963562,-0.0946313738822937,0.12739837169647217,0.13294601440429688,-0.06349435448646545,-0.44714581966400146,0.30978477001190186,0.43450021743774414,-0.25405973196029663,-0.05890697240829468,0.03335932269692421,0.12711486220359802,0.12144702672958374,-0.4710118770599365,-0.1795724630355835,0.2379455864429474,-0.5036287903785706,-0.05513298511505127,-0.5818247199058533,0.12802141904830933,-0.2626202702522278,-0.7010023593902588,0.4633704721927643,0.15995937585830688,0.3442091941833496,-0.3461757302284241,-0.08390818536281586,-0.2945374846458435,0.06873011589050293,0.4972240626811981,0.304455041885376,0.5955467224121094,-0.31933698058128357,0.19668763875961304,0.24891185760498047,0.0837855339050293,-0.3304860591888428,-0.08727109432220459,-0.1392582207918167,-0.2053515762090683,-0.1125572919845581,-0.03961428999900818,-0.23840947449207306,-0.07635930180549622,-0.01961645483970642,-0.3960697650909424,-0.01901780068874359,-0.16114541888237,0.14848312735557556,0.6588737964630127,0.11114603281021118,-0.13370472192764282,-0.7577128410339355,0.17421960830688477
0.22518455982208252,-0.3508521020412445,-0.002791166305541992,-0.46653634309768677,-0.33869418501853943,-0.07784098386764526,-0.26283004879951477,0.38880282640457153,-0.24780623614788055,-0.050457119941711426,-0.1250619888305664,-0.010319113731384277,-0.15348264575004578,0.03873831033706665,-0.23995578289031982,0.03984260559082031,-0.14358997344970703,0.05939647555351257,-0.06499943137168884,0.10935256630182266,0.21924445033073425,0.21031512320041656,0.2799142599105835,0.5483003854751587,0.4981182813644409,0.02056005597114563,-0.24239590764045715,0.44703662395477295,0.40184393525123596,-0.1252313107252121,0.08558212220668793,0.09283226728439331,0.012416601181030273,0.05164399743080139,-0.15592312812805176,-0.13691064715385437,0.15808527171611786,0.09064224362373352,0.18203270435333252,-0.236625537276268,0.023773208260536194,-0.49739304184913635,0.7418438792228699,0.34769922494888306,0.35991156101226807,-0.21424873173236847,0.3720230460166931,-0.0980294942855835,0.13732533156871796,0.13720449805259705,-0.0681251585483551,-0.4436529874801636,0.31131625175476074,0.44163617491722107,-0.23400479555130005,-0.07278499007225037,0.01941220834851265,0.11326418071985245,0.13051624596118927,-0.48119354248046875,-0.1980593204498291,0.25265416502952576,-0.5155080556869507,-0.06838703155517578,-0.592541515827179,0.12441152334213257,-0.25658053159713745,-0.7009099125862122,0.487232506275177,0.16807878017425537,0.3511660099029541,-0.3404601216316223,-0.09275603294372559,-0.2968326807022095,0.08703339099884033,0.5106950402259827,0.2967190742492676,0.6000574231147766,-0.30704453587532043,0.19242897629737854,0.23225045204162598,0.06738549470901489,-0.35338497161865234,-0.08147567510604858,-0.14756925404071808,-0.20526279509067535,-0.11684560775756836,-0.026468053460121155,-0.2589269280433655,-0.07249480485916138,-0.025892168283462524,-0.4158615171909332,-0.029399335384368896,-0.1475471556186676,0.13722500205039978,0.6719980239868164,0.1250525712966919,-0.12162816524505615,-0.7859596014022827,0.19039535522460938
0.2318008840084076,-0.3519347906112671,-0.0005431771278381348,-0.45968520641326904,-0.33314815163612366,-0.08099952340126038,-0.2592185139656067,0.38635557889938354,-0.25263234972953796,-0.051865071058273315,-0.12507815659046173,-0.012714087963104248,-0.15120330452919006,0.03576520085334778,-0.23565971851348877,0.03646230697631836,-0.14064481854438782,0.06058964133262634,-0.06310415267944336,0.1150633916258812,0.22025549411773682,0.2086934596300125,0.28129130601882935,0.5504443645477295,0.49552005529403687,0.022113829851150513,-0.24690762162208557,0.4454834461212158,0.40281498432159424,-0.11773522198200226,0.07816462218761444,0.09392842650413513,0.007785499095916748,0.05272313952445984,-0.1598833203315735,-0.12942171096801758,0.16178195178508759,0.09996344149112701,0.18045783042907715,-0.2458224594593048,0.01884046196937561,-0.4963214099407196,0.7424252033233643,0.3417902886867523,0.36544710397720337,-0.21697500348091125,0.37236806750297546,-0.0925527811050415,0.12965911626815796,0.12934339046478271,-0.05901714041829109,-0.44732147455215454,0.31403177976608276,0.4361841082572937,-0.2332291603088379,-0.07258439064025879,0.01827201619744301,0.11706274002790451,0.1258234828710556,-0.4804677963256836,-0.20220232009887695,0.2540171444416046,-0.514829158782959,-0.06521570682525635,-0.5938113331794739,0.12450885772705078,-0.2608959972858429,-0.6979371309280396,0.48305538296699524,0.16798031330108643,0.3508104681968689,-0.34734421968460083,-0.0927439033985138,-0.297318696975708,0.08719193935394287,0.5158213376998901,0.3043972849845886,0.5990252494812012,-0.302275687456131,0.1844087839126587,0.2347874641418457,0.06490373611450195,-0.3545515537261963,-0.08048468828201294,-0.14440177381038666,-0.19092079997062683,-0.11406707763671875,-0.02715533971786499,-0.26170337200164795,-0.07640451192855835,-0.02704179286956787,-0.41590943932533264,-0.027908384799957275,-0.15050366520881653,0.13360795378684998,0.6640792489051819,0.12331414222717285,-0.12041157484054565,-0.7852194309234619,0.18796873092651367
0.2311730980873108,-0.34784218668937683,0.0052568912506103516,-0.4500192403793335,-0.32992371916770935,-0.0749821662902832,-0.25959911942481995,0.39000290632247925,-0.2572001516819,-0.05928871035575867,-0.11689455807209015,-0.018303215503692627,-0.14872661232948303,0.030302733182907104,-0.24065470695495605,0.04090884327888489,-0.12453573942184448,0.05186954140663147,-0.06159844994544983,0.10582827776670456,0.22260838747024536,0.21209026873111725,0.2765769362449646,0.5512953400611877,0.4896763563156128,0.009924530982971191,-0.2419758141040802,0.45856738090515137,0.4028504490852356,-0.11600439250469208,0.08417396247386932,0.08512172102928162,0.006060123443603516,0.042199164628982544,-0.1620972752571106,-0.12199768424034119,0.15707208216190338,0.09482868015766144,0.18019169569015503,-0.25238221883773804,0.025058090686798096,-0.5083283185958862,0.7539578080177307,0.34103626012802124,0.36608952283859253,-0.22560690343379974,0.3719783425331116,-0.08489114046096802,0.12498413026332855,0.1250472366809845,-0.05719888582825661,-0.4535805583000183,0.31700044870376587,0.4326119124889374,-0.2484598159790039,-0.06924763321876526,0.03143835440278053,0.12898367643356323,0.12189511954784393,-0.4760514497756958,-0.19366800785064697,0.24979862570762634,-0.5148555040359497,-0.05547201633453369,-0.5893371105194092,0.12612468004226685,-0.2651911973953247,-0.7009549140930176,0.4769699275493622,0.16514378786087036,0.3494340181350708,-0.35774239897727966,-0.08253218233585358,-0.30153316259384155,0.07912737131118774,0.5151352882385254,0.3154696226119995,0.5993607044219971,-0.30965834856033325,0.18676702678203583,0.24343764781951904,0.07386067509651184,-0.3406410217285156,-0.08341145515441895,-0.14322389662265778,-0.1927090883255005,-0.1068868637084961,-0.036428675055503845,-0.25406354665756226,-0.08531248569488525,-0.023796170949935913,-0.4079751670360565,-0.026121169328689575,-0.15537434816360474,0.13947895169258118,0.6605738401412964,0.11437898874282837,-0.12326973676681519,-0.771053671836853,0.18173837661743164
0.23339584469795227,-0.3423890769481659,0.003581821918487549,-0.4448951184749603,-0.3311212956905365,-0.07060402631759644,-0.26051777601242065,0.39606791734695435,-0.2581452429294586,-0.060902148485183716,-0.11135800182819366,-0.020584046840667725,-0.15564778447151184,0.03182753920555115,-0.23913002014160156,0.043343544006347656,-0.11333170533180237,0.04213917255401611,-0.06232133507728577,0.09695231169462204,0.2219138741493225,0.21398058533668518,0.27873891592025757,0.545922577381134,0.48397940397262573,-0.00022161006927490234,-0.22986221313476562,0.46623992919921875,0.4055662751197815,-0.1134253591299057,0.0907503217458725,0.08205613493919373,0.005657553672790527,0.02773800492286682,-0.16511061787605286,-0.11933302879333496,0.1528368443250656,0.0932970941066742,0.1766831874847412,-0.2558291554450989,0.032186299562454224,-0.5260745286941528,0.766688883304596,0.3424699604511261,0.3665368854999542,-0.23216187953948975,0.37048137187957764,-0.08363485336303711,0.12012231349945068,0.1216590404510498,-0.0562908835709095,-0.4618455171585083,0.32040539383888245,0.43432584404945374,-0.2613149583339691,-0.06133762001991272,0.04190116003155708,0.13846677541732788,0.11664091050624847,-0.47707831859588623,-0.18500685691833496,0.24364101886749268,-0.5129061937332153,-0.0486907958984375,-0.5880296230316162,0.12958842515945435,-0.2710196375846863,-0.7096823453903198,0.4676503837108612,0.16146892309188843,0.3491678237915039,-0.36461347341537476,-0.07713325321674347,-0.3065442442893982,0.06836086511611938,0.5134097337722778,0.3235189914703369,0.6018775105476379,-0.3204408884048462,0.18990904092788696,0.26006317138671875,0.08419552445411682,-0.3331468105316162,-0.08519107103347778,-0.13811737298965454,-0.19573575258255005,-0.10311233997344971,-0.044414371252059937,-0.24340637028217316,-0.0879187285900116,-0.020370572805404663,-0.4008445739746094,-0.019839227199554443,-0.16456767916679382,0.14952409267425537,0.6620095372200012,0.10585945844650269,-0.1334930658340454,-0.76318359375,0.17808008193969727
0.23582684993743896,-0.3549882173538208,0.011472165584564209,-0.44723668694496155,-0.3210804760456085,-0.08142772316932678,-0.2558988034725189,0.38714146614074707,-0.26399490237236023,-0.0672730803489685,-0.12027183175086975,-0.019467473030090332,-0.1297653317451477,0.027616113424301147,-0.24184858798980713,0.033953458070755005,-0.12792527675628662,0.06422626972198486,-0.0603087842464447,0.1257946491241455,0.22241026163101196,0.20598721504211426,0.2709668278694153,0.5609222650527954,0.49955838918685913,0.024164706468582153,-0.27107784152030945,0.45148539543151855,0.39793500304222107,-0.11150239408016205,0.06842420995235443,0.084318608045578,0.003220677375793457,0.06020897626876831,-0.16331163048744202,-0.11874145269393921,0.16979339718818665,0.105007603764534,0.18673378229141235,-0.26059356331825256,0.016621604561805725,-0.48712795972824097,0.7411491870880127,0.3349514305591583,0.3723220229148865,-0.2207796722650528,0.38090601563453674,-0.07456701993942261,0.12446413934230804,0.11865448951721191,-0.05168791115283966,-0.44800567626953125,0.3174521028995514,0.42767298221588135,-0.23218587040901184,-0.08463338017463684,0.02018832042813301,0.1248243972659111,0.12459488213062286,-0.47403597831726074,-0.2127847671508789,0.26041385531425476,-0.5216818451881409,-0.060250282287597656,-0.5908281207084656,0.1222149133682251,-0.26032426953315735,-0.6888323426246643,0.4879298508167267,0.16834646463394165,0.34807783365249634,-0.36107754707336426,-0.08144505321979523,-0.30379050970077515,0.09349197149276733,0.5274953246116638,0.3175053596496582,0.5951905846595764,-0.2894386649131775,0.17017897963523865,0.22886979579925537,0.060179203748703,-0.35141658782958984,-0.07747089862823486,-0.14889885485172272,-0.1773994117975235,-0.10207891464233398,-0.028070345520973206,-0.2719930112361908,-0.08973518013954163,-0.02823352813720703,-0.41691163182258606,-0.0365065336227417,-0.14162996411323547,0.12032938003540039,0.6564909219741821,0.11872312426567078,-0.10425281524658203,-0.7819036841392517,0.1879138946533203
0.24830332398414612,-0.34516146779060364,0.0028206706047058105,-0.44313958287239075,-0.32061561942100525,-0.08796235918998718,-0.24774402379989624,0.38944825530052185,-0.2653401792049408,-0.06360739469528198,-0.12259186804294586,-0.022193491458892822,-0.14396584033966064,0.032591789960861206,-0.22550582885742188,0.02553349733352661,-0.1280137449502945,0.055592507123947144,-0.05910593271255493,0.1268465220928192,0.21608734130859375,0.19981543719768524,0.2785283923149109,0.5512915849685669,0.49486181139945984,0.023510396480560303,-0.25417008996009827,0.4497770071029663,0.4048009514808655,-0.09716667234897614,0.0694158524274826,0.08851873874664307,-0.0031589865684509277,0.04817792773246765,-0.1716558337211609,-0.11581635475158691,0.17223723232746124,0.11540833115577698,0.16994708776474,-0.26484596729278564,0.014639705419540405,-0.5014411211013794,0.7507873177528381,0.3298559784889221,0.378985196352005,-0.22330397367477417,0.38334402441978455,-0.07503074407577515,0.11829476058483124,0.11085726320743561,-0.039480060338974,-0.4586455821990967,0.3150177597999573,0.43260616064071655,-0.2346467673778534,-0.07671681046485901,0.026338089257478714,0.12718558311462402,0.10661473870277405,-0.48836541175842285,-0.2077481746673584,0.25126737356185913,-0.5190393328666687,-0.05776059627532959,-0.596764862537384,0.12341582775115967,-0.2684652507305145,-0.7037249207496643,0.485425740480423,0.16877681016921997,0.3495699465274811,-0.3644605875015259,-0.08360914140939713,-0.3125131130218506,0.08983832597732544,0.5341722965240479,0.3248298764228821,0.5977935194969177,-0.2959391474723816,0.15930649638175964,0.2544114589691162,0.06313639879226685,-0.3646852970123291,-0.07337743043899536,-0.12852683663368225,-0.16498079895973206,-0.09407436847686768,-0.033615052700042725,-0.2635176181793213,-0.09078186750411987,-0.025922447443008423,-0.41110172867774963,-0.026459187269210815,-0.15372571349143982,0.1268731951713562,0.6544044017791748,0.11598479747772217,-0.11310899257659912,-0.7812827229499817,0.1920914649963379
0.24152514338493347,-0.3588523268699646,0.038811326026916504,-0.40478554368019104,-0.29229971766471863,-0.07440999150276184,-0.2532491385936737,0.38005608320236206,-0.2839753031730652,-0.09247395396232605,-0.10384052991867065,-0.03495281934738159,-0.09798678755760193,0.002238661050796509,-0.2577916383743286,0.04276737570762634,-0.09044747054576874,0.06201577186584473,-0.05208352208137512,0.12674623727798462,0.23494815826416016,0.211078941822052,0.25249165296554565,0.578369677066803,0.48187440633773804,0.009899049997329712,-0.2974421977996826,0.4701976776123047,0.3902488052845001,-0.10093237459659576,0.05311034619808197,0.06620219349861145,-0.008932173252105713,0.060454607009887695,-0.1727130115032196,-0.08411914110183716,0.1729165017604828,0.11364050209522247,0.20057064294815063,-0.2935461699962616,0.010908916592597961,-0.4826599657535553,0.7455968856811523,0.3192840814590454,0.38370251655578613,-0.23986351490020752,0.37975749373435974,-0.04065597057342529,0.10041627287864685,0.09223508834838867,-0.02759028971195221,-0.4589945673942566,0.3313972055912018,0.3933042287826538,-0.24861431121826172,-0.09115225076675415,0.03393055871129036,0.15140753984451294,0.1213148832321167,-0.4438002109527588,-0.2167654037475586,0.26705262064933777,-0.5182609558105469,-0.0364152193069458,-0.5749304890632629,0.11924540996551514,-0.26856523752212524,-0.6620218753814697,0.46697720885276794,0.16232633590698242,0.33894240856170654,-0.3972656726837158,-0.05610828101634979,-0.30088722705841064,0.0891309380531311,0.5350726842880249,0.35235798358917236,0.5834556221961975,-0.27631595730781555,0.15424883365631104,0.21963179111480713,0.06057804822921753,-0.31416594982147217,-0.08199429512023926,-0.15711407363414764,-0.14154532551765442,-0.08309447765350342,-0.04234917461872101,-0.27478769421577454,-0.11723151803016663,-0.029723674058914185,-0.407934308052063,-0.040885359048843384,-0.14327159523963928,0.1063866913318634,0.6231657266616821,0.1001313328742981,-0.09100073575973511,-0.7499189376831055,0.1664257049560547
0.24233195185661316,-0.33166834712028503,-0.005824446678161621,-0.44306522607803345,-0.32740727066993713,-0.08113229274749756,-0.24679455161094666,0.3908315896987915,-0.25539812445640564,-0.0560702383518219,-0.11804185807704926,-0.021691620349884033,-0.16335085034370422,0.03689432144165039,-0.2187408208847046,0.02957555651664734,-0.12306933104991913,0.03956562280654907,-0.06122741103172302,0.10450618714094162,0.21053200960159302,0.20115157961845398,0.28213316202163696,0.5336849689483643,0.48017367720603943,0.007760524749755859,-0.21653947234153748,0.4540477395057678,0.407865971326828,-0.09923984110355377,0.08663825690746307,0.08750450611114502,-0.0014830827713012695,0.026470541954040527,-0.1695426106452942,-0.12091630697250366,0.15862064063549042,0.1046888679265976,0.15776419639587402,-0.25302836298942566,0.02349454164505005,-0.5204330682754517,0.7586886286735535,0.33190351724624634,0.3695104122161865,-0.22575442492961884,0.37129151821136475,-0.08565354347229004,0.1201673299074173,0.11586791276931763,-0.044001683592796326,-0.46094244718551636,0.308091402053833,0.43756726384162903,-0.2497122883796692,-0.060774654150009155,0.040753308683633804,0.12890613079071045,0.09894740581512451,-0.4904986619949341,-0.18424499034881592,0.2345874309539795,-0.5073611736297607,-0.05390346050262451,-0.5918850302696228,0.12611043453216553,-0.2702079713344574,-0.7147660851478577,0.47237128019332886,0.16409587860107422,0.3479880094528198,-0.3558080196380615,-0.08348579704761505,-0.3106669783592224,0.07522016763687134,0.5178592205047607,0.31953102350234985,0.5969794988632202,-0.3159579932689667,0.1724291741847992,0.27252471446990967,0.07862192392349243,-0.35440921783447266,-0.07765054702758789,-0.11688545346260071,-0.1787949502468109,-0.09441483020782471,-0.04219675064086914,-0.23989184200763702,-0.0858166515827179,-0.02024790644645691,-0.3971671760082245,-0.014705955982208252,-0.1666693389415741,0.14629366993904114,0.6537532806396484,0.10961443185806274,-0.13188207149505615,-0.7641152143478394,0.18746590614318848
0.20890569686889648,-0.36358407139778137,0.01570749282836914,-0.4609150290489197,-0.3347027599811554,-0.05893808603286743,-0.27952855825424194,0.391047865152359,-0.24817293882369995,-0.06250038743019104,-0.11073292791843414,-0.009323418140411377,-0.12463226914405823,0.034274935722351074,-0.27109432220458984,0.05634957551956177,-0.12350404262542725,0.06453287601470947,-0.06963196396827698,0.105605848133564,0.23076343536376953,0.22120721638202667,0.26913803815841675,0.5571960806846619,0.4986592233181,0.011695504188537598,-0.27374744415283203,0.4543581008911133,0.3883489668369293,-0.14460389316082,0.08295981585979462,0.08401557803153992,0.01956695318222046,0.05921861529350281,-0.14295700192451477,-0.1334781050682068,0.15244467556476593,0.07326573133468628,0.21304082870483398,-0.24166399240493774,0.03832106292247772,-0.4894377589225769,0.7331082820892334,0.35233527421951294,0.346333771944046,-0.217416912317276,0.3628193736076355,-0.09164249897003174,0.13854002952575684,0.14386436343193054,-0.09173320233821869,-0.43070411682128906,0.32432109117507935,0.42710360884666443,-0.2420235574245453,-0.07616427540779114,0.01544271782040596,0.12282177060842514,0.1569119393825531,-0.4448995590209961,-0.20399928092956543,0.2674899995326996,-0.5188860893249512,-0.05921471118927002,-0.575516402721405,0.12754499912261963,-0.2507285475730896,-0.6714852452278137,0.47293296456336975,0.16188722848892212,0.3450629413127899,-0.3490208685398102,-0.08252266049385071,-0.28453463315963745,0.07699304819107056,0.49744340777397156,0.29963254928588867,0.5923759341239929,-0.2990540862083435,0.21168208122253418,0.1988685131072998,0.07476463913917542,-0.31793665885925293,-0.08720725774765015,-0.1829313188791275,-0.22605733573436737,-0.12915360927581787,-0.025157734751701355,-0.265383243560791,-0.07190859317779541,-0.026970237493515015,-0.4175228178501129,-0.04539206624031067,-0.13095471262931824,0.12780258059501648,0.671014666557312,0.1147327721118927,-0.11549979448318481,-0.7782799005508423,0.16953253746032715
0.2283751368522644,-0.3497554659843445,-0.0014202594757080078,-0.4644450545310974,-0.33779177069664,-0.08133894205093384,-0.2623347342014313,0.38662564754486084,-0.24923336505889893,-0.04819187521934509,-0.12722158432006836,-0.011832594871520996,-0.15658125281333923,0.036780208349227905,-0.2368859052658081,0.037652552127838135,-0.1439632773399353,0.059799402952194214,-0.06347736716270447,0.10795637220144272,0.21949532628059387,0.21181295812129974,0.28183984756469727,0.549758791923523,0.49600502848625183,0.02016294002532959,-0.24013769626617432,0.44735264778137207,0.4041554629802704,-0.12112970650196075,0.08502708375453949,0.0930909514427185,0.010894060134887695,0.05055040121078491,-0.15856236219406128,-0.1334584653377533,0.15766479074954987,0.0942484587430954,0.17973071336746216,-0.2412714958190918,0.021496891975402832,-0.49904921650886536,0.7435533404350281,0.3459204137325287,0.36234959959983826,-0.21605731546878815,0.3710753619670868,-0.09739959239959717,0.13305914402008057,0.1334167718887329,-0.06276874244213104,-0.44653797149658203,0.31165218353271484,0.4391752779483795,-0.23643720149993896,-0.07040292024612427,0.020035434514284134,0.11503832787275314,0.12961618602275848,-0.4841582775115967,-0.19637739658355713,0.25280725955963135,-0.5151776075363159,-0.06852388381958008,-0.5952033996582031,0.12440627813339233,-0.2598307132720947,-0.7020162343978882,0.4850734770298004,0.16776341199874878,0.35147690773010254,-0.34332093596458435,-0.09504006803035736,-0.29594045877456665,0.08522826433181763,0.51236891746521,0.2997056245803833,0.6022989153862,-0.3086066246032715,0.1910475492477417,0.23531091213226318,0.06663843989372253,-0.3528635501861572,-0.08318376541137695,-0.14347542822360992,-0.20014537870883942,-0.11616194248199463,-0.026967346668243408,-0.2589852809906006,-0.0744251012802124,-0.026184767484664917,-0.413356751203537,-0.024668842554092407,-0.1519792377948761,0.13944628834724426,0.6681962013244629,0.1268801987171173,-0.12249839305877686,-0.7836736440658569,0.18723440170288086
0.241126149892807,-0.3587794303894043,0.03833061456680298,-0.4061300754547119,-0.2926281988620758,-0.07392576336860657,-0.2537250518798828,0.38024836778640747,-0.28308534622192383,-0.09187856316566467,-0.1039692610502243,-0.03401106595993042,-0.0969381332397461,0.004747241735458374,-0.2579296827316284,0.04242202639579773,-0.09094896912574768,0.06304013729095459,-0.05288645625114441,0.1285446286201477,0.23358052968978882,0.21000531315803528,0.25264066457748413,0.5772019028663635,0.4833213686943054,0.011592477560043335,-0.2997347116470337,0.46810853481292725,0.3892028033733368,-0.10195522010326385,0.05271999537944794,0.0667559802532196,-0.008939087390899658,0.06189417839050293,-0.171922504901886,-0.08578965067863464,0.17403192818164825,0.11304862797260284,0.20159423351287842,-0.29237526655197144,0.011969581246376038,-0.48107096552848816,0.7425931692123413,0.3189816474914551,0.3822537660598755,-0.2381930649280548,0.3794199824333191,-0.04215496778488159,0.10170814394950867,0.09292463958263397,-0.030407249927520752,-0.4568786025047302,0.3313080072402954,0.3938411474227905,-0.24626567959785461,-0.09122836589813232,0.03248067572712898,0.1493520438671112,0.12241953611373901,-0.443423867225647,-0.21855664253234863,0.2683679163455963,-0.5189937353134155,-0.03756570816040039,-0.5746396780014038,0.11920565366744995,-0.2674484848976135,-0.6607021689414978,0.4678957164287567,0.16278892755508423,0.33853599429130554,-0.395425945520401,-0.05701359361410141,-0.30082422494888306,0.08911389112472534,0.5347630977630615,0.3509324789047241,0.5825072526931763,-0.2746957540512085,0.1544417440891266,0.21773231029510498,0.06022706627845764,-0.31617605686187744,-0.08067059516906738,-0.15822967886924744,-0.14381688833236694,-0.08418935537338257,-0.040617793798446655,-0.2763402760028839,-0.11524727940559387,-0.03020608425140381,-0.4092620015144348,-0.042517781257629395,-0.14052793383598328,0.10500714182853699,0.624762237071991,0.10027188062667847,-0.09033143520355225,-0.7522854208946228,0.16745638847351074
0.22167113423347473,-0.34347155690193176,-0.004547238349914551,-0.46275821328163147,-0.3453664481639862,-0.06725889444351196,-0.2681381106376648,0.3964064121246338,-0.2443847805261612,-0.04808896780014038,-0.11466431617736816,-0.012464165687561035,-0.1679055094718933,0.03929799795150757,-0.24189162254333496,0.04778984189033508,-0.1288681924343109,0.042687803506851196,-0.06750237941741943,0.08694451302289963,0.2220335304737091,0.21773990988731384,0.2853740453720093,0.5388168096542358,0.48447760939598083,-0.0006484091281890869,-0.21590322256088257,0.45964229106903076,0.4071071743965149,-0.12766258418560028,0.10086439549922943,0.09012925624847412,0.0152854323387146,0.027798324823379517,-0.1555125117301941,-0.13534119725227356,0.14315490424633026,0.08059430122375488,0.17831361293792725,-0.23660066723823547,0.03683978319168091,-0.5269510746002197,0.7623721361160278,0.3528970181941986,0.35370996594429016,-0.2240852415561676,0.36288726329803467,-0.10257649421691895,0.13250978291034698,0.14011511206626892,-0.07240338623523712,-0.4526318311691284,0.3157210350036621,0.4442973732948303,-0.2586871385574341,-0.05549207329750061,0.03477538004517555,0.1274968385696411,0.1271868199110031,-0.47703778743743896,-0.17702865600585938,0.24038264155387878,-0.5090143084526062,-0.057238221168518066,-0.5886805057525635,0.13072025775909424,-0.2652622163295746,-0.7133089303970337,0.46781617403030396,0.16158437728881836,0.35114625096321106,-0.34524965286254883,-0.08747614175081253,-0.2965362071990967,0.06555730104446411,0.49744439125061035,0.3025422692298889,0.6050143837928772,-0.32920724153518677,0.20978209376335144,0.25206637382507324,0.08779579401016235,-0.33257031440734863,-0.0894310474395752,-0.14374969899654388,-0.21963265538215637,-0.11959314346313477,-0.03971625864505768,-0.23824156820774078,-0.0720156729221344,-0.019013196229934692,-0.40205883979797363,-0.017999038100242615,-0.16456228494644165,0.1578252613544464,0.672621488571167,0.11442241072654724,-0.14160919189453125,-0.7683777809143066,0.17651867866516113
0.241126149892807,-0.3587794303894043,0.03833061456680298,-0.4061300754547119,-0.2926281988620758,-0.07392576336860657,-0.2537250518798828,0.38024836778640747,-0.28308534622192383,-0.09187856316566467,-0.1039692610502243,-0.03401106595993042,-0.0969381332397461,0.004747241735458374,-0.2579296827316284,0.04242202639579773,-0.09094896912574768,0.06304013729095459,-0.05288645625114441,0.1285446286201477,0.23358052968978882,0.21000531315803528,0.25264066457748413,0.5772019028663635,0.4833213686943054,0.011592477560043335,-0.2997347116470337,0.46810853481292725,0.3892028033733368,-0.10195522010326385,0.05271999537944794,0.0667559802532196,-0.008939087390899658,0.06189417839050293,-0.171922504901886,-0.08578965067863464,0.17403192818164825,0.11304862797260284,0.20159423351287842,-0.29237526655197144,0.011969581246376038,-0.48107096552848816,0.7425931692123413,0.3189816474914551,0.3822537660598755,-0.2381930649280548,0.3794199824333191,-0.04215496778488159,0.10170814394950867,0.09292463958263397,-0.030407249927520752,-0.4568786025047302,0.3313080072402954,0.3938411474227905,-0.24626567959785461,-0.09122836589813232,0.03248067572712898,0.1493520438671112,0.12241953611373901,-0.443423867225647,-0.21855664253234863,0.2683679163455963,-0.5189937353134155,-0.03756570816040039,-0.5746396780014038,0.11920565366744995,-0.2674484848976135,-0.6607021689414978,0.4678957164287567,0.16278892755508423,0.33853599429130554,-0.395425945520401,-0.05701359361410141,-0.30082422494888306,0.08911389112472534,0.5347630977630615,0.3509324789047241,0.5825072526931763,-0.2746957540512085,0.1544417440891266,0.21773231029510498,0.06022706627845764,-0.31617605686187744,-0.08067059516906738,-0.15822967886924744,-0.14381688833236694,-0.08418935537338257,-0.040617793798446655,-0.2763402760028839,-0.11524727940559387,-0.03020608425140381,-0.4092620015144348,-0.042517781257629395,-0.14052793383598328,0.10500714182853699,0.624762237071991,0.10027188062667847,-0.09033143520355225,-0.7522854208946228,0.16745638847351074
0.2362024188041687,-0.3417316973209381,0.0013452768325805664,-0.4431855082511902,-0.3213212192058563,-0.08683350682258606,-0.24801701307296753,0.3782407343387604,-0.25440943241119385,-0.05548551678657532,-0.12517470121383667,-0.01795220375061035,-0.14826253056526184,0.02955535054206848,-0.22559142112731934,0.028906971216201782,-0.13723903894424438,0.0570337176322937,-0.05858996510505676,0.11572777479887009,0.21404966711997986,0.20179110765457153,0.2749943733215332,0.5441681146621704,0.48483023047447205,0.02264702320098877,-0.24106833338737488,0.4418066143989563,0.40062275528907776,-0.10543955862522125,0.07266972959041595,0.09071585536003113,0.0008676648139953613,0.051774561405181885,-0.16578325629234314,-0.12068319320678711,0.16348770260810852,0.10765703022480011,0.16908395290374756,-0.2499767690896988,0.010911345481872559,-0.48811104893684387,0.7348292469978333,0.3295230567455292,0.36857613921165466,-0.21705450117588043,0.37148746848106384,-0.08357316255569458,0.12275698781013489,0.11727230250835419,-0.04192674160003662,-0.4478389024734497,0.30523863434791565,0.4262090027332306,-0.230433851480484,-0.0745222270488739,0.023269135504961014,0.11688216775655746,0.11277715861797333,-0.4809209108352661,-0.19917821884155273,0.2465817630290985,-0.5070063471794128,-0.0632714033126831,-0.5891744494438171,0.11906611919403076,-0.2607572674751282,-0.6923187375068665,0.4795934557914734,0.1672654151916504,0.3447682857513428,-0.3483022153377533,-0.08841817080974579,-0.2970884442329407,0.0911710262298584,0.5172907710075378,0.3084123134613037,0.5902495384216309,-0.295693963766098,0.16700753569602966,0.2400873899459839,0.06004658341407776,-0.3553428649902344,-0.07850897312164307,-0.12969182431697845,-0.16906817257404327,-0.10016697645187378,-0.030256062746047974,-0.2580980062484741,-0.08424368500709534,-0.02667418122291565,-0.4064423441886902,-0.023095130920410156,-0.1526903212070465,0.12876585125923157,0.6452618837356567,0.12212365865707397,-0.1128496527671814,-0.76861172914505,0.1876685619354248
0.22475549578666687,-0.35601937770843506,0.0003961324691772461,-0.4689028263092041,-0.3411109745502472,-0.06816500425338745,-0.271373987197876,0.3969016969203949,-0.24959313869476318,-0.05303218960762024,-0.11876234412193298,-0.00929248332977295,-0.1485597789287567,0.044447124004364014,-0.2500983476638794,0.04721546173095703,-0.13160277903079987,0.05856025218963623,-0.06789335608482361,0.11049654334783554,0.2233642041683197,0.2154921144247055,0.2813228964805603,0.5499879121780396,0.5025739669799805,0.016039609909057617,-0.2528044581413269,0.452828049659729,0.39833250641822815,-0.13168160617351532,0.08685378730297089,0.09058919548988342,0.013421773910522461,0.048086076974868774,-0.15312597155570984,-0.13567864894866943,0.1584617644548416,0.08537362515926361,0.19363945722579956,-0.24225306510925293,0.03522011637687683,-0.5078386664390564,0.7471669912338257,0.35256338119506836,0.35744982957839966,-0.21979795396327972,0.370732843875885,-0.09806019067764282,0.1370147317647934,0.13860636949539185,-0.08279770612716675,-0.44576919078826904,0.3226785361766815,0.44291508197784424,-0.24148225784301758,-0.06775498390197754,0.02102619782090187,0.12113732844591141,0.13900260627269745,-0.47205865383148193,-0.20066916942596436,0.2607574760913849,-0.5221041440963745,-0.06177544593811035,-0.590016782283783,0.13025939464569092,-0.2592988610267639,-0.6987809538841248,0.48075070977211,0.16512417793273926,0.3527718782424927,-0.34980159997940063,-0.09073872119188309,-0.2989722490310669,0.07678490877151489,0.5105661749839783,0.3043897747993469,0.6013777852058411,-0.3099159896373749,0.2032230794429779,0.23095214366912842,0.07518771290779114,-0.3452169895172119,-0.08026760816574097,-0.16105423867702484,-0.2189958542585373,-0.12270790338516235,-0.027512773871421814,-0.25936758518218994,-0.07034632563591003,-0.02546900510787964,-0.41945281624794006,-0.03501817584037781,-0.14382490515708923,0.1390455961227417,0.6817750930786133,0.11612707376480103,-0.12911748886108398,-0.7918712496757507,0.18434858322143555
0.23230499029159546,-0.35828688740730286,-0.004555225372314453,-0.47464457154273987,-0.3432622253894806,-0.07715654373168945,-0.26905667781829834,0.3961907625198364,-0.25143349170684814,-0.04916787147521973,-0.12578272819519043,-0.008274674415588379,-0.15586838126182556,0.04667571187019348,-0.2441772222518921,0.041812121868133545,-0.1440991908311844,0.06267249584197998,-0.06761804223060608,0.11955618113279343,0.2223367989063263,0.21238280832767487,0.28690534830093384,0.5563827753067017,0.5083165168762207,0.024777352809906006,-0.25508496165275574,0.44951581954956055,0.4048531651496887,-0.12869904935359955,0.08244965970516205,0.09714451432228088,0.011152386665344238,0.053660839796066284,-0.15879109501838684,-0.1383448839187622,0.166319340467453,0.09475798904895782,0.18969738483428955,-0.242780864238739,0.025804102420806885,-0.5060369372367859,0.7494955062866211,0.35243937373161316,0.3670765161514282,-0.21643367409706116,0.378554105758667,-0.10041415691375732,0.13857348263263702,0.13791048526763916,-0.07378032803535461,-0.45242196321487427,0.322628378868103,0.4491463303565979,-0.232855886220932,-0.07279765605926514,0.015567634254693985,0.11454100161790848,0.13387525081634521,-0.4856511354446411,-0.20754408836364746,0.2630104124546051,-0.5260147452354431,-0.06828141212463379,-0.6011073589324951,0.12781113386154175,-0.2623741030693054,-0.7083191275596619,0.49261054396629333,0.1713886260986328,0.3577897846698761,-0.349068284034729,-0.09566059708595276,-0.301960289478302,0.08603894710540771,0.5216751098632812,0.303994357585907,0.6072689890861511,-0.3077043294906616,0.19483698904514313,0.23483741283416748,0.06662130355834961,-0.3627363443374634,-0.07832789421081543,-0.15363477170467377,-0.20857957005500793,-0.12029904127120972,-0.02505001425743103,-0.2661016583442688,-0.06846976280212402,-0.027184605598449707,-0.4275256395339966,-0.03370028734207153,-0.1459822952747345,0.13610497117042542,0.6865522861480713,0.12448018789291382,-0.12629491090774536,-0.8062204122543335,0.19412851333618164
0.24091243743896484,-0.3631412088871002,0.021804451942443848,-0.44338855147361755,-0.3205602169036865,-0.07682102918624878,-0.2633301615715027,0.3931159973144531,-0.2761525511741638,-0.07413625717163086,-0.11357954144477844,-0.02561408281326294,-0.1264743208885193,0.020720064640045166,-0.25262629985809326,0.04093116521835327,-0.11183720827102661,0.06307557225227356,-0.058009058237075806,0.1221751943230629,0.23359766602516174,0.21507924795150757,0.2712453603744507,0.5782207250595093,0.5018244981765747,0.01530405879020691,-0.2813086211681366,0.47046369314193726,0.4029586911201477,-0.1116153746843338,0.07018981873989105,0.07612499594688416,0.0005315542221069336,0.054321855306625366,-0.16845837235450745,-0.10720306634902954,0.17058266699314117,0.10540378093719482,0.19702798128128052,-0.2784125804901123,0.021257847547531128,-0.5037152767181396,0.7621663212776184,0.33889707922935486,0.38159823417663574,-0.23465389013290405,0.3841797113418579,-0.0650436282157898,0.11642709374427795,0.11254197359085083,-0.049769774079322815,-0.4622379541397095,0.33218052983283997,0.4240262508392334,-0.25023046135902405,-0.0833187997341156,0.02901788428425789,0.1418565809726715,0.128452867269516,-0.47233831882476807,-0.21323084831237793,0.2683895528316498,-0.5318450331687927,-0.05022478103637695,-0.5954850912094116,0.12689709663391113,-0.2707931101322174,-0.6944053769111633,0.48512187600135803,0.16782468557357788,0.3527912497520447,-0.3832491636276245,-0.07441338896751404,-0.3091071844100952,0.08537274599075317,0.5377696752548218,0.33748602867126465,0.6055164337158203,-0.29630547761917114,0.17621144652366638,0.23433053493499756,0.06705397367477417,-0.33849823474884033,-0.08249068260192871,-0.15724991261959076,-0.17738878726959229,-0.0997818112373352,-0.035342857241630554,-0.27485913038253784,-0.1003967821598053,-0.02849903702735901,-0.4191460609436035,-0.036588072776794434,-0.14784055948257446,0.12518012523651123,0.6597075462341309,0.11180931329727173,-0.10843729972839355,-0.7824512720108032,0.18073368072509766
0.21964657306671143,-0.3325483500957489,-0.006052076816558838,-0.45187923312187195,-0.33512094616889954,-0.07329142093658447,-0.2551513612270355,0.3834744989871979,-0.23937487602233887,-0.046212345361709595,-0.11782388389110565,-0.012645900249481201,-0.163597971200943,0.03779283165931702,-0.22765135765075684,0.03801986575126648,-0.13373999297618866,0.0433841347694397,-0.06456512212753296,0.09057693928480148,0.2120409607887268,0.20704320073127747,0.2793923616409302,0.5236907601356506,0.4740043878555298,0.006137758493423462,-0.20994099974632263,0.4430708885192871,0.39864581823349,-0.11859171092510223,0.09318594634532928,0.0911000669002533,0.010930478572845459,0.03213918209075928,-0.15388119220733643,-0.13316074013710022,0.1441110223531723,0.08654250204563141,0.16624659299850464,-0.2307862937450409,0.03001353144645691,-0.5066142082214355,0.7390198111534119,0.3389146029949188,0.34828120470046997,-0.21575437486171722,0.3552350699901581,-0.09958934783935547,0.12918329238891602,0.13322895765304565,-0.0637829452753067,-0.4403834342956543,0.301414430141449,0.43321943283081055,-0.24594661593437195,-0.05744174122810364,0.030858594924211502,0.11818332225084305,0.11782082915306091,-0.4736119508743286,-0.17723238468170166,0.232671856880188,-0.49588534235954285,-0.05992782115936279,-0.5787733197212219,0.12433993816375732,-0.2584329843521118,-0.6973878741264343,0.46223947405815125,0.1605299711227417,0.341818243265152,-0.33322691917419434,-0.0895286574959755,-0.29014700651168823,0.07115572690963745,0.4903172254562378,0.2937536835670471,0.5894210934638977,-0.31589463353157043,0.1944795846939087,0.24691081047058105,0.0804760754108429,-0.33754611015319824,-0.08449351787567139,-0.13215385377407074,-0.2034340649843216,-0.1134231686592102,-0.03552624583244324,-0.23561421036720276,-0.07120564579963684,-0.02072194218635559,-0.3931632339954376,-0.01662670075893402,-0.15884539484977722,0.14945876598358154,0.6519722938537598,0.11518162488937378,-0.13371425867080688,-0.7530104517936707,0.17705488204956055
0.22332200407981873,-0.34921926259994507,-0.0027443766593933105,-0.4696418046951294,-0.3430168628692627,-0.07679402828216553,-0.2648014426231384,0.39105677604675293,-0.2469160407781601,-0.04855126142501831,-0.1241246908903122,-0.01107025146484375,-0.15866488218307495,0.038698941469192505,-0.24034690856933594,0.04068586230278015,-0.14271050691604614,0.05634269118309021,-0.06544199585914612,0.10246748477220535,0.22011810541152954,0.2131224274635315,0.28176653385162354,0.5481278896331787,0.497373104095459,0.016006678342819214,-0.23552796244621277,0.45140719413757324,0.40441688895225525,-0.1265779584646225,0.09160350263118744,0.09118726849555969,0.014441847801208496,0.04637044668197632,-0.15528693795204163,-0.1388181447982788,0.1537601202726364,0.08660407364368439,0.18058228492736816,-0.2356322556734085,0.027791708707809448,-0.5052012205123901,0.7484818696975708,0.3508947491645813,0.3582068681716919,-0.21578362584114075,0.370958536863327,-0.10021060705184937,0.13767144083976746,0.13962984085083008,-0.0706637054681778,-0.44547754526138306,0.31137415766716003,0.4448537528514862,-0.2410486340522766,-0.06962662935256958,0.023057717829942703,0.11587532609701157,0.1314019113779068,-0.4845021963119507,-0.19221210479736328,0.24996578693389893,-0.5161581635475159,-0.06797075271606445,-0.5941723585128784,0.12567639350891113,-0.2583567500114441,-0.707218587398529,0.48655062913894653,0.16735488176345825,0.3524324297904968,-0.3399809002876282,-0.09282529354095459,-0.2976219058036804,0.08267819881439209,0.5083000659942627,0.2958815097808838,0.6047458648681641,-0.31437617540359497,0.1988058090209961,0.23757529258728027,0.07221651077270508,-0.35015225410461426,-0.08456867933273315,-0.14629362523555756,-0.21270671486854553,-0.1182018518447876,-0.02860577404499054,-0.25513756275177,-0.07219627499580383,-0.02427735924720764,-0.41250643134117126,-0.02595418691635132,-0.15128609538078308,0.1441352367401123,0.6746248006820679,0.12561878561973572,-0.12528634071350098,-0.7833341360092163,0.18799567222595215
0.23546317219734192,-0.35344091057777405,-0.00548785924911499,-0.469446063041687,-0.3404553234577179,-0.08107048273086548,-0.2631915211677551,0.3902292251586914,-0.25054869055747986,-0.04480597376823425,-0.1287701427936554,-0.010890841484069824,-0.16177904605865479,0.04249486327171326,-0.23535597324371338,0.037871748208999634,-0.1441863477230072,0.05994659662246704,-0.06458821892738342,0.11283720284700394,0.22089195251464844,0.21195991337299347,0.28823280334472656,0.5513697862625122,0.4998794496059418,0.02209743857383728,-0.24100151658058167,0.44810760021209717,0.4078627824783325,-0.12042222917079926,0.08335845172405243,0.09683886170387268,0.007874727249145508,0.048137784004211426,-0.1611449122428894,-0.13341686129570007,0.1625458300113678,0.09863202273845673,0.18064343929290771,-0.2448493242263794,0.02247767150402069,-0.5073783993721008,0.7495204210281372,0.34824633598327637,0.3665385842323303,-0.2190883606672287,0.3724247217178345,-0.10044980049133301,0.13286884129047394,0.13258317112922668,-0.06461441516876221,-0.45299041271209717,0.3163926601409912,0.4441163241863251,-0.237041175365448,-0.0667707622051239,0.018897030502557755,0.1157197430729866,0.12831895053386688,-0.4891904592514038,-0.1994868516921997,0.25720494985580444,-0.5202633738517761,-0.06764876842498779,-0.6012638807296753,0.12782323360443115,-0.2636815905570984,-0.7082242369651794,0.48557910323143005,0.16873270273208618,0.35556724667549133,-0.3484589159488678,-0.09974001348018646,-0.2990930676460266,0.08332771062850952,0.5190320014953613,0.3044397830963135,0.6066235303878784,-0.31136268377304077,0.19182780385017395,0.24228215217590332,0.06751817464828491,-0.3603637218475342,-0.08039522171020508,-0.14429248869419098,-0.1991816908121109,-0.11781415343284607,-0.0263669490814209,-0.2597283720970154,-0.07132759690284729,-0.027353227138519287,-0.41908320784568787,-0.024693340063095093,-0.15422013401985168,0.14010575413703918,0.6753290295600891,0.12490767240524292,-0.1304616928100586,-0.795964241027832,0.18993616104125977
0.23271778225898743,-0.34698399901390076,0.010127246379852295,-0.43750181794166565,-0.3243025243282318,-0.06823849678039551,-0.26262861490249634,0.3913828432559967,-0.25958940386772156,-0.06407350301742554,-0.10965664684772491,-0.021530866622924805,-0.14559566974639893,0.027582019567489624,-0.24609994888305664,0.047714799642562866,-0.10939650237560272,0.046502500772476196,-0.06117427349090576,0.10080792754888535,0.22590380907058716,0.21565812826156616,0.2745184898376465,0.5516478419303894,0.48082423210144043,0.0009430646896362305,-0.24255186319351196,0.4657679796218872,0.40080589056015015,-0.11627320945262909,0.08365730941295624,0.0805826485157013,0.00337904691696167,0.03460463881492615,-0.16498035192489624,-0.11336702108383179,0.1555836796760559,0.09497019648551941,0.18544071912765503,-0.26076018810272217,0.028662532567977905,-0.5174131393432617,0.7590081095695496,0.3396521210670471,0.3673338294029236,-0.23370203375816345,0.36789456009864807,-0.0789421796798706,0.11751388013362885,0.117998868227005,-0.05454770103096962,-0.46068960428237915,0.3243061900138855,0.42462146282196045,-0.25875261425971985,-0.06466788053512573,0.0390528179705143,0.13929778337478638,0.12211307883262634,-0.46523332595825195,-0.190027117729187,0.25064098834991455,-0.5117925405502319,-0.04624664783477783,-0.5833023190498352,0.12785029411315918,-0.2697768211364746,-0.6963072419166565,0.4631110429763794,0.16043251752853394,0.3469325304031372,-0.36983931064605713,-0.07453881204128265,-0.29994767904281616,0.07013827562332153,0.5134359002113342,0.32679611444473267,0.5966702103614807,-0.3125576078891754,0.18834203481674194,0.24699342250823975,0.0798216462135315,-0.3247382640838623,-0.08541953563690186,-0.14656095206737518,-0.18796750903129578,-0.1030040979385376,-0.04369312524795532,-0.2478054314851761,-0.08958098292350769,-0.02277657389640808,-0.4036009609699249,-0.02414393424987793,-0.15987738966941833,0.14160144329071045,0.6544978022575378,0.10432878136634827,-0.12900310754776,-0.7605118751525879,0.17262506484985352
0.23800435662269592,-0.3432752788066864,0.005612313747406006,-0.44141799211502075,-0.3238121569156647,-0.08066600561141968,-0.2529500424861908,0.38554778695106506,-0.2608870565891266,-0.05955362319946289,-0.11897549033164978,-0.022338151931762695,-0.15175184607505798,0.02647516131401062,-0.23120880126953125,0.0359034538269043,-0.12301012873649597,0.05062153935432434,-0.0574817955493927,0.10623801499605179,0.22014379501342773,0.20892056822776794,0.2758442759513855,0.5510110855102539,0.48390522599220276,0.010859489440917969,-0.23656222224235535,0.4585162401199341,0.40468889474868774,-0.10594193637371063,0.08074210584163666,0.08310136198997498,0.0003923773765563965,0.0396614670753479,-0.16862154006958008,-0.11483180522918701,0.15991447865962982,0.10424669086933136,0.17239409685134888,-0.25876060128211975,0.018888458609580994,-0.5083903074264526,0.7547613382339478,0.33470964431762695,0.37249353528022766,-0.2281501293182373,0.3724460303783417,-0.07929754257202148,0.11767114698886871,0.11453968286514282,-0.04322151839733124,-0.4594120979309082,0.31446826457977295,0.42731034755706787,-0.248958557844162,-0.06920057535171509,0.03578377142548561,0.13111960887908936,0.11308731138706207,-0.48169124126434326,-0.19240868091583252,0.24649420380592346,-0.5113283395767212,-0.05445826053619385,-0.5908739566802979,0.12381231784820557,-0.2683221399784088,-0.7024699449539185,0.4747370183467865,0.16499775648117065,0.3482440114021301,-0.361988365650177,-0.08146741986274719,-0.30343377590179443,0.08054739236831665,0.5204946994781494,0.3216395378112793,0.5983067154884338,-0.30839458107948303,0.17567631602287292,0.2522927522659302,0.07105886936187744,-0.3435804843902588,-0.0827711820602417,-0.13234136998653412,-0.17591753602027893,-0.09807640314102173,-0.038727328181266785,-0.25231391191482544,-0.09153243899345398,-0.024810791015625,-0.40373849868774414,-0.02004721760749817,-0.1612740457057953,0.13986080884933472,0.6505386829376221,0.11388462781906128,-0.12224435806274414,-0.7644723057746887,0.18322205543518066
0.2121449112892151,-0.35916757583618164,0.02234804630279541,-0.4518720209598541,-0.3313952088356018,-0.06278336048126221,-0.27325567603111267,0.3913475573062897,-0.2585696578025818,-0.06868770718574524,-0.10768792033195496,-0.019014954566955566,-0.1279267966747284,0.019080907106399536,-0.26721715927124023,0.05382353067398071,-0.11345469951629639,0.05683034658432007,-0.06397971510887146,0.09301326423883438,0.23527070879936218,0.22484807670116425,0.2661213278770447,0.5647993683815002,0.49227213859558105,-0.0005203783512115479,-0.25977686047554016,0.4710955023765564,0.396752268075943,-0.13234566152095795,0.09005890786647797,0.0737936794757843,0.01675868034362793,0.04785105586051941,-0.14939746260643005,-0.12226706743240356,0.14566276967525482,0.07479995489120483,0.20288294553756714,-0.25271666049957275,0.03578680753707886,-0.5018880367279053,0.7542720437049866,0.34998953342437744,0.3536025583744049,-0.22800438106060028,0.3660117983818054,-0.08032846450805664,0.12826192378997803,0.13614985346794128,-0.07457531988620758,-0.44069379568099976,0.3225933313369751,0.4237637221813202,-0.2607101500034332,-0.07484441995620728,0.030626002699136734,0.1375584602355957,0.14596042037010193,-0.453704833984375,-0.1920623779296875,0.2569572925567627,-0.5186843872070312,-0.05176699161529541,-0.5791182518005371,0.1280251145362854,-0.2584953308105469,-0.683980405330658,0.47301411628723145,0.16130667924880981,0.3462510406970978,-0.3600079417228699,-0.07430419325828552,-0.2921369671821594,0.0738518238067627,0.5021389722824097,0.3119444251060486,0.6005271673202515,-0.3097633123397827,0.2082831710577011,0.21613144874572754,0.0813755989074707,-0.30854368209838867,-0.09472423791885376,-0.17107020318508148,-0.21706238389015198,-0.11821168661117554,-0.03574885427951813,-0.25877249240875244,-0.08921575546264648,-0.023724138736724854,-0.405953049659729,-0.03577104210853577,-0.14583709836006165,0.1381455659866333,0.6610153913497925,0.11285153031349182,-0.1146392822265625,-0.7602943181991577,0.16579198837280273
0.22781211137771606,-0.35142651200294495,-0.0023263096809387207,-0.4629528820514679,-0.3380350172519684,-0.0727529525756836,-0.2665875554084778,0.3928689956665039,-0.24848583340644836,-0.051660388708114624,-0.12131637334823608,-0.009859204292297363,-0.1533198356628418,0.04280573129653931,-0.24467706680297852,0.043351709842681885,-0.13506710529327393,0.05640110373497009,-0.06689488887786865,0.10999349504709244,0.2207750678062439,0.2128443419933319,0.281873881816864,0.5469084978103638,0.4968028962612152,0.017154693603515625,-0.246174156665802,0.4495896100997925,0.40098103880882263,-0.12726585566997528,0.08398030698299408,0.09344056248664856,0.011159241199493408,0.04671412706375122,-0.15722355246543884,-0.13389423489570618,0.15953019261360168,0.0906633585691452,0.1872192621231079,-0.2418443262577057,0.02891281247138977,-0.5060022473335266,0.7454499006271362,0.3484300673007965,0.3605917990207672,-0.21851754188537598,0.3706679344177246,-0.097195565700531,0.13419398665428162,0.13478755950927734,-0.07184870541095734,-0.4489315152168274,0.31822362542152405,0.4405580163002014,-0.23916417360305786,-0.06841939687728882,0.021352265030145645,0.11839468032121658,0.13187451660633087,-0.4759857654571533,-0.19899380207061768,0.25643807649612427,-0.5173726081848145,-0.06303632259368896,-0.5906876921653748,0.12732523679733276,-0.2606803774833679,-0.699704110622406,0.47943830490112305,0.1660701036453247,0.3509831726551056,-0.34887686371803284,-0.09077884256839752,-0.29688262939453125,0.07979148626327515,0.5114835500717163,0.30416959524154663,0.5994151830673218,-0.3094993233680725,0.19505980610847473,0.23614835739135742,0.07161766290664673,-0.3482140302658081,-0.08092182874679565,-0.15181706845760345,-0.206344336271286,-0.11696314811706543,-0.029366761445999146,-0.256514310836792,-0.07094532251358032,-0.02497941255569458,-0.4161311089992523,-0.029943659901618958,-0.14867469668388367,0.1378299593925476,0.6748840808868408,0.11775165796279907,-0.1282173991203308,-0.7870869040489197,0.18555068969726562
0.22699007391929626,-0.351287305355072,0.006774306297302246,-0.45034870505332947,-0.3308543860912323,-0.06907373666763306,-0.2660882771015167,0.3915981650352478,-0.2544431686401367,-0.059218019247055054,-0.11514493823051453,-0.015367329120635986,-0.14543506503105164,0.03310656547546387,-0.24966847896575928,0.047559142112731934,-0.12094268202781677,0.053235262632369995,-0.06373706459999084,0.10386540740728378,0.22543922066688538,0.21631817519664764,0.27562665939331055,0.5510755777359009,0.49010586738586426,0.008444935083389282,-0.24862051010131836,0.45870745182037354,0.3989322781562805,-0.12383218109607697,0.08404158055782318,0.0852263867855072,0.008853018283843994,0.042379230260849,-0.15846791863441467,-0.1229131817817688,0.1560673713684082,0.0897248238325119,0.18991082906723022,-0.25105440616607666,0.030998706817626953,-0.5093463063240051,0.7508918642997742,0.3452807068824768,0.36171430349349976,-0.2263752669095993,0.3679686188697815,-0.08693701028823853,0.12569008767604828,0.12773779034614563,-0.06616796553134918,-0.4517943859100342,0.3220600187778473,0.42972850799560547,-0.2505868077278137,-0.06757864356040955,0.029282648116350174,0.12994259595870972,0.1312088817358017,-0.46681010723114014,-0.19530785083770752,0.2556232810020447,-0.5152192115783691,-0.05372190475463867,-0.584496259689331,0.12771260738372803,-0.2634623348712921,-0.6933699250221252,0.47034797072410583,0.16270232200622559,0.3476324677467346,-0.35988423228263855,-0.08192664384841919,-0.2963011860847473,0.07452422380447388,0.5108857154846191,0.31457704305648804,0.5975295901298523,-0.31012338399887085,0.19468781352043152,0.23628592491149902,0.07610532641410828,-0.33152246475219727,-0.08457261323928833,-0.15426005423069,-0.20068131387233734,-0.11230355501174927,-0.03583650290966034,-0.25374114513397217,-0.08082118630409241,-0.0246867835521698,-0.4094558656215668,-0.029259860515594482,-0.15174278616905212,0.13853871822357178,0.6645313501358032,0.11025792360305786,-0.12727302312850952,-0.7717453241348267,0.17652678489685059
0.2349359393119812,-0.3579002022743225,0.006238162517547607,-0.45966050028800964,-0.3302909731864929,-0.08140039443969727,-0.26169925928115845,0.38859230279922485,-0.25968626141548157,-0.0576615035533905,-0.12451097369194031,-0.014678776264190674,-0.14125490188598633,0.03465068340301514,-0.24233484268188477,0.036819905042648315,-0.13636444509029388,0.06654122471809387,-0.061864256858825684,0.12335553020238876,0.22364670038223267,0.21017128229141235,0.27785563468933105,0.5609289407730103,0.5037225484848022,0.02619856595993042,-0.2659777104854584,0.44979625940322876,0.40101030468940735,-0.11773906648159027,0.07325373589992523,0.08981743454933167,0.0058956146240234375,0.05943146347999573,-0.16148945689201355,-0.12501025199890137,0.16840994358062744,0.1018529087305069,0.18869149684906006,-0.25481700897216797,0.01949465274810791,-0.49323368072509766,0.7433335185050964,0.3418998420238495,0.3706381320953369,-0.2194686084985733,0.3787219822406769,-0.08573728799819946,0.128620907664299,0.125538170337677,-0.0606052465736866,-0.44939208030700684,0.3204626441001892,0.43417638540267944,-0.23246240615844727,-0.07886010408401489,0.016839031130075455,0.1203998252749443,0.13054034113883972,-0.4796297550201416,-0.2116767168045044,0.2638542354106903,-0.5242747664451599,-0.0641026496887207,-0.5960344672203064,0.12447190284729004,-0.2616029977798462,-0.6947908997535706,0.48933517932891846,0.16980385780334473,0.35232311487197876,-0.35685575008392334,-0.09025292843580246,-0.30135029554367065,0.09033209085464478,0.525815486907959,0.3118355870246887,0.6011605262756348,-0.2963877320289612,0.18135493993759155,0.22918009757995605,0.06124413013458252,-0.35613882541656494,-0.07851541042327881,-0.15190668404102325,-0.18909196555614471,-0.11190858483314514,-0.025246933102607727,-0.2718864381313324,-0.08109655976295471,-0.029150396585464478,-0.4218579828739166,-0.0345626175403595,-0.1437043845653534,0.12696436047554016,0.6677972674369812,0.12252789735794067,-0.11352115869522095,-0.7926051616668701,0.1889810562133789
0.2280741035938263,-0.3602798283100128,0.0005045533180236816,-0.47023648023605347,-0.341250479221344,-0.07238656282424927,-0.27019625902175903,0.3948432207107544,-0.25223687291145325,-0.051155686378479004,-0.12209948897361755,-0.00964808464050293,-0.1507183015346527,0.040638118982315063,-0.2490900754928589,0.045850276947021484,-0.13671500980854034,0.062024593353271484,-0.06613856554031372,0.11293292790651321,0.22664344310760498,0.2160770148038864,0.2828834056854248,0.5566580295562744,0.5043103694915771,0.01919102668762207,-0.2549093961715698,0.45311903953552246,0.4026077687740326,-0.12982650101184845,0.08356611430644989,0.09286841750144958,0.01192629337310791,0.05173477530479431,-0.15582337975502014,-0.13322624564170837,0.1604834645986557,0.09016437828540802,0.1932106614112854,-0.24509678781032562,0.02924761176109314,-0.5061491131782532,0.7502893805503845,0.35260865092277527,0.3629969358444214,-0.22108334302902222,0.3728584945201874,-0.09742259979248047,0.1353556364774704,0.13716870546340942,-0.07579249143600464,-0.4492841958999634,0.3234809935092926,0.44233807921409607,-0.24023205041885376,-0.06997331976890564,0.01811416819691658,0.12057656794786453,0.13841986656188965,-0.47660720348358154,-0.20314860343933105,0.2629120945930481,-0.5243110060691833,-0.06322097778320312,-0.5956006050109863,0.12940716743469238,-0.2611948847770691,-0.7011221051216125,0.4841722548007965,0.16741281747817993,0.35489505529403687,-0.3519643545150757,-0.09341523051261902,-0.2977452874183655,0.08124977350234985,0.5158949494361877,0.3053370714187622,0.6054669618606567,-0.3086733818054199,0.20062866806983948,0.2305506467819214,0.07069647312164307,-0.3486778736114502,-0.08166086673736572,-0.1603652387857437,-0.2110418975353241,-0.12270462512969971,-0.02664700150489807,-0.263874888420105,-0.07190605998039246,-0.027082592248916626,-0.42316120862960815,-0.0338284969329834,-0.14664414525032043,0.13733142614364624,0.6802762150764465,0.12033072113990784,-0.12772929668426514,-0.7960013151168823,0.1860499382019043
0.22941544651985168,-0.3491901159286499,-0.002379298210144043,-0.46219608187675476,-0.33941593766212463,-0.0727691650390625,-0.2637510895729065,0.3948204517364502,-0.2518303692340851,-0.052479445934295654,-0.1186603456735611,-0.01364833116531372,-0.15856534242630005,0.03854876756668091,-0.24084389209747314,0.04311800003051758,-0.13123548030853271,0.050338178873062134,-0.06568914651870728,0.10373411327600479,0.22225835919380188,0.21319331228733063,0.28355032205581665,0.5476580262184143,0.4933941662311554,0.009728491306304932,-0.2338273823261261,0.45714378356933594,0.4062444567680359,-0.12209580838680267,0.090141162276268,0.0907229483127594,0.009601235389709473,0.038574814796447754,-0.158885657787323,-0.13139483332633972,0.15477247536182404,0.09040650725364685,0.18005740642547607,-0.24429771304130554,0.02921202778816223,-0.5163402557373047,0.758111834526062,0.3479198217391968,0.36240261793136597,-0.22299814224243164,0.3708527386188507,-0.09584707021713257,0.13158613443374634,0.13455963134765625,-0.06666481494903564,-0.4537332057952881,0.3176017999649048,0.4429490268230438,-0.24841725826263428,-0.06437301635742188,0.029154125601053238,0.12463098019361496,0.1243462860584259,-0.4804173707962036,-0.19089412689208984,0.2489151656627655,-0.5161005258560181,-0.058725714683532715,-0.5933038592338562,0.1289929747581482,-0.2650567293167114,-0.7096987366676331,0.47913122177124023,0.16621166467666626,0.35332873463630676,-0.35093867778778076,-0.08811375498771667,-0.301643431186676,0.07605022192001343,0.5116272568702698,0.3086259365081787,0.6040496230125427,-0.317283570766449,0.1969883143901825,0.24683666229248047,0.07825013995170593,-0.34608495235443115,-0.08346670866012573,-0.1448325365781784,-0.20650236308574677,-0.11483341455459595,-0.03507585823535919,-0.2505391240119934,-0.07607749104499817,-0.022760212421417236,-0.4116203188896179,-0.02557358145713806,-0.15726229548454285,0.1455378234386444,0.672675609588623,0.11620432138442993,-0.13222920894622803,-0.7811650037765503,0.18477487564086914
0.24581748247146606,-0.3465360701084137,0.009166896343231201,-0.434340238571167,-0.31652286648750305,-0.08698785305023193,-0.2477394938468933,0.3865903615951538,-0.2692050039768219,-0.06880107522010803,-0.12032631039619446,-0.025957942008972168,-0.1410641372203827,0.020435690879821777,-0.2323983907699585,0.030299395322799683,-0.12252707779407501,0.05341264605522156,-0.05655345320701599,0.11855479329824448,0.22170981764793396,0.2049257755279541,0.27330315113067627,0.560436487197876,0.4893265962600708,0.015713512897491455,-0.2524716258049011,0.4599948525428772,0.40747663378715515,-0.09776030480861664,0.07077334821224213,0.0836544930934906,-0.0031829476356506348,0.04666721820831299,-0.17424196004867554,-0.1091310977935791,0.16846413910388947,0.11341708898544312,0.17200440168380737,-0.2685323655605316,0.010394811630249023,-0.5017519593238831,0.7580108046531677,0.32976359128952026,0.38277384638786316,-0.22874024510383606,0.3833561837673187,-0.06843459606170654,0.11420288681983948,0.10821607708930969,-0.029766321182250977,-0.4632987976074219,0.3158045709133148,0.426029771566391,-0.24326905608177185,-0.07961586117744446,0.032555270940065384,0.1331564486026764,0.1068325936794281,-0.4849693775177002,-0.2028369903564453,0.24923279881477356,-0.5168455839157104,-0.05364048480987549,-0.5951998233795166,0.12176114320755005,-0.27052760124206543,-0.7025372982025146,0.4839501976966858,0.16850191354751587,0.3487151861190796,-0.37112629413604736,-0.07641806453466415,-0.30956047773361206,0.0912022590637207,0.5340179800987244,0.3300343155860901,0.5994205474853516,-0.29897087812423706,0.15946882963180542,0.2527230978012085,0.06315088272094727,-0.3508867025375366,-0.08046013116836548,-0.1295466125011444,-0.1582803577184677,-0.08895963430404663,-0.039474233984947205,-0.26151418685913086,-0.09937700629234314,-0.024923086166381836,-0.40783703327178955,-0.024146974086761475,-0.15913456678390503,0.12817811965942383,0.6470610499382019,0.1155695915222168,-0.10971695184707642,-0.7698671817779541,0.18785715103149414
0.22647210955619812,-0.34329891204833984,-0.006541788578033447,-0.4641297161579132,-0.340628981590271,-0.07648158073425293,-0.26107674837112427,0.3898940682411194,-0.24558912217617035,-0.04689207673072815,-0.12259277701377869,-0.011680245399475098,-0.16428327560424805,0.04096829891204834,-0.23340380191802979,0.03915649652481079,-0.1396629512310028,0.05076107382774353,-0.06493040919303894,0.10085759311914444,0.21627402305603027,0.210270494222641,0.2836958169937134,0.5404226779937744,0.4905478358268738,0.013523578643798828,-0.22514569759368896,0.4494859576225281,0.4044795632362366,-0.12218253314495087,0.0915871113538742,0.0925864577293396,0.011093080043792725,0.03997799754142761,-0.15817981958389282,-0.13672369718551636,0.15341295301914215,0.09002554416656494,0.17387396097183228,-0.23565897345542908,0.0270092636346817,-0.5099103450775146,0.748663604259491,0.34683045744895935,0.35872262716293335,-0.2170993983745575,0.36799997091293335,-0.10060995817184448,0.13432027399539948,0.13565245270729065,-0.06638103723526001,-0.4488210678100586,0.30962660908699036,0.4438841938972473,-0.24223637580871582,-0.06433156132698059,0.0272744782269001,0.11674713343381882,0.12324285507202148,-0.48511648178100586,-0.18810200691223145,0.24451959133148193,-0.5107828974723816,-0.06523776054382324,-0.5924244523048401,0.12591028213500977,-0.26119858026504517,-0.7090896964073181,0.4801570177078247,0.16608405113220215,0.3512502908706665,-0.3401002883911133,-0.09235961735248566,-0.2984902262687683,0.078899085521698,0.5065862536430359,0.2989850640296936,0.6013811826705933,-0.31629765033721924,0.1949017345905304,0.24633491039276123,0.07461243867874146,-0.35131776332855225,-0.08291548490524292,-0.13822941482067108,-0.2067173272371292,-0.11465567350387573,-0.03178571164608002,-0.24822331964969635,-0.07208782434463501,-0.02310699224472046,-0.4086148142814636,-0.0215567946434021,-0.15637141466140747,0.14730143547058105,0.6699209809303284,0.12182748317718506,-0.13075041770935059,-0.7779279947280884,0.1877124309539795
0.222173273563385,-0.3720557987689972,0.026237189769744873,-0.4541724920272827,-0.3260423243045807,-0.07038015127182007,-0.2738524079322815,0.3946585953235626,-0.2682514488697052,-0.07843050360679626,-0.1136125922203064,-0.01857823133468628,-0.11017763614654541,0.01967179775238037,-0.27461183071136475,0.048901915550231934,-0.11903798580169678,0.07052668929100037,-0.06420359015464783,0.11949757486581802,0.23820346593856812,0.2208615094423294,0.26359957456588745,0.5823690891265869,0.5122853517532349,0.017520010471343994,-0.29863405227661133,0.4679645895957947,0.3960988223552704,-0.1305743306875229,0.07278452813625336,0.07670310139656067,0.014182031154632568,0.06820568442344666,-0.15398165583610535,-0.12081974744796753,0.16452541947364807,0.0863647311925888,0.2141515612602234,-0.2636367082595825,0.027376338839530945,-0.48662981390953064,0.7495654821395874,0.34976786375045776,0.3668018579483032,-0.2249295711517334,0.38370364904403687,-0.07026726007461548,0.1305581033229828,0.1320323348045349,-0.0701717883348465,-0.4427953362464905,0.32903292775154114,0.42568573355674744,-0.24365901947021484,-0.09343832731246948,0.016883332282304764,0.1335304081439972,0.14996886253356934,-0.4576263427734375,-0.21811068058013916,0.27485617995262146,-0.5348564982414246,-0.05731499195098877,-0.5877177715301514,0.12573754787445068,-0.25679558515548706,-0.6793791055679321,0.49302157759666443,0.16780489683151245,0.34965139627456665,-0.3707738518714905,-0.0736633688211441,-0.29938697814941406,0.09185612201690674,0.5252413749694824,0.3192865252494812,0.6028943061828613,-0.291235089302063,0.19064265489578247,0.20448589324951172,0.06505346298217773,-0.32732200622558594,-0.08711463212966919,-0.18029342591762543,-0.20298248529434204,-0.11279672384262085,-0.02771952748298645,-0.2821117639541626,-0.0929466187953949,-0.028756409883499146,-0.42357397079467773,-0.04953321814537048,-0.13170644640922546,0.11633697152137756,0.6699866652488708,0.11813461780548096,-0.09690403938293457,-0.7861429452896118,0.17785334587097168
0.246909499168396,-0.3432016670703888,0.003990113735198975,-0.4378969073295593,-0.31957176327705383,-0.086800217628479,-0.2463201880455017,0.38673722743988037,-0.26631006598472595,-0.0639599859714508,-0.12035971879959106,-0.02484959363937378,-0.14913702011108398,0.02478194236755371,-0.22508740425109863,0.02945840358734131,-0.12508344650268555,0.051000386476516724,-0.056495726108551025,0.11738001555204391,0.21847251057624817,0.20309844613075256,0.27718067169189453,0.5538458824157715,0.4872424900531769,0.015765637159347534,-0.24185484647750854,0.45695024728775024,0.4081289768218994,-0.09702874720096588,0.07389067113399506,0.0855308473110199,-0.003922879695892334,0.04330241680145264,-0.17463183403015137,-0.11176395416259766,0.16721995174884796,0.1140684187412262,0.1665877103805542,-0.2646126449108124,0.010583236813545227,-0.5056352019309998,0.7576408386230469,0.3296513259410858,0.3813824951648712,-0.22814124822616577,0.38156142830848694,-0.07375192642211914,0.11568288505077362,0.10915976762771606,-0.03170771896839142,-0.4637468457221985,0.3139939308166504,0.43026164174079895,-0.24181586503982544,-0.07428452372550964,0.034147460013628006,0.13131779432296753,0.102801114320755,-0.4886159896850586,-0.19888019561767578,0.2452886700630188,-0.5143470764160156,-0.05459487438201904,-0.5964391231536865,0.12246441841125488,-0.2713151276111603,-0.7078368663787842,0.48249170184135437,0.16806262731552124,0.3502371609210968,-0.3660277724266052,-0.08009769767522812,-0.310854971408844,0.08864754438400269,0.531143069267273,0.3275344967842102,0.5989567041397095,-0.30212414264678955,0.1613917499780655,0.25849246978759766,0.06493732333183289,-0.35622572898864746,-0.07815051078796387,-0.12416347861289978,-0.1608148068189621,-0.09083995223045349,-0.039324238896369934,-0.2574835419654846,-0.09629568457603455,-0.024473637342453003,-0.40754544734954834,-0.02118915319442749,-0.16203778982162476,0.1334441602230072,0.6486996412277222,0.11595356464385986,-0.11571246385574341,-0.7709762454032898,0.19022154808044434
0.22489798069000244,-0.3479607105255127,0.016329526901245117,-0.4365733563899994,-0.3227575719356537,-0.06661933660507202,-0.26090118288993835,0.3906410336494446,-0.2629118859767914,-0.07086998224258423,-0.10612346231937408,-0.023153364658355713,-0.13571560382843018,0.02004191279411316,-0.251293420791626,0.047438859939575195,-0.10613647103309631,0.04718881845474243,-0.06016221642494202,0.0973983034491539,0.22848248481750488,0.21651673316955566,0.2672548294067383,0.5542631149291992,0.48234447836875916,-0.0020656585693359375,-0.24622327089309692,0.46961480379104614,0.39871808886528015,-0.11668489873409271,0.08545093238353729,0.07460245490074158,0.006421685218811035,0.03748595714569092,-0.16017159819602966,-0.11235079169273376,0.15071305632591248,0.08814509212970734,0.1868324875831604,-0.2595178484916687,0.030222386121749878,-0.5105468034744263,0.7589151859283447,0.33879148960113525,0.3628142774105072,-0.23285329341888428,0.36865219473838806,-0.0733385682106018,0.11833502352237701,0.12170425057411194,-0.05654436722397804,-0.45274102687835693,0.32072770595550537,0.42137178778648376,-0.26135995984077454,-0.06972330808639526,0.04031287506222725,0.14218294620513916,0.12346626818180084,-0.4602891206741333,-0.1891779899597168,0.2476104199886322,-0.5122458934783936,-0.04454302787780762,-0.5783454179763794,0.12667053937911987,-0.265961229801178,-0.6911241412162781,0.4664987623691559,0.16092729568481445,0.3445521891117096,-0.36745983362197876,-0.06973513960838318,-0.300151526927948,0.0723886489868164,0.5092980861663818,0.32487165927886963,0.5947369337081909,-0.3100854754447937,0.1901240348815918,0.239418625831604,0.08176881074905396,-0.31754589080810547,-0.08834898471832275,-0.15068285167217255,-0.1933964639902115,-0.10323923826217651,-0.04379171133041382,-0.25002408027648926,-0.09561026096343994,-0.02173742651939392,-0.3998790681362152,-0.0287131667137146,-0.1557694971561432,0.13951024413108826,0.6507281064987183,0.10433927178382874,-0.1202121376991272,-0.751685619354248,0.17055368423461914
0.2299061417579651,-0.3499661087989807,0.011465072631835938,-0.44173097610473633,-0.32311686873435974,-0.07214701175689697,-0.2601977586746216,0.38765469193458557,-0.2588798701763153,-0.06433472037315369,-0.11316904425621033,-0.020007550716400146,-0.13774535059928894,0.02660304307937622,-0.24583065509796143,0.043109774589538574,-0.11797024309635162,0.054005831480026245,-0.061237186193466187,0.10802697390317917,0.22459137439727783,0.2121230661869049,0.27141374349594116,0.5530580878257751,0.48613864183425903,0.00898122787475586,-0.2519734799861908,0.45832276344299316,0.39825063943862915,-0.11625449359416962,0.07866744697093964,0.08194518089294434,0.004647970199584961,0.045990705490112305,-0.1612136960029602,-0.11657452583312988,0.15762139856815338,0.09547646343708038,0.18651539087295532,-0.2574351131916046,0.024308830499649048,-0.501684308052063,0.7482233643531799,0.337289035320282,0.36469364166259766,-0.22686636447906494,0.36964115500450134,-0.07916456460952759,0.12189877033233643,0.12104851007461548,-0.055766839534044266,-0.45087194442749023,0.31928765773773193,0.423907995223999,-0.24765270948410034,-0.07178559899330139,0.030414734035730362,0.13191771507263184,0.12543469667434692,-0.4642500877380371,-0.19637572765350342,0.25306951999664307,-0.5131832361221313,-0.05226469039916992,-0.5835233926773071,0.12485265731811523,-0.2631913125514984,-0.6891328692436218,0.470782995223999,0.16282868385314941,0.3457701802253723,-0.3618326783180237,-0.07803360372781754,-0.2975221276283264,0.07888495922088623,0.5133937001228333,0.3186505436897278,0.593879222869873,-0.30283769965171814,0.18463531136512756,0.23439717292785645,0.07278391718864441,-0.33105289936065674,-0.08361035585403442,-0.1492171734571457,-0.1869334578514099,-0.1058242917060852,-0.03650939464569092,-0.25647860765457153,-0.08796408772468567,-0.024718403816223145,-0.40694326162338257,-0.02962721884250641,-0.15132823586463928,0.1329348385334015,0.6523993015289307,0.11118850111961365,-0.11808973550796509,-0.7650859355926514,0.17551779747009277
0.241126149892807,-0.3587794303894043,0.03833061456680298,-0.4061300754547119,-0.2926281988620758,-0.07392576336860657,-0.2537250518798828,0.38024836778640747,-0.28308534622192383,-0.09187856316566467,-0.1039692610502243,-0.03401106595993042,-0.0969381332397461,0.004747241735458374,-0.2579296827316284,0.04242202639579773,-0.09094896912574768,0.06304013729095459,-0.05288645625114441,0.1285446286201477,0.23358052968978882,0.21000531315803528,0.25264066457748413,0.5772019028663635,0.4833213686943054,0.011592477560043335,-0.2997347116470337,0.46810853481292725,0.3892028033733368,-0.10195522010326385,0.05271999537944794,0.0667559802532196,-0.008939087390899658,0.06189417839050293,-0.171922504901886,-0.08578965067863464,0.17403192818164825,0.11304862797260284,0.20159423351287842,-0.29237526655197144,0.011969581246376038,-0.48107096552848816,0.7425931692123413,0.3189816474914551,0.3822537660598755,-0.2381930649280548,0.3794199824333191,-0.04215496778488159,0.10170814394950867,0.09292463958263397,-0.030407249927520752,-0.4568786025047302,0.3313080072402954,0.3938411474227905,-0.24626567959785461,-0.09122836589813232,0.03248067572712898,0.1493520438671112,0.12241953611373901,-0.443423867225647,-0.21855664253234863,0.2683679163455963,-0.5189937353134155,-0.03756570816040039,-0.5746396780014038,0.11920565366744995,-0.2674484848976135,-0.6607021689414978,0.4678957164287567,0.16278892755508423,0.33853599429130554,-0.395425945520401,-0.05701359361410141,-0.30082422494888306,0.08911389112472534,0.5347630977630615,0.3509324789047241,0.5825072526931763,-0.2746957540512085,0.1544417440891266,0.21773231029510498,0.06022706627845764,-0.31617605686187744,-0.08067059516906738,-0.15822967886924744,-0.14381688833236694,-0.08418935537338257,-0.040617793798446655,-0.2763402760028839,-0.11524727940559387,-0.03020608425140381,-0.4092620015144348,-0.042517781257629395,-0.14052793383598328,0.10500714182853699,0.624762237071991,0.10027188062667847,-0.09033143520355225,-0.7522854208946228,0.16745638847351074
0.24152514338493347,-0.3588523268699646,0.038811326026916504,-0.40478554368019104,-0.29229971766471863,-0.07440999150276184,-0.2532491385936737,0.38005608320236206,-0.2839753031730652,-0.09247395396232605,-0.10384052991867065,-0.03495281934738159,-0.09798678755760193,0.002238661050796509,-0.2577916383743286,0.04276737570762634,-0.09044747054576874,0.06201577186584473,-0.05208352208137512,0.12674623727798462,0.23494815826416016,0.211078941822052,0.25249165296554565,0.578369677066803,0.48187440633773804,0.009899049997329712,-0.2974421977996826,0.4701976776123047,0.3902488052845001,-0.10093237459659576,0.05311034619808197,0.06620219349861145,-0.008932173252105713,0.060454607009887695,-0.1727130115032196,-0.08411914110183716,0.1729165017604828,0.11364050209522247,0.20057064294815063,-0.2935461699962616,0.010908916592597961,-0.4826599657535553,0.7455968856811523,0.3192840814590454,0.38370251655578613,-0.23986351490020752,0.37975749373435974,-0.04065597057342529,0.10041627287864685,0.09223508834838867,-0.02759028971195221,-0.4589945673942566,0.3313972055912018,0.3933042287826538,-0.24861431121826172,-0.09115225076675415,0.03393055871129036,0.15140753984451294,0.1213148832321167,-0.4438002109527588,-0.2167654037475586,0.26705262064933777,-0.5182609558105469,-0.0364152193069458,-0.5749304890632629,0.11924540996551514,-0.26856523752212524,-0.6620218753814697,0.46697720885276794,0.16232633590698242,0.33894240856170654,-0.3972656726837158,-0.05610828101634979,-0.30088722705841064,0.0891309380531311,0.5350726842880249,0.35235798358917236,0.5834556221961975,-0.27631595730781555,0.15424883365631104,0.21963179111480713,0.06057804822921753,-0.31416594982147217,-0.08199429512023926,-0.15711407363414764,-0.14154532551765442,-0.08309447765350342,-0.04234917461872101,-0.27478769421577454,-0.11723151803016663,-0.029723674058914185,-0.407934308052063,-0.040885359048843384,-0.14327159523963928,0.1063866913318634,0.6231657266616821,0.1001313328742981,-0.09100073575973511,-0.7499189376831055,0.1664257049560547
0.23016536235809326,-0.35441893339157104,0.00012803077697753906,-0.4663029611110687,-0.33968326449394226,-0.07695406675338745,-0.26465684175491333,0.39254602789878845,-0.2539414167404175,-0.05160623788833618,-0.12306413054466248,-0.013083338737487793,-0.15550464391708374,0.03606384992599487,-0.24160921573638916,0.04114037752151489,-0.1375454217195511,0.05815786123275757,-0.06385353207588196,0.1085495725274086,0.22403699159622192,0.21452225744724274,0.2829378843307495,0.5551058053970337,0.499698281288147,0.016508758068084717,-0.2436240315437317,0.4552173614501953,0.406520813703537,-0.12254060804843903,0.08617870509624481,0.0908530056476593,0.010519266128540039,0.04776948690414429,-0.15940457582473755,-0.13139915466308594,0.15786750614643097,0.09319107234477997,0.18358683586120605,-0.24609637260437012,0.024713024497032166,-0.5080522298812866,0.7546060085296631,0.3490891456604004,0.3651967942714691,-0.22153902053833008,0.3744453191757202,-0.09499764442443848,0.13229253888130188,0.13382992148399353,-0.06575512886047363,-0.45171892642974854,0.3180433511734009,0.44251617789268494,-0.24273395538330078,-0.06967827677726746,0.023516777902841568,0.12189693003892899,0.12997570633888245,-0.48367512226104736,-0.19716572761535645,0.2548460364341736,-0.5206866264343262,-0.06365489959716797,-0.5977092385292053,0.1275472640991211,-0.26323166489601135,-0.7077319025993347,0.4859449565410614,0.16798347234725952,0.3549426794052124,-0.35053008794784546,-0.09166273474693298,-0.30076122283935547,0.08227342367172241,0.5163335204124451,0.3065182566642761,0.6069444417953491,-0.3119877576828003,0.19512444734573364,0.23936188220977783,0.07094979286193848,-0.3505035638809204,-0.08383840322494507,-0.1485491544008255,-0.2041143774986267,-0.11677804589271545,-0.02986086905002594,-0.2600404620170593,-0.0773928165435791,-0.02534577250480652,-0.4169235825538635,-0.02726605534553528,-0.15367597341537476,0.14156869053840637,0.6739559769630432,0.12287828326225281,-0.1253739595413208,-0.7881561517715454,0.18735861778259277
0.22706341743469238,-0.3510991334915161,0.015345752239227295,-0.4428492784500122,-0.3218015730381012,-0.082053542137146,-0.2548915147781372,0.37993332743644714,-0.2622566223144531,-0.06552216410636902,-0.11973164975643158,-0.022529304027557373,-0.13647526502609253,0.01430097222328186,-0.24360930919647217,0.038097888231277466,-0.12855929136276245,0.05936598777770996,-0.05653035640716553,0.10518715530633926,0.22622951865196228,0.21250861883163452,0.2659437656402588,0.5631864666938782,0.48853063583374023,0.013372421264648438,-0.25096631050109863,0.46021801233291626,0.40197694301605225,-0.1126294881105423,0.07886765897274017,0.07919612526893616,0.006201505661010742,0.05415153503417969,-0.1625329852104187,-0.11634165048599243,0.1567426174879074,0.09651227295398712,0.18117362260818481,-0.25483620166778564,0.013952016830444336,-0.4886396527290344,0.7472676038742065,0.33673959970474243,0.3689211905002594,-0.22401589155197144,0.3744818866252899,-0.07471340894699097,0.12254437804222107,0.121518075466156,-0.043879929929971695,-0.447742223739624,0.31017953157424927,0.4214140474796295,-0.24477219581604004,-0.08187136054039001,0.029054079204797745,0.12740474939346313,0.12438000738620758,-0.4742368459701538,-0.1967761516571045,0.2501224875450134,-0.513181209564209,-0.05889761447906494,-0.5879223346710205,0.11937570571899414,-0.25975945591926575,-0.6904016733169556,0.4846048653125763,0.16721636056900024,0.346153199672699,-0.3567151129245758,-0.07858686149120331,-0.2967314124107361,0.09199297428131104,0.517225444316864,0.3129383325576782,0.5976817011833191,-0.3000062108039856,0.17768703401088715,0.22881066799163818,0.06396466493606567,-0.3351236581802368,-0.08842676877975464,-0.14398257434368134,-0.17910677194595337,-0.10110548138618469,-0.03405144810676575,-0.26257818937301636,-0.0960199236869812,-0.02669331431388855,-0.40621036291122437,-0.027614951133728027,-0.1520954966545105,0.13067805767059326,0.6461895108222961,0.12246227264404297,-0.10507667064666748,-0.7604782581329346,0.18160057067871094
0.22851741313934326,-0.3291871249675751,-0.005914092063903809,-0.4469882547855377,-0.33463922142982483,-0.07201242446899414,-0.2551068663597107,0.3919895887374878,-0.24578988552093506,-0.05165424942970276,-0.1140083372592926,-0.018190443515777588,-0.16733898222446442,0.037965744733810425,-0.2267531156539917,0.03749579191207886,-0.12028279900550842,0.03430697321891785,-0.06471279263496399,0.08594579249620438,0.21256452798843384,0.208748921751976,0.2824043035507202,0.5251064300537109,0.4736226797103882,-0.0031306445598602295,-0.20323863625526428,0.45581531524658203,0.4050936996936798,-0.11019159853458405,0.09853868186473846,0.08661273121833801,0.007468998432159424,0.0181124210357666,-0.16009753942489624,-0.12725096940994263,0.14401789009571075,0.08843362331390381,0.16199511289596558,-0.2423197329044342,0.03520730137825012,-0.5268651247024536,0.7584260106086731,0.33957016468048096,0.3545510470867157,-0.22520063817501068,0.35924258828163147,-0.09446972608566284,0.12364356219768524,0.12707626819610596,-0.05909443274140358,-0.4527164697647095,0.3063322901725769,0.4369378089904785,-0.26039284467697144,-0.05165758728981018,0.043020863085985184,0.13063672184944153,0.10979793965816498,-0.48001253604888916,-0.1711941957473755,0.22933784127235413,-0.5008001327514648,-0.05259561538696289,-0.5833446383476257,0.12965607643127441,-0.2669767439365387,-0.7106288075447083,0.4596070945262909,0.15830618143081665,0.34453335404396057,-0.34776920080184937,-0.08413167297840118,-0.30161136388778687,0.06276947259902954,0.4984499514102936,0.30948591232299805,0.5962551832199097,-0.3268167972564697,0.19252684712409973,0.26750147342681885,0.08996078372001648,-0.3348045349121094,-0.08508419990539551,-0.12528088688850403,-0.20201365649700165,-0.10573723912239075,-0.04434308409690857,-0.22843511402606964,-0.07906246185302734,-0.017090260982513428,-0.3880358338356018,-0.011157363653182983,-0.16906172037124634,0.1571214497089386,0.6559364795684814,0.10699969530105591,-0.14121496677398682,-0.7514350414276123,0.17536211013793945
0.22893747687339783,-0.35399460792541504,-0.0011862516403198242,-0.4681251645088196,-0.341767281293869,-0.0738021731376648,-0.26713210344314575,0.39499786496162415,-0.2521519064903259,-0.051590949296951294,-0.12120415270328522,-0.01211613416671753,-0.15646657347679138,0.03992989659309387,-0.24382805824279785,0.04372906684875488,-0.13540467619895935,0.05622604489326477,-0.06618812680244446,0.10709729045629501,0.22343668341636658,0.21472351253032684,0.28414684534072876,0.55338454246521,0.4996117055416107,0.014255404472351074,-0.24206826090812683,0.45624303817749023,0.4059126377105713,-0.12585507333278656,0.08881662786006927,0.09115365147590637,0.011158287525177002,0.04477760195732117,-0.1580040454864502,-0.13419663906097412,0.15793189406394958,0.09001663327217102,0.18551909923553467,-0.24392110109329224,0.028447017073631287,-0.5118780732154846,0.7554931044578552,0.3507900834083557,0.36342382431030273,-0.2213188111782074,0.3730337619781494,-0.09775489568710327,0.13475443422794342,0.1363002359867096,-0.07096743583679199,-0.4521057605743408,0.31965774297714233,0.4450150430202484,-0.24422264099121094,-0.06772223114967346,0.024708662182092667,0.12162483483552933,0.1311737447977066,-0.482200026512146,-0.19618821144104004,0.2549957036972046,-0.5208032727241516,-0.06304657459259033,-0.5966157913208008,0.1289428472518921,-0.2633833885192871,-0.7086026668548584,0.4845355451107025,0.16750413179397583,0.3552525043487549,-0.3501613140106201,-0.09125682711601257,-0.3012726306915283,0.07946556806564331,0.5145714282989502,0.30648189783096313,0.6067919731140137,-0.3146006762981415,0.1990480124950409,0.24017906188964844,0.07442820072174072,-0.3494858741760254,-0.08304744958877563,-0.1503496617078781,-0.21016639471054077,-0.11825773119926453,-0.03066253662109375,-0.25720900297164917,-0.07419735193252563,-0.02471625804901123,-0.41758474707603455,-0.02860039472579956,-0.1525033712387085,0.14321556687355042,0.6783018708229065,0.12030929327011108,-0.12921863794326782,-0.7900571823120117,0.18712902069091797
0.24152514338493347,-0.3588523268699646,0.038811326026916504,-0.40478554368019104,-0.29229971766471863,-0.07440999150276184,-0.2532491385936737,0.38005608320236206,-0.2839753031730652,-0.09247395396232605,-0.10384052991867065,-0.03495281934738159,-0.09798678755760193,0.002238661050796509,-0.2577916383743286,0.04276737570762634,-0.09044747054576874,0.06201577186584473,-0.05208352208137512,0.12674623727798462,0.23494815826416016,0.211078941822052,0.25249165296554565,0.578369677066803,0.48187440633773804,0.009899049997329712,-0.2974421977996826,0.4701976776123047,0.3902488052845001,-0.10093237459659576,0.05311034619808197,0.06620219349861145,-0.008932173252105713,0.060454607009887695,-0.1727130115032196,-0.08411914110183716,0.1729165017604828,0.11364050209522247,0.20057064294815063,-0.2935461699962616,0.010908916592597961,-0.4826599657535553,0.7455968856811523,0.3192840814590454,0.38370251655578613,-0.23986351490020752,0.37975749373435974,-0.04065597057342529,0.10041627287864685,0.09223508834838867,-0.02759028971195221,-0.4589945673942566,0.3313972055912018,0.3933042287826538,-0.24861431121826172,-0.09115225076675415,0.03393055871129036,0.15140753984451294,0.1213148832321167,-0.4438002109527588,-0.2167654037475586,0.26705262064933777,-0.5182609558105469,-0.0364152193069458,-0.5749304890632629,0.11924540996551514,-0.26856523752212524,-0.6620218753814697,0.46697720885276794,0.16232633590698242,0.33894240856170654,-0.3972656726837158,-0.05610828101634979,-0.30088722705841064,0.0891309380531311,0.5350726842880249,0.35235798358917236,0.5834556221961975,-0.27631595730781555,0.15424883365631104,0.21963179111480713,0.06057804822921753,-0.31416594982147217,-0.08199429512023926,-0.15711407363414764,-0.14154532551765442,-0.08309447765350342,-0.04234917461872101,-0.27478769421577454,-0.11723151803016663,-0.029723674058914185,-0.407934308052063,-0.040885359048843384,-0.14327159523963928,0.1063866913318634,0.6231657266616821,0.1001313328742981,-0.09100073575973511,-0.7499189376831055,0.1664257049560547
0.22828423976898193,-0.3390926420688629,0.013493478298187256,-0.423758864402771,-0.31509071588516235,-0.06912842392921448,-0.25509020686149597,0.3841979205608368,-0.25722241401672363,-0.0689207911491394,-0.1069171130657196,-0.023509681224822998,-0.13592520356178284,0.022151708602905273,-0.24213802814483643,0.042387038469314575,-0.10579094290733337,0.04400131106376648,-0.060313403606414795,0.09875471144914627,0.22132214903831482,0.20993497967720032,0.2674717903137207,0.5406941771507263,0.47043073177337646,-0.00018587708473205566,-0.24069058895111084,0.4577401280403137,0.39469975233078003,-0.10999719798564911,0.07894228398799896,0.07867339253425598,0.0026341676712036133,0.03541722893714905,-0.1621260941028595,-0.10912981629371643,0.15186308324337006,0.09517262876033783,0.17985409498214722,-0.25938254594802856,0.026870250701904297,-0.504667341709137,0.7455734610557556,0.3295851945877075,0.36043211817741394,-0.22973211109638214,0.3617536723613739,-0.07252544164657593,0.11338061094284058,0.11390891671180725,-0.04779653623700142,-0.45017677545547485,0.3147066831588745,0.41315963864326477,-0.2550445795059204,-0.06636914610862732,0.038164932280778885,0.1384851336479187,0.11665119230747223,-0.4550504684448242,-0.18759632110595703,0.24291086196899414,-0.5014256238937378,-0.0442126989364624,-0.5718954801559448,0.12405556440353394,-0.2650550603866577,-0.6813413500785828,0.453733891248703,0.157335102558136,0.33729732036590576,-0.36444079875946045,-0.07049226015806198,-0.29404640197753906,0.07075309753417969,0.5043689608573914,0.3232211470603943,0.5843503475189209,-0.30376309156417847,0.17888593673706055,0.241754412651062,0.07885882258415222,-0.3171480894088745,-0.0852397084236145,-0.14110247790813446,-0.17777471244335175,-0.09821301698684692,-0.0442560613155365,-0.24405941367149353,-0.09233257174491882,-0.021804869174957275,-0.3917960524559021,-0.023467421531677246,-0.15688791871070862,0.13471007347106934,0.6360183358192444,0.10159280896186829,-0.12059366703033447,-0.7409364581108093,0.16596508026123047
0.21193259954452515,-0.36182913184165955,0.029189467430114746,-0.44246628880500793,-0.3236086070537567,-0.05984073877334595,-0.27336910367012024,0.39010173082351685,-0.262043297290802,-0.07636404037475586,-0.1039644330739975,-0.020909249782562256,-0.11443278193473816,0.015124350786209106,-0.27357614040374756,0.05600428581237793,-0.1051386296749115,0.05897235870361328,-0.06334429979324341,0.09771480411291122,0.23699811100959778,0.22408637404441833,0.25951796770095825,0.5677908658981323,0.4911714792251587,-0.0005048513412475586,-0.27359533309936523,0.4717288613319397,0.3915097415447235,-0.13216955959796906,0.08331988751888275,0.07000929117202759,0.014771223068237305,0.05250367522239685,-0.1491793692111969,-0.11598756909370422,0.14844919741153717,0.07617871463298798,0.20982098579406738,-0.2590717077255249,0.03528048098087311,-0.4947448670864105,0.7489175200462341,0.3457448482513428,0.3540162146091461,-0.22982311248779297,0.3661545515060425,-0.07218503952026367,0.12522238492965698,0.1311667263507843,-0.07276986539363861,-0.4387831687927246,0.32555681467056274,0.4152816832065582,-0.2595479488372803,-0.07956641912460327,0.02994612231850624,0.14095863699913025,0.14862798154354095,-0.4421868324279785,-0.19718289375305176,0.2617170512676239,-0.5188706517219543,-0.04783272743225098,-0.5731444358825684,0.12667173147201538,-0.25644925236701965,-0.6720462441444397,0.4691902995109558,0.15970879793167114,0.34252840280532837,-0.36645424365997314,-0.06804437190294266,-0.29023224115371704,0.07498466968536377,0.5034857988357544,0.3177650570869446,0.5945041179656982,-0.3015371561050415,0.20347699522972107,0.20728766918182373,0.07947856187820435,-0.30058348178863525,-0.09354186058044434,-0.1775081604719162,-0.21024823188781738,-0.11478573083877563,-0.03594514727592468,-0.26291120052337646,-0.09360724687576294,-0.024930626153945923,-0.4062494933605194,-0.041439056396484375,-0.14000144600868225,0.1293499767780304,0.6542146801948547,0.1081928014755249,-0.10802942514419556,-0.7556906342506409,0.16165661811828613
0.241126149892807,-0.3587794303894043,0.03833061456680298,-0.4061300754547119,-0.2926281988620758,-0.07392576336860657,-0.2537250518798828,0.38024836778640747,-0.28308534622192383,-0.09187856316566467,-0.1039692610502243,-0.03401106595993042,-0.0969381332397461,0.004747241735458374,-0.2579296827316284,0.04242202639579773,-0.09094896912574768,0.06304013729095459,-0.05288645625114441,0.1285446286201477,0.23358052968978882,0.21000531315803528,0.25264066457748413,0.5772019028663635,0.4833213686943054,0.011592477560043335,-0.2997347116470337,0.46810853481292725,0.3892028033733368,-0.10195522010326385,0.05271999537944794,0.0667559802532196,-0.008939087390899658,0.06189417839050293,-0.171922504901886,-0.08578965067863464,0.17403192818164825,0.11304862797260284,0.20159423351287842,-0.29237526655197144,0.011969581246376038,-0.48107096552848816,0.7425931692123413,0.3189816474914551,0.3822537660598755,-0.2381930649280548,0.3794199824333191,-0.04215496778488159,0.10170814394950867,0.09292463958263397,-0.030407249927520752,-0.4568786025047302,0.3313080072402954,0.3938411474227905,-0.24626567959785461,-0.09122836589813232,0.03248067572712898,0.1493520438671112,0.12241953611373901,-0.443423867225647,-0.21855664253234863,0.2683679163455963,-0.5189937353134155,-0.03756570816040039,-0.5746396780014038,0.11920565366744995,-0.2674484848976135,-0.6607021689414978,0.4678957164287567,0.16278892755508423,0.33853599429130554,-0.395425945520401,-0.05701359361410141,-0.30082422494888306,0.08911389112472534,0.5347630977630615,0.3509324789047241,0.5825072526931763,-0.2746957540512085,0.1544417440891266,0.21773231029510498,0.06022706627845764,-0.31617605686187744,-0.08067059516906738,-0.15822967886924744,-0.14381688833236694,-0.08418935537338257,-0.040617793798446655,-0.2763402760028839,-0.11524727940559387,-0.03020608425140381,-0.4092620015144348,-0.042517781257629395,-0.14052793383598328,0.10500714182853699,0.624762237071991,0.10027188062667847,-0.09033143520355225,-0.7522854208946228,0.16745638847351074
0.24571973085403442,-0.3282869756221771,2.1576881408691406e-05,-0.4275749921798706,-0.3178441822528839,-0.0850149393081665,-0.24002283811569214,0.3856229782104492,-0.26145827770233154,-0.06183826923370361,-0.1162630021572113,-0.028028786182403564,-0.15891636908054352,0.024182230234146118,-0.21551263332366943,0.026544809341430664,-0.11641941964626312,0.03671598434448242,-0.05638650059700012,0.10201526433229446,0.2121562957763672,0.20106658339500427,0.27736032009124756,0.5364757776260376,0.4714142680168152,0.0032395124435424805,-0.2143372893333435,0.45807838439941406,0.4091176986694336,-0.08937118947505951,0.08268515765666962,0.0830676257610321,-0.00535351037979126,0.025042593479156494,-0.17538580298423767,-0.10981899499893188,0.15662646293640137,0.11073842644691467,0.1518326997756958,-0.2617487609386444,0.01587595045566559,-0.5176404118537903,0.7616755366325378,0.3248305022716522,0.3747883141040802,-0.230715811252594,0.37225931882858276,-0.0744885802268982,0.11034171283245087,0.10604599118232727,-0.026081472635269165,-0.46483761072158813,0.30530980229377747,0.4276931881904602,-0.2543785572052002,-0.06276294589042664,0.046062711626291275,0.13617274165153503,0.09074123203754425,-0.488781213760376,-0.18071937561035156,0.22911912202835083,-0.5026407241821289,-0.04881584644317627,-0.5895503759384155,0.12380737066268921,-0.2736012935638428,-0.7120818495750427,0.4681406617164612,0.16237717866897583,0.3445504903793335,-0.3630392253398895,-0.07674100995063782,-0.3107936978340149,0.07736235857009888,0.5198564529418945,0.32766807079315186,0.5948201417922974,-0.3133925497531891,0.16155840456485748,0.27675366401672363,0.07629477977752686,-0.34679460525512695,-0.08091115951538086,-0.10879850387573242,-0.1599845439195633,-0.08462265133857727,-0.047749653458595276,-0.23817604780197144,-0.09770762920379639,-0.019423454999923706,-0.3893594741821289,-0.009223908185958862,-0.1737474799156189,0.1444491147994995,0.6373720765113831,0.1086963415145874,-0.1253071427345276,-0.7481828927993774,0.1827406883239746
0.22925615310668945,-0.35042786598205566,-0.00043827295303344727,-0.46592289209365845,-0.3379705846309662,-0.08384084701538086,-0.26027411222457886,0.3853755593299866,-0.25144922733306885,-0.04776054620742798,-0.12885531783103943,-0.013467013835906982,-0.1577204167842865,0.033200353384017944,-0.23487424850463867,0.035659343004226685,-0.1455562561750412,0.060651183128356934,-0.06154009699821472,0.10647221654653549,0.220252126455307,0.21244941651821136,0.2812804579734802,0.5533320903778076,0.4972279369831085,0.020379185676574707,-0.23799940943717957,0.449992835521698,0.40650877356529236,-0.11851508915424347,0.08596007525920868,0.0914100706577301,0.010402143001556396,0.0509469211101532,-0.15969979763031006,-0.1321433186531067,0.1572439819574356,0.09532870352268219,0.17720729112625122,-0.24257324635982513,0.019102513790130615,-0.4985294044017792,0.7468518018722534,0.3459429144859314,0.36454352736473083,-0.2173956036567688,0.3725779056549072,-0.0962175726890564,0.1322745978832245,0.1322789192199707,-0.05944270268082619,-0.44726407527923584,0.30981165170669556,0.43951427936553955,-0.2380470633506775,-0.07161599397659302,0.021516967564821243,0.1157774105668068,0.12863920629024506,-0.48901522159576416,-0.19512534141540527,0.25157687067985535,-0.5166357755661011,-0.06934952735900879,-0.5985404849052429,0.12417089939117432,-0.2601015269756317,-0.7053627371788025,0.4887693524360657,0.16886740922927856,0.3528847098350525,-0.34360212087631226,-0.09587538242340088,-0.29748326539993286,0.08721292018890381,0.5150023698806763,0.3001347780227661,0.6053498983383179,-0.30962878465652466,0.18973158299922943,0.23692739009857178,0.06550335884094238,-0.3542485237121582,-0.08475661277770996,-0.1414213627576828,-0.19828173518180847,-0.11474734544754028,-0.02666938304901123,-0.260486900806427,-0.07799279689788818,-0.02658975124359131,-0.4132802486419678,-0.023125022649765015,-0.15404126048088074,0.14101773500442505,0.6671608686447144,0.1294870376586914,-0.12056547403335571,-0.7833859920501709,0.188889741897583
0.24240753054618835,-0.3369795083999634,0.001765608787536621,-0.4336664378643036,-0.32060644030570984,-0.08053919672966003,-0.24850106239318848,0.38537102937698364,-0.25908318161964417,-0.058545321226119995,-0.11736941337585449,-0.0229264497756958,-0.15582552552223206,0.028651922941207886,-0.22471249103546143,0.034036219120025635,-0.11943621933460236,0.04442867636680603,-0.058019816875457764,0.10623269528150558,0.2163257598876953,0.20563924312591553,0.27818721532821655,0.5410934686660767,0.4761863648891449,0.007635354995727539,-0.2273651659488678,0.4548429250717163,0.4048888385295868,-0.09996069967746735,0.07942478358745575,0.08637377619743347,-0.002994537353515625,0.03301197290420532,-0.1712161898612976,-0.11163321137428284,0.1591024249792099,0.10827517509460449,0.16525161266326904,-0.25991445779800415,0.018207475543022156,-0.5132169723510742,0.7546787858009338,0.32933956384658813,0.3724554777145386,-0.2295266091823578,0.36956337094306946,-0.07966119050979614,0.11340269446372986,0.1100831925868988,-0.03743965923786163,-0.4621947407722473,0.3133920133113861,0.4258262515068054,-0.2497352957725525,-0.06277015805244446,0.03841661289334297,0.13273867964744568,0.1043829470872879,-0.4799712896347046,-0.18814611434936523,0.24060916900634766,-0.5053242444992065,-0.050325751304626465,-0.5882123112678528,0.12440037727355957,-0.2713660001754761,-0.7030662298202515,0.4656214416027069,0.1627572774887085,0.3457176387310028,-0.3631426692008972,-0.08082474768161774,-0.3035973310470581,0.0760873556137085,0.5181180238723755,0.3248022794723511,0.5939854383468628,-0.3096758723258972,0.1708742082118988,0.2617008686065674,0.07350432872772217,-0.34354400634765625,-0.08055698871612549,-0.12368467450141907,-0.16789031028747559,-0.09508049488067627,-0.04271230101585388,-0.24507124722003937,-0.09042266011238098,-0.022727906703948975,-0.3984038829803467,-0.015642881393432617,-0.16651210188865662,0.14115303754806519,0.6444289684295654,0.10907751321792603,-0.12772518396377563,-0.7582789659500122,0.18019318580627441
0.23072347044944763,-0.3392236828804016,0.007223904132843018,-0.44000154733657837,-0.3279448449611664,-0.07167607545852661,-0.25559940934181213,0.39488276839256287,-0.2602520287036896,-0.06637412309646606,-0.10887810587882996,-0.024904072284698486,-0.15055224299430847,0.02334582805633545,-0.23888134956359863,0.040757328271865845,-0.11037999391555786,0.038346052169799805,-0.06148412823677063,0.09247905761003494,0.22190827131271362,0.2126765102148056,0.2741425633430481,0.5470505356788635,0.4808065891265869,-0.005352914333343506,-0.22551706433296204,0.470952570438385,0.4070800244808197,-0.1091192215681076,0.09313790500164032,0.0772203803062439,0.005848586559295654,0.026274383068084717,-0.16460606455802917,-0.1177976131439209,0.1485271155834198,0.09075497090816498,0.17147809267044067,-0.2565729022026062,0.029539644718170166,-0.5233556628227234,0.7699424624443054,0.3393721878528595,0.36539697647094727,-0.2326347380876541,0.37157928943634033,-0.07832086086273193,0.11961674690246582,0.12165841460227966,-0.0498213954269886,-0.45887237787246704,0.314344584941864,0.433055579662323,-0.2651333212852478,-0.06478950381278992,0.04644734039902687,0.14146187901496887,0.11151008307933807,-0.47685718536376953,-0.17927634716033936,0.23610873520374298,-0.5108281970024109,-0.04699552059173584,-0.5864333510398865,0.1280137300491333,-0.26958510279655457,-0.7107539772987366,0.47076350450515747,0.16130048036575317,0.34749776124954224,-0.3633132576942444,-0.0716613307595253,-0.3082948923110962,0.07114243507385254,0.5114187002182007,0.32310253381729126,0.6015459299087524,-0.32087242603302,0.1868312954902649,0.2612171173095703,0.08588045835494995,-0.32795608043670654,-0.08828473091125488,-0.13347944617271423,-0.1932123303413391,-0.0976366400718689,-0.04766559600830078,-0.2409987896680832,-0.09484991431236267,-0.017840564250946045,-0.3945234417915344,-0.01905447244644165,-0.16618883609771729,0.14921250939369202,0.6541467905044556,0.10719206929206848,-0.12594163417816162,-0.7526389956474304,0.176558256149292
0.2275884449481964,-0.3418697118759155,-0.005081772804260254,-0.4541923999786377,-0.3366253674030304,-0.06797927618026733,-0.2645164728164673,0.39503049850463867,-0.2442300021648407,-0.051501691341400146,-0.11547915637493134,-0.011769652366638184,-0.15800157189369202,0.04508090019226074,-0.238777756690979,0.04374903440475464,-0.12471997737884521,0.04498717188835144,-0.0684974193572998,0.09955150634050369,0.21722412109375,0.21077397465705872,0.28391706943511963,0.5318459272384644,0.4843749403953552,0.006550818681716919,-0.22889703512191772,0.4493657350540161,0.40001946687698364,-0.12215574085712433,0.08945684134960175,0.09260690212249756,0.010468721389770508,0.03148120641708374,-0.15612733364105225,-0.1311752200126648,0.15222786366939545,0.08871564269065857,0.17994052171707153,-0.24190448224544525,0.03675717115402222,-0.5186727046966553,0.7488918900489807,0.3454328775405884,0.35424891114234924,-0.22183868288993835,0.36153289675712585,-0.09765660762786865,0.12916015088558197,0.13224545121192932,-0.07120200991630554,-0.4495166540145874,0.31625086069107056,0.4378749430179596,-0.24897274374961853,-0.057256847620010376,0.029034975916147232,0.1252792775630951,0.12471413612365723,-0.4701739549636841,-0.18710947036743164,0.24591511487960815,-0.5079283714294434,-0.05596733093261719,-0.5832496881484985,0.130526602268219,-0.26327264308929443,-0.7001081705093384,0.46166709065437317,0.15954530239105225,0.34593629837036133,-0.3494715094566345,-0.08772145211696625,-0.2964051365852356,0.06669944524765015,0.5016103982925415,0.3068680763244629,0.5949844121932983,-0.3170320987701416,0.19714131951332092,0.24935007095336914,0.08330279588699341,-0.3376706838607788,-0.08119851350784302,-0.14442385733127594,-0.20751258730888367,-0.11537247896194458,-0.036532923579216,-0.24095900356769562,-0.07002502679824829,-0.021216779947280884,-0.40258336067199707,-0.02263416349887848,-0.15647178888320923,0.14576634764671326,0.6671862602233887,0.10780602693557739,-0.13948899507522583,-0.7710046768188477,0.1764998435974121
0.2326253056526184,-0.3619886338710785,0.0198172926902771,-0.44275447726249695,-0.32297420501708984,-0.06649541854858398,-0.26902034878730774,0.3929886817932129,-0.2670098841190338,-0.070599764585495,-0.10940796136856079,-0.022211670875549316,-0.12887588143348694,0.02317488193511963,-0.2601597309112549,0.05134359002113342,-0.10776737332344055,0.05782511830329895,-0.06124421954154968,0.11110522598028183,0.2341647744178772,0.22001563012599945,0.2708812952041626,0.5706660151481628,0.4939071238040924,0.006410837173461914,-0.2704566717147827,0.47117382287979126,0.3991590142250061,-0.12248833477497101,0.07681475579738617,0.07728001475334167,0.003967642784118652,0.04899781942367554,-0.16317304968833923,-0.1112690269947052,0.16259637475013733,0.09418439865112305,0.20190447568893433,-0.26891735196113586,0.02673320472240448,-0.5074462890625,0.7583553791046143,0.34331607818603516,0.3715319037437439,-0.23567494750022888,0.3743152916431427,-0.07360512018203735,0.12083953619003296,0.11949554085731506,-0.06062418594956398,-0.4582381248474121,0.3320314884185791,0.4233221709728241,-0.2549469769001007,-0.07509255409240723,0.03174576535820961,0.14080530405044556,0.13555464148521423,-0.45971059799194336,-0.20312678813934326,0.26582348346710205,-0.5248463153839111,-0.04761016368865967,-0.5876598954200745,0.12897837162017822,-0.26751434803009033,-0.6887751221656799,0.47356295585632324,0.1629757285118103,0.3504300117492676,-0.3779662847518921,-0.0742402896285057,-0.3005281090736389,0.07738220691680908,0.522896945476532,0.33160269260406494,0.6008008718490601,-0.30314815044403076,0.19032052159309387,0.22851932048797607,0.07353717088699341,-0.3233988285064697,-0.08531802892684937,-0.1645893007516861,-0.1905744969844818,-0.10676926374435425,-0.03768762946128845,-0.26451677083969116,-0.09364476799964905,-0.026609867811203003,-0.416392982006073,-0.036009907722473145,-0.14852729439735413,0.1306348741054535,0.660812258720398,0.10784685611724854,-0.11801940202713013,-0.7753552198410034,0.17306065559387207
0.24693074822425842,-0.3279460668563843,-0.008508145809173584,-0.4424736499786377,-0.3268873989582062,-0.098273366689682,-0.2359156310558319,0.37947461009025574,-0.25726428627967834,-0.04869696497917175,-0.12952876091003418,-0.025288164615631104,-0.1772601157426834,0.02388375997543335,-0.2018204927444458,0.018457472324371338,-0.14117856323719025,0.04238489270210266,-0.05356869101524353,0.09895644336938858,0.21018555760383606,0.1995098888874054,0.28405946493148804,0.5380393862724304,0.47485506534576416,0.013119906187057495,-0.198806494474411,0.45113450288772583,0.41825875639915466,-0.08636258542537689,0.08612607419490814,0.08982357382774353,-0.0027731657028198242,0.028958171606063843,-0.1769978106021881,-0.11776977777481079,0.15595069527626038,0.11599862575531006,0.14022710919380188,-0.2516886293888092,0.005893439054489136,-0.5134305953979492,0.7623113989830017,0.32862815260887146,0.3781808912754059,-0.22431159019470215,0.3743319511413574,-0.08456534147262573,0.1146300882101059,0.11050400137901306,-0.01861017942428589,-0.4648151397705078,0.2960026264190674,0.4356394112110138,-0.24664807319641113,-0.06460922956466675,0.0399770624935627,0.12447073310613632,0.08859765529632568,-0.5104573965072632,-0.17831361293792725,0.22426840662956238,-0.5013521909713745,-0.06197190284729004,-0.6020949482917786,0.12006103992462158,-0.2719378173351288,-0.7251612544059753,0.48024553060531616,0.16762769222259521,0.34953802824020386,-0.349140465259552,-0.08994050323963165,-0.30869895219802856,0.08685934543609619,0.5223644971847534,0.31345003843307495,0.6039559841156006,-0.317731648683548,0.16027867794036865,0.2812802791595459,0.06813842058181763,-0.3644747734069824,-0.08357316255569458,-0.09693920612335205,-0.15705081820487976,-0.08826175332069397,-0.04202829301357269,-0.2407432347536087,-0.09304910898208618,-0.021763533353805542,-0.3917847275733948,-0.00035381317138671875,-0.1806049644947052,0.1507551372051239,0.6400792002677917,0.12502101063728333,-0.12535864114761353,-0.7565787434577942,0.19288420677185059
0.241126149892807,-0.3587794303894043,0.03833061456680298,-0.4061300754547119,-0.2926281988620758,-0.07392576336860657,-0.2537250518798828,0.38024836778640747,-0.28308534622192383,-0.09187856316566467,-0.1039692610502243,-0.03401106595993042,-0.0969381332397461,0.004747241735458374,-0.2579296827316284,0.04242202639579773,-0.09094896912574768,0.06304013729095459,-0.05288645625114441,0.1285446286201477,0.23358052968978882,0.21000531315803528,0.25264066457748413,0.5772019028663635,0.4833213686943054,0.011592477560043335,-0.2997347116470337,0.46810853481292725,0.3892028033733368,-0.10195522010326385,0.05271999537944794,0.0667559802532196,-0.008939087390899658,0.06189417839050293,-0.171922504901886,-0.08578965067863464,0.17403192818164825,0.11304862797260284,0.20159423351287842,-0.29237526655197144,0.011969581246376038,-0.48107096552848816,0.7425931692123413,0.3189816474914551,0.3822537660598755,-0.2381930649280548,0.3794199824333191,-0.04215496778488159,0.10170814394950867,0.09292463958263397,-0.030407249927520752,-0.4568786025047302,0.3313080072402954,0.3938411474227905,-0.24626567959785461,-0.09122836589813232,0.03248067572712898,0.1493520438671112,0.12241953611373901,-0.443423867225647,-0.21855664253234863,0.2683679163455963,-0.5189937353134155,-0.03756570816040039,-0.5746396780014038,0.11920565366744995,-0.2674484848976135,-0.6607021689414978,0.4678957164287567,0.16278892755508423,0.33853599429130554,-0.395425945520401,-0.05701359361410141,-0.30082422494888306,0.08911389112472534,0.5347630977630615,0.3509324789047241,0.5825072526931763,-0.2746957540512085,0.1544417440891266,0.21773231029510498,0.06022706627845764,-0.31617605686187744,-0.08067059516906738,-0.15822967886924744,-0.14381688833236694,-0.08418935537338257,-0.040617793798446655,-0.2763402760028839,-0.11524727940559387,-0.03020608425140381,-0.4092620015144348,-0.042517781257629395,-0.14052793383598328,0.10500714182853699,0.624762237071991,0.10027188062667847,-0.09033143520355225,-0.7522854208946228,0.16745638847351074
0.241126149892807,-0.3587794303894043,0.03833061456680298,-0.4061300754547119,-0.2926281988620758,-0.07392576336860657,-0.2537250518798828,0.38024836778640747,-0.28308534622192383,-0.09187856316566467,-0.1039692610502243,-0.03401106595993042,-0.0969381332397461,0.004747241735458374,-0.2579296827316284,0.04242202639579773,-0.09094896912574768,0.06304013729095459,-0.05288645625114441,0.1285446286201477,0.23358052968978882,0.21000531315803528,0.25264066457748413,0.5772019028663635,0.4833213686943054,0.011592477560043335,-0.2997347116470337,0.46810853481292725,0.3892028033733368,-0.10195522010326385,0.05271999537944794,0.0667559802532196,-0.008939087390899658,0.06189417839050293,-0.171922504901886,-0.08578965067863464,0.17403192818164825,0.11304862797260284,0.20159423351287842,-0.29237526655197144,0.011969581246376038,-0.48107096552848816,0.7425931692123413,0.3189816474914551,0.3822537660598755,-0.2381930649280548,0.3794199824333191,-0.04215496778488159,0.10170814394950867,0.09292463958263397,-0.030407249927520752,-0.4568786025047302,0.3313080072402954,0.3938411474227905,-0.24626567959785461,-0.09122836589813232,0.03248067572712898,0.1493520438671112,0.12241953611373901,-0.443423867225647,-0.21855664253234863,0.2683679163455963,-0.5189937353134155,-0.03756570816040039,-0.5746396780014038,0.11920565366744995,-0.2674484848976135,-0.6607021689414978,0.4678957164287567,0.16278892755508423,0.33853599429130554,-0.395425945520401,-0.05701359361410141,-0.30082422494888306,0.08911389112472534,0.5347630977630615,0.3509324789047241,0.5825072526931763,-0.2746957540512085,0.1544417440891266,0.21773231029510498,0.06022706627845764,-0.31617605686187744,-0.08067059516906738,-0.15822967886924744,-0.14381688833236694,-0.08418935537338257,-0.040617793798446655,-0.2763402760028839,-0.11524727940559387,-0.03020608425140381,-0.4092620015144348,-0.042517781257629395,-0.14052793383598328,0.10500714182853699,0.624762237071991,0.10027188062667847,-0.09033143520355225,-0.7522854208946228,0.16745638847351074
0.22256097197532654,-0.34394824504852295,0.012375056743621826,-0.4391939640045166,-0.32372963428497314,-0.06977957487106323,-0.25986146926879883,0.384465754032135,-0.253596693277359,-0.06255567073822021,-0.11087304353713989,-0.020643174648284912,-0.13979816436767578,0.024068772792816162,-0.24432885646820068,0.04384768009185791,-0.11609770357608795,0.04944884777069092,-0.06132391095161438,0.09533485025167465,0.22271841764450073,0.21327129006385803,0.26933717727661133,0.5452426671981812,0.47750282287597656,0.0024400949478149414,-0.23887428641319275,0.45800429582595825,0.39659520983695984,-0.11732922494411469,0.08519582450389862,0.07909771800041199,0.007982373237609863,0.040104448795318604,-0.15734821557998657,-0.11837458610534668,0.14869655668735504,0.08884519338607788,0.1829872727394104,-0.2515704035758972,0.028211206197738647,-0.5019879937171936,0.7453051209449768,0.3374437093734741,0.35602515935897827,-0.22575366497039795,0.36158061027526855,-0.08128947019577026,0.12162038683891296,0.12334293127059937,-0.05804877355694771,-0.44471657276153564,0.3129059374332428,0.42043939232826233,-0.2531663775444031,-0.06756210327148438,0.03420274332165718,0.13247337937355042,0.12647166848182678,-0.460263729095459,-0.18620681762695312,0.24494555592536926,-0.5052036046981812,-0.05198550224304199,-0.5769932270050049,0.12440454959869385,-0.26039397716522217,-0.6859164834022522,0.46259352564811707,0.1591898798942566,0.34149959683418274,-0.3548423945903778,-0.07735873013734818,-0.2925288677215576,0.07335448265075684,0.5011882185935974,0.31224918365478516,0.5908748507499695,-0.30770981311798096,0.19025519490242004,0.23423469066619873,0.07837304472923279,-0.3203115463256836,-0.08800429105758667,-0.1468280404806137,-0.1933925747871399,-0.10729247331619263,-0.03809934854507446,-0.24786169826984406,-0.0874767005443573,-0.023072481155395508,-0.3964848220348358,-0.02452443540096283,-0.15417218208312988,0.13912370800971985,0.645355761051178,0.11058780550956726,-0.12008517980575562,-0.750094473361969,0.16897797584533691
0.2307073473930359,-0.35435032844543457,0.0028874874114990234,-0.4635469913482666,-0.3370232582092285,-0.07389193773269653,-0.2678845226764679,0.3937651813030243,-0.2536952495574951,-0.05371716618537903,-0.12084279954433441,-0.013371288776397705,-0.14965632557868958,0.04001021385192871,-0.24551355838775635,0.04269114136695862,-0.13086916506290436,0.05866342782974243,-0.06512019038200378,0.11038690060377121,0.2232922911643982,0.21453744173049927,0.28123170137405396,0.5542864799499512,0.5002050399780273,0.01661708950996399,-0.25228506326675415,0.45518743991851807,0.4020163416862488,-0.12409768998622894,0.08438687026500702,0.08877876400947571,0.009382188320159912,0.04714757204055786,-0.15839695930480957,-0.12946468591690063,0.16106565296649933,0.09218418598175049,0.1896030306816101,-0.24997097253799438,0.03044205904006958,-0.508277177810669,0.7504136562347412,0.34858518838882446,0.3637402355670929,-0.22241337597370148,0.3719147741794586,-0.09294003248214722,0.131620392203331,0.1309870183467865,-0.07147660851478577,-0.45105957984924316,0.32155367732048035,0.43855786323547363,-0.24375635385513306,-0.06912404298782349,0.023375455290079117,0.12353167682886124,0.1340300738811493,-0.47784578800201416,-0.200386643409729,0.26032716035842896,-0.5226578712463379,-0.06155979633331299,-0.5940804481506348,0.12875956296920776,-0.26286423206329346,-0.700797438621521,0.48123684525489807,0.16623002290725708,0.3526632487773895,-0.355733722448349,-0.09058940410614014,-0.30017948150634766,0.07828807830810547,0.5174071788787842,0.31050848960876465,0.6037854552268982,-0.309323787689209,0.19513028860092163,0.23624658584594727,0.07246780395507812,-0.3466496467590332,-0.0815536379814148,-0.15384288132190704,-0.20628295838832855,-0.11599808931350708,-0.02915637195110321,-0.26054805517196655,-0.07611960172653198,-0.026468127965927124,-0.41654419898986816,-0.03040716052055359,-0.14826563000679016,0.13841959834098816,0.6748493909835815,0.11752766370773315,-0.12662863731384277,-0.7886848449707031,0.1838688850402832
0.22386237978935242,-0.3555700182914734,0.02714228630065918,-0.4302716553211212,-0.3165547549724579,-0.06673628091812134,-0.2649274170398712,0.38733839988708496,-0.2677163779735565,-0.07755172252655029,-0.1050119698047638,-0.026138246059417725,-0.1215808093547821,0.010938286781311035,-0.262210488319397,0.050379782915115356,-0.10204829275608063,0.05393216013908386,-0.05812928080558777,0.10010802000761032,0.2349499762058258,0.22046296298503876,0.2604939341545105,0.5679329037666321,0.48435837030410767,-2.047419548034668e-05,-0.2664298713207245,0.4740362763404846,0.3959958553314209,-0.11947537958621979,0.07859037816524506,0.06962937116622925,0.006546497344970703,0.04687553644180298,-0.16094869375228882,-0.10592988133430481,0.15381892025470734,0.08898957073688507,0.1984967589378357,-0.2681592106819153,0.02692091464996338,-0.5007172226905823,0.7558751106262207,0.3390079438686371,0.3664594888687134,-0.23559409379959106,0.3706382215023041,-0.06410133838653564,0.11553433537483215,0.11726605892181396,-0.053099993616342545,-0.452271044254303,0.324945330619812,0.41170141100883484,-0.2615428566932678,-0.07883882522583008,0.036993492394685745,0.14582481980323792,0.13295631110668182,-0.4521365165710449,-0.19616472721099854,0.2570267915725708,-0.5166628360748291,-0.04357719421386719,-0.5771034955978394,0.12458562850952148,-0.2645397484302521,-0.6796345114707947,0.4676637351512909,0.16056382656097412,0.3429296910762787,-0.37658146023750305,-0.06503058969974518,-0.2958351969718933,0.0773889422416687,0.5142356157302856,0.3296027183532715,0.5948468446731567,-0.30178579688072205,0.18711727857589722,0.22500824928283691,0.0754912793636322,-0.3072960376739502,-0.09153622388839722,-0.1616690754890442,-0.18631720542907715,-0.10075613856315613,-0.04239630699157715,-0.2597118020057678,-0.1021047830581665,-0.02472507953643799,-0.40299192070961,-0.03341174125671387,-0.15010443329811096,0.13043645024299622,0.6449451446533203,0.10605388879776001,-0.10936695337295532,-0.7501475811004639,0.16548752784729004
0.23250538110733032,-0.34751060605049133,0.007712066173553467,-0.44156673550605774,-0.3251369893550873,-0.07031786441802979,-0.25994873046875,0.3914467692375183,-0.2589680850505829,-0.0632445216178894,-0.11159253120422363,-0.01991724967956543,-0.1440657675266266,0.02962353825569153,-0.24318885803222656,0.044175028800964355,-0.11468645930290222,0.049154967069625854,-0.06162664294242859,0.10605677217245102,0.22402268648147583,0.21218770742416382,0.2745704650878906,0.5490727424621582,0.48468685150146484,0.005736649036407471,-0.24459406733512878,0.46040409803390503,0.399982213973999,-0.11484627425670624,0.08163754642009735,0.08297932147979736,0.0038021206855773926,0.0387725830078125,-0.16308501362800598,-0.11622542142868042,0.15683859586715698,0.09581214189529419,0.18320661783218384,-0.2576014995574951,0.027346789836883545,-0.5117674469947815,0.7548704147338867,0.33863604068756104,0.3659214973449707,-0.2298557013273239,0.36982062458992004,-0.08058315515518188,0.12035548686981201,0.1204274594783783,-0.056065354496240616,-0.45597779750823975,0.321401983499527,0.42734912037849426,-0.25205516815185547,-0.06652221083641052,0.03453091159462929,0.13516613841056824,0.12091681361198425,-0.46700191497802734,-0.19320237636566162,0.2501392662525177,-0.5126912593841553,-0.04895162582397461,-0.5840390920639038,0.12722259759902954,-0.26688140630722046,-0.6958667635917664,0.46762770414352417,0.16189372539520264,0.3469708561897278,-0.3643592894077301,-0.07743934541940689,-0.3011035919189453,0.07417553663253784,0.5136521458625793,0.32217592000961304,0.5952211618423462,-0.30842775106430054,0.1860082745552063,0.2446603775024414,0.07729548215866089,-0.33232176303863525,-0.08249253034591675,-0.14589954912662506,-0.1886516958475113,-0.10501253604888916,-0.04006554186344147,-0.2510136365890503,-0.0873834490776062,-0.02318611741065979,-0.40580347180366516,-0.026985853910446167,-0.15622153878211975,0.13823235034942627,0.6558930277824402,0.10687804222106934,-0.12580442428588867,-0.7650129795074463,0.17643046379089355
0.24630078673362732,-0.34371137619018555,0.008026659488677979,-0.4352910816669464,-0.3167932331562042,-0.08584550023078918,-0.2473854422569275,0.3859909176826477,-0.2674023509025574,-0.06597349047660828,-0.11869971454143524,-0.025753319263458252,-0.14330708980560303,0.025534987449645996,-0.22796010971069336,0.029081255197525024,-0.12135814130306244,0.052631497383117676,-0.0571880042552948,0.1195916011929512,0.2186468243598938,0.20286035537719727,0.274980366230011,0.5545116662979126,0.4865853190422058,0.016214430332183838,-0.24953585863113403,0.45635586977005005,0.4050270915031433,-0.0970274955034256,0.07127992808818817,0.08391425013542175,-0.00457841157913208,0.044560641050338745,-0.17321422696113586,-0.11013010144233704,0.16851508617401123,0.11423176527023315,0.17052721977233887,-0.26783156394958496,0.013106703758239746,-0.5030185580253601,0.7540518045425415,0.32760512828826904,0.379824161529541,-0.2272462099790573,0.38004186749458313,-0.07105058431625366,0.11390732228755951,0.10732762515544891,-0.03381842374801636,-0.46182048320770264,0.3159022927284241,0.4257626533508301,-0.24223268032073975,-0.07579019665718079,0.03277390077710152,0.13213950395584106,0.10560114681720734,-0.48356008529663086,-0.20203006267547607,0.2482924461364746,-0.5146081447601318,-0.05314970016479492,-0.5933161973953247,0.12209552526473999,-0.2705952525138855,-0.7013153433799744,0.4799360930919647,0.167718768119812,0.3481454849243164,-0.36849910020828247,-0.0783892422914505,-0.30951517820358276,0.08700042963027954,0.5311421155929565,0.32908564805984497,0.5965401530265808,-0.2986931800842285,0.16059765219688416,0.2540910243988037,0.06562024354934692,-0.352968692779541,-0.0781475305557251,-0.1275642216205597,-0.16052883863449097,-0.0906466543674469,-0.03843127191066742,-0.2594074010848999,-0.09593459963798523,-0.025382965803146362,-0.4064798951148987,-0.023701190948486328,-0.15811267495155334,0.12968021631240845,0.6461214423179626,0.11350345611572266,-0.11282914876937866,-0.7695322632789612,0.18642735481262207
0.22447550296783447,-0.34876570105552673,0.01918315887451172,-0.43278011679649353,-0.32102492451667786,-0.06557226181030273,-0.26212140917778015,0.3893510699272156,-0.2631935477256775,-0.07153064012527466,-0.1045302003622055,-0.024265706539154053,-0.1343735158443451,0.016886025667190552,-0.2545844316482544,0.04962068796157837,-0.10358791053295135,0.04650503396987915,-0.06023973226547241,0.0947936549782753,0.23058366775512695,0.21900713443756104,0.26686644554138184,0.5562994480133057,0.47896236181259155,-0.005198031663894653,-0.24699172377586365,0.47167956829071045,0.3993823528289795,-0.11741216480731964,0.08479146659374237,0.07421597838401794,0.006310880184173584,0.03713226318359375,-0.16082480549812317,-0.11001312732696533,0.1488533318042755,0.08781847357749939,0.18905192613601685,-0.26197171211242676,0.02939671277999878,-0.511289656162262,0.7601286172866821,0.33842214941978455,0.362631231546402,-0.23472978174686432,0.36701610684394836,-0.07235580682754517,0.11578011512756348,0.12054204940795898,-0.054175663739442825,-0.45382392406463623,0.3222731947898865,0.41792842745780945,-0.264432817697525,-0.06876492500305176,0.04089357331395149,0.14475002884864807,0.12495099008083344,-0.45637834072113037,-0.1874995231628418,0.24770274758338928,-0.510884702205658,-0.042348504066467285,-0.5774099826812744,0.12643158435821533,-0.2674548625946045,-0.6886163353919983,0.46250054240226746,0.16010349988937378,0.3436925709247589,-0.37009936571121216,-0.06817571073770523,-0.29705172777175903,0.07051384449005127,0.5074982643127441,0.3266121745109558,0.5949336290359497,-0.31072092056274414,0.19158172607421875,0.2374577522277832,0.08228906989097595,-0.3107919692993164,-0.09129542112350464,-0.15204422175884247,-0.1910688877105713,-0.10379868745803833,-0.045551806688308716,-0.24951796233654022,-0.09665632247924805,-0.021633297204971313,-0.39828336238861084,-0.027484029531478882,-0.15795522928237915,0.13945183157920837,0.6469539403915405,0.10421165823936462,-0.11984175443649292,-0.7476550340652466,0.16537857055664062
0.25414302945137024,-0.3439617455005646,0.0010596513748168945,-0.43914276361465454,-0.3224905729293823,-0.08548974990844727,-0.2484239637851715,0.3917018175125122,-0.26921430230140686,-0.0608387291431427,-0.12086857855319977,-0.025756478309631348,-0.15897051990032196,0.0279008150100708,-0.2242528200149536,0.031958967447280884,-0.12003707885742188,0.04706326127052307,-0.056234389543533325,0.11510714143514633,0.2205178141593933,0.2071080058813095,0.2829113006591797,0.5560842156410217,0.48757925629615784,0.011405497789382935,-0.23553282022476196,0.4642001986503601,0.4132959842681885,-0.09532995522022247,0.07707206904888153,0.08601409196853638,-0.006792962551116943,0.034123748540878296,-0.17969131469726562,-0.10879656672477722,0.16845400631427765,0.116972416639328,0.1658186912536621,-0.27056658267974854,0.013341188430786133,-0.5222350358963013,0.7709867358207703,0.33329614996910095,0.38715997338294983,-0.23549342155456543,0.38259124755859375,-0.07545226812362671,0.1119031310081482,0.1056043803691864,-0.030483588576316833,-0.4760080575942993,0.32061830163002014,0.4342639148235321,-0.2513253688812256,-0.06733259558677673,0.0400954969227314,0.13729161024093628,0.10054048895835876,-0.49503934383392334,-0.19545555114746094,0.24695877730846405,-0.5181586146354675,-0.05056595802307129,-0.6022245287895203,0.126725435256958,-0.2786506414413452,-0.7188263535499573,0.47950777411460876,0.16748809814453125,0.3543996512889862,-0.37580814957618713,-0.08120201528072357,-0.3153928518295288,0.08178097009658813,0.5372799038887024,0.33687472343444824,0.605861246585846,-0.31222063302993774,0.1650242805480957,0.2727304697036743,0.06985306739807129,-0.35687220096588135,-0.07887250185012817,-0.12190648913383484,-0.16101837158203125,-0.0896032452583313,-0.04363609850406647,-0.25314944982528687,-0.09696894884109497,-0.023928731679916382,-0.4087056517601013,-0.016206085681915283,-0.17063692212104797,0.14127665758132935,0.6555848717689514,0.11161541938781738,-0.12735778093338013,-0.7762420177459717,0.19003629684448242
0.23307326436042786,-0.3539600670337677,-0.003285527229309082,-0.4669489562511444,-0.3402757942676544,-0.07503491640090942,-0.26589563488960266,0.3944035768508911,-0.2525066137313843,-0.04959750175476074,-0.12254612147808075,-0.012089788913726807,-0.15904632210731506,0.041285425424575806,-0.2410721778869629,0.04314330220222473,-0.1360492706298828,0.05630531907081604,-0.06498977541923523,0.1098267063498497,0.22332105040550232,0.21379943192005157,0.28542548418045044,0.5526798963546753,0.4989454746246338,0.01632341742515564,-0.2416251301765442,0.45491641759872437,0.4065351188182831,-0.1237090677022934,0.08630488812923431,0.09286615252494812,0.008468985557556152,0.044471412897109985,-0.16073963046073914,-0.13142934441566467,0.16056609153747559,0.09413795173168182,0.1843438744544983,-0.24614030122756958,0.02652949094772339,-0.5132322907447815,0.7555078268051147,0.3501184582710266,0.3663088083267212,-0.22300854325294495,0.3733290433883667,-0.09766113758087158,0.13318310678005219,0.13330212235450745,-0.06780648231506348,-0.4557151794433594,0.3205219507217407,0.4441964626312256,-0.24284148216247559,-0.06615674495697021,0.024434123188257217,0.12153739482164383,0.12862630188465118,-0.48360466957092285,-0.19709718227386475,0.2564469277858734,-0.5210880041122437,-0.06231284141540527,-0.5980781316757202,0.12898188829421997,-0.2648504972457886,-0.7094871401786804,0.48331791162490845,0.1678345799446106,0.35592907667160034,-0.35272037982940674,-0.09327583014965057,-0.30121248960494995,0.0797269344329834,0.5176640748977661,0.3091334104537964,0.6060596108436584,-0.3140889108181,0.19593600928783417,0.24315261840820312,0.0725327730178833,-0.35286223888397217,-0.08103138208389282,-0.14845742285251617,-0.2043343484401703,-0.11658662557601929,-0.030677780508995056,-0.2570992708206177,-0.07413807511329651,-0.025661230087280273,-0.4188951849937439,-0.027445852756500244,-0.15443509817123413,0.14252963662147522,0.677627682685852,0.11945372819900513,-0.13230037689208984,-0.792188823223114,0.1884016990661621
0.24152514338493347,-0.3588523268699646,0.038811326026916504,-0.40478554368019104,-0.29229971766471863,-0.07440999150276184,-0.2532491385936737,0.38005608320236206,-0.2839753031730652,-0.09247395396232605,-0.10384052991867065,-0.03495281934738159,-0.09798678755760193,0.002238661050796509,-0.2577916383743286,0.04276737570762634,-0.09044747054576874,0.06201577186584473,-0.05208352208137512,0.12674623727798462,0.23494815826416016,0.211078941822052,0.25249165296554565,0.578369677066803,0.48187440633773804,0.009899049997329712,-0.2974421977996826,0.4701976776123047,0.3902488052845001,-0.10093237459659576,0.05311034619808197,0.06620219349861145,-0.008932173252105713,0.060454607009887695,-0.1727130115032196,-0.08411914110183716,0.1729165017604828,0.11364050209522247,0.20057064294815063,-0.2935461699962616,0.010908916592597961,-0.4826599657535553,0.7455968856811523,0.3192840814590454,0.38370251655578613,-0.23986351490020752,0.37975749373435974,-0.04065597057342529,0.10041627287864685,0.09223508834838867,-0.02759028971195221,-0.4589945673942566,0.3313972055912018,0.3933042287826538,-0.24861431121826172,-0.09115225076675415,0.03393055871129036,0.15140753984451294,0.1213148832321167,-0.4438002109527588,-0.2167654037475586,0.26705262064933777,-0.5182609558105469,-0.0364152193069458,-0.5749304890632629,0.11924540996551514,-0.26856523752212524,-0.6620218753814697,0.46697720885276794,0.16232633590698242,0.33894240856170654,-0.3972656726837158,-0.05610828101634979,-0.30088722705841064,0.0891309380531311,0.5350726842880249,0.35235798358917236,0.5834556221961975,-0.27631595730781555,0.15424883365631104,0.21963179111480713,0.06057804822921753,-0.31416594982147217,-0.08199429512023926,-0.15711407363414764,-0.14154532551765442,-0.08309447765350342,-0.04234917461872101,-0.27478769421577454,-0.11723151803016663,-0.029723674058914185,-0.407934308052063,-0.040885359048843384,-0.14327159523963928,0.1063866913318634,0.6231657266616821,0.1001313328742981,-0.09100073575973511,-0.7499189376831055,0.1664257049560547
0.2176699936389923,-0.35133135318756104,0.011863946914672852,-0.4541488587856293,-0.3304397463798523,-0.07226294279098511,-0.2637011706829071,0.3890905976295471,-0.25383371114730835,-0.06460314989089966,-0.11503630876541138,-0.016709864139556885,-0.13366040587425232,0.026856064796447754,-0.2523912191390991,0.04243853688240051,-0.12682418525218964,0.056907981634140015,-0.06455665826797485,0.10304980725049973,0.22427669167518616,0.2133597731590271,0.2681443691253662,0.5535732507705688,0.49410876631736755,0.010889381170272827,-0.2538996934890747,0.4572180509567261,0.3967662751674652,-0.12452621757984161,0.08541540801525116,0.08091434836387634,0.014208316802978516,0.051123470067977905,-0.1519639790058136,-0.12922152876853943,0.15221531689167023,0.08302587270736694,0.1893213987350464,-0.24510391056537628,0.029235422611236572,-0.49361178278923035,0.74394291639328,0.34476524591445923,0.35499444603919983,-0.2185068428516388,0.37054482102394104,-0.08378863334655762,0.13249170780181885,0.13502711057662964,-0.06809702515602112,-0.43810057640075684,0.3119128346443176,0.4303235113620758,-0.2452802062034607,-0.07838761806488037,0.025195110589265823,0.12496133893728256,0.1344367265701294,-0.46559762954711914,-0.19597196578979492,0.25146520137786865,-0.5154263973236084,-0.06015825271606445,-0.5821046829223633,0.12374675273895264,-0.25431114435195923,-0.6885867118835449,0.4819474518299103,0.16460531949996948,0.34526461362838745,-0.3486371636390686,-0.07956133782863617,-0.2959849238395691,0.08392590284347534,0.5063192844390869,0.3034159541130066,0.5962498188018799,-0.30377641320228577,0.193194180727005,0.22347211837768555,0.07362258434295654,-0.3314245939254761,-0.08713501691818237,-0.1559033840894699,-0.2071230262517929,-0.11196810007095337,-0.031100496649742126,-0.2588847875595093,-0.08377060294151306,-0.023985236883163452,-0.40627321600914,-0.03425043821334839,-0.1432877480983734,0.13266226649284363,0.6604646444320679,0.11851948499679565,-0.11036038398742676,-0.7667320370674133,0.17814922332763672
0.22977226972579956,-0.34968888759613037,0.01309436559677124,-0.43811604380607605,-0.32013586163520813,-0.07100087404251099,-0.2592756748199463,0.38816821575164795,-0.26038044691085815,-0.06822654604911804,-0.11098653078079224,-0.020561277866363525,-0.13199296593666077,0.02662479877471924,-0.24596238136291504,0.04215770959854126,-0.11394830048084259,0.05396774411201477,-0.061545759439468384,0.11095880717039108,0.22398072481155396,0.21008974313735962,0.269897997379303,0.551638126373291,0.48612451553344727,0.009596109390258789,-0.2573001980781555,0.4568953514099121,0.39525601267814636,-0.11475913226604462,0.07585136592388153,0.08097156882286072,0.004417896270751953,0.04653686285018921,-0.16047397255897522,-0.11509889364242554,0.1594502329826355,0.09668590128421783,0.1879289150238037,-0.25940263271331787,0.025593802332878113,-0.49917832016944885,0.7454043030738831,0.33520960807800293,0.36426326632499695,-0.2264437973499298,0.36976316571235657,-0.07518261671066284,0.12025508284568787,0.11925992369651794,-0.05619556084275246,-0.4486135244369507,0.31994688510894775,0.4215671122074127,-0.24603188037872314,-0.07355442643165588,0.029612917453050613,0.1334996521472931,0.1244625449180603,-0.4606064558029175,-0.19999337196350098,0.2534695565700531,-0.5125377774238586,-0.05044138431549072,-0.579938530921936,0.1251925826072693,-0.2628018856048584,-0.684458315372467,0.46901023387908936,0.1618412733078003,0.3437487483024597,-0.3636450171470642,-0.0754443109035492,-0.2989845275878906,0.07878875732421875,0.5134462118148804,0.32101380825042725,0.5903470516204834,-0.2984531819820404,0.18092668056488037,0.233009934425354,0.07303887605667114,-0.330394983291626,-0.08164966106414795,-0.15085358917713165,-0.18510302901268005,-0.10419800877571106,-0.03635096549987793,-0.257113516330719,-0.08941957354545593,-0.02479955554008484,-0.40634632110595703,-0.032187119126319885,-0.14824262261390686,0.12946400046348572,0.6502577662467957,0.10771864652633667,-0.1157798171043396,-0.7636158466339111,0.17539000511169434
0.22837099432945251,-0.3598839342594147,0.023050665855407715,-0.44212251901626587,-0.32183268666267395,-0.07000648975372314,-0.2656019628047943,0.3919590711593628,-0.2687821090221405,-0.07546821236610413,-0.10982894897460938,-0.023580193519592285,-0.12273964285850525,0.018439143896102905,-0.25997233390808105,0.046535640954971313,-0.10954168438911438,0.05883759260177612,-0.0608711838722229,0.11029063910245895,0.23324161767959595,0.2180025577545166,0.26636016368865967,0.5705935955047607,0.49600735306739807,0.007363766431808472,-0.2734375298023224,0.47058457136154175,0.39862698316574097,-0.11896075308322906,0.07725392282009125,0.07421430945396423,0.007010340690612793,0.05141064524650574,-0.16001766920089722,-0.11223313212394714,0.16007491946220398,0.09222620725631714,0.19903284311294556,-0.2677643895149231,0.027043074369430542,-0.5004794001579285,0.7567857503890991,0.34127211570739746,0.36888810992240906,-0.2316671460866928,0.37667161226272583,-0.06889843940734863,0.12065604329109192,0.12120437622070312,-0.05846676602959633,-0.4514753818511963,0.3268280625343323,0.42157885432243347,-0.25416481494903564,-0.08096382021903992,0.030672285705804825,0.14075720310211182,0.13414366543293,-0.460779070854187,-0.20424127578735352,0.2620593011379242,-0.5242955684661865,-0.04907810688018799,-0.5851998925209045,0.12662863731384277,-0.2642408013343811,-0.6863971948623657,0.4784334897994995,0.16414111852645874,0.3477837145328522,-0.3742455542087555,-0.07118149846792221,-0.3019081950187683,0.08118283748626709,0.5219076871871948,0.3276209831237793,0.5998809933662415,-0.29999807476997375,0.18647456169128418,0.22578907012939453,0.0730665922164917,-0.3231252431869507,-0.08717489242553711,-0.16253240406513214,-0.1913164258003235,-0.1049770712852478,-0.03685396909713745,-0.2669317126274109,-0.09723883867263794,-0.025891810655593872,-0.411528080701828,-0.03752774000167847,-0.1457110047340393,0.12776708602905273,0.6571137309074402,0.10988014936447144,-0.10860645771026611,-0.7690925598144531,0.17345070838928223
0.24152514338493347,-0.3588523268699646,0.038811326026916504,-0.40478554368019104,-0.29229971766471863,-0.07440999150276184,-0.2532491385936737,0.38005608320236206,-0.2839753031730652,-0.09247395396232605,-0.10384052991867065,-0.03495281934738159,-0.09798678755760193,0.002238661050796509,-0.2577916383743286,0.04276737570762634,-0.09044747054576874,0.06201577186584473,-0.05208352208137512,0.12674623727798462,0.23494815826416016,0.211078941822052,0.25249165296554565,0.578369677066803,0.48187440633773804,0.009899049997329712,-0.2974421977996826,0.4701976776123047,0.3902488052845001,-0.10093237459659576,0.05311034619808197,0.06620219349861145,-0.008932173252105713,0.060454607009887695,-0.1727130115032196,-0.08411914110183716,0.1729165017604828,0.11364050209522247,0.20057064294815063,-0.2935461699962616,0.010908916592597961,-0.4826599657535553,0.7455968856811523,0.3192840814590454,0.38370251655578613,-0.23986351490020752,0.37975749373435974,-0.04065597057342529,0.10041627287864685,0.09223508834838867,-0.02759028971195221,-0.4589945673942566,0.3313972055912018,0.3933042287826538,-0.24861431121826172,-0.09115225076675415,0.03393055871129036,0.15140753984451294,0.1213148832321167,-0.4438002109527588,-0.2167654037475586,0.26705262064933777,-0.5182609558105469,-0.0364152193069458,-0.5749304890632629,0.11924540996551514,-0.26856523752212524,-0.6620218753814697,0.46697720885276794,0.16232633590698242,0.33894240856170654,-0.3972656726837158,-0.05610828101634979,-0.30088722705841064,0.0891309380531311,0.5350726842880249,0.35235798358917236,0.5834556221961975,-0.27631595730781555,0.15424883365631104,0.21963179111480713,0.06057804822921753,-0.31416594982147217,-0.08199429512023926,-0.15711407363414764,-0.14154532551765442,-0.08309447765350342,-0.04234917461872101,-0.27478769421577454,-0.11723151803016663,-0.029723674058914185,-0.407934308052063,-0.040885359048843384,-0.14327159523963928,0.1063866913318634,0.6231657266616821,0.1001313328742981,-0.09100073575973511,-0.7499189376831055,0.1664257049560547
0.21424245834350586,-0.35978156328201294,0.009007930755615234,-0.4686477482318878,-0.3397471010684967,-0.07092803716659546,-0.2722700238227844,0.3887157738208771,-0.24986720085144043,-0.05485421419143677,-0.12095868587493896,-0.010482966899871826,-0.14183634519577026,0.030969351530075073,-0.25785863399505615,0.04889306426048279,-0.13742241263389587,0.06430566310882568,-0.06523892283439636,0.10195539146661758,0.22914284467697144,0.22062253952026367,0.27355360984802246,0.5601258277893066,0.501103401184082,0.01513323187828064,-0.255738228559494,0.45616859197616577,0.3984951674938202,-0.13605014979839325,0.08820657432079315,0.08572807908058167,0.018270492553710938,0.05648234486579895,-0.14889293909072876,-0.1349659264087677,0.1519937962293625,0.07901658117771149,0.19788992404937744,-0.2390000969171524,0.02938699722290039,-0.4936990439891815,0.7428870797157288,0.3539215624332428,0.3542715013027191,-0.21760419011116028,0.3684515058994293,-0.09499657154083252,0.13800053298473358,0.14312881231307983,-0.07887065410614014,-0.4379204511642456,0.3170492649078369,0.43504568934440613,-0.2429044246673584,-0.0760071873664856,0.018802601844072342,0.11914821714162827,0.14734871685504913,-0.4682483673095703,-0.19817769527435303,0.2605142295360565,-0.5200163722038269,-0.06583082675933838,-0.5877953767776489,0.12542831897735596,-0.25367528200149536,-0.690070629119873,0.48552125692367554,0.1664520502090454,0.3506011664867401,-0.3447149395942688,-0.08930087089538574,-0.28970587253570557,0.08378404378890991,0.5050700902938843,0.29622888565063477,0.6023169159889221,-0.30781376361846924,0.2072831094264984,0.21423351764678955,0.07053136825561523,-0.333202600479126,-0.0892496109008789,-0.1667937934398651,-0.21960806846618652,-0.12459009885787964,-0.025652438402175903,-0.2638419270515442,-0.07548639178276062,-0.026709675788879395,-0.41660261154174805,-0.035325318574905396,-0.1421605944633484,0.1368577778339386,0.6730608940124512,0.12470251321792603,-0.11727970838546753,-0.7809590697288513,0.17983198165893555
0.20452472567558289,-0.3566640615463257,0.019435584545135498,-0.4509735405445099,-0.3304230570793152,-0.06331771612167358,-0.27294984459877014,0.38507694005966187,-0.24915921688079834,-0.06580200791358948,-0.11088845133781433,-0.01316899061203003,-0.12393102049827576,0.02197057008743286,-0.2672997713088989,0.05246114730834961,-0.12232337892055511,0.06049463152885437,-0.06570035219192505,0.0946900025010109,0.2304936647415161,0.22135205566883087,0.2626444101333618,0.5543785095214844,0.4899975061416626,0.006573081016540527,-0.262177050113678,0.4563191533088684,0.38933125138282776,-0.13780681788921356,0.08570991456508636,0.07914063334465027,0.02091008424758911,0.05588430166244507,-0.14348939061164856,-0.1285153031349182,0.14437466859817505,0.071657195687294,0.20391422510147095,-0.24082323908805847,0.034499406814575195,-0.48504316806793213,0.7336499094963074,0.3479311764240265,0.3446996808052063,-0.21833845973014832,0.3607545495033264,-0.0849652886390686,0.13304446637630463,0.14089009165763855,-0.07899914681911469,-0.4277760982513428,0.3146640658378601,0.4193926751613617,-0.24807876348495483,-0.07778733968734741,0.020750317722558975,0.12617787718772888,0.151067852973938,-0.4455684423446655,-0.19489336013793945,0.2568507790565491,-0.5113288164138794,-0.058120131492614746,-0.5708501935005188,0.12411510944366455,-0.24945497512817383,-0.6694054007530212,0.4698256254196167,0.15989214181900024,0.3396264314651489,-0.34667760133743286,-0.07757480442523956,-0.2818365693092346,0.07837080955505371,0.4918937087059021,0.2979825735092163,0.5902856588363647,-0.300711452960968,0.20624110102653503,0.20187973976135254,0.07510510087013245,-0.30869030952453613,-0.09281301498413086,-0.17380134761333466,-0.2179923951625824,-0.12231028079986572,-0.029603272676467896,-0.2597135901451111,-0.08092555403709412,-0.025065362453460693,-0.40471574664115906,-0.03837008774280548,-0.1373245120048523,0.13034239411354065,0.6564163565635681,0.11625170707702637,-0.109730064868927,-0.7563064098358154,0.16523957252502441
0.22659888863563538,-0.35629531741142273,0.009496688842773438,-0.4569098949432373,-0.3329842686653137,-0.07341116666793823,-0.2669576406478882,0.3916517496109009,-0.2575524151325226,-0.06041330099105835,-0.11782784759998322,-0.016263842582702637,-0.14203834533691406,0.029665738344192505,-0.2508803606033325,0.04461374878883362,-0.12712296843528748,0.05895015597343445,-0.06294921040534973,0.10680212825536728,0.2278047502040863,0.21651646494865417,0.2748899459838867,0.5602720379829407,0.4975346624851227,0.013121604919433594,-0.25642460584640503,0.4602358341217041,0.40155303478240967,-0.1240575760602951,0.08336542546749115,0.08409333229064941,0.01100313663482666,0.04944029450416565,-0.15818819403648376,-0.12472561001777649,0.15825921297073364,0.09049616754055023,0.19229543209075928,-0.2522384524345398,0.02749001979827881,-0.5034464001655579,0.7525741457939148,0.34785041213035583,0.36472100019454956,-0.22463317215442657,0.3733798861503601,-0.08536237478256226,0.1287592649459839,0.1298637092113495,-0.06520545482635498,-0.4500354528427124,0.3213469088077545,0.43254122138023376,-0.2471570372581482,-0.0748501718044281,0.025133240967988968,0.12825661897659302,0.13484545052051544,-0.4724501371383667,-0.19972610473632812,0.25848671793937683,-0.5211119651794434,-0.05869877338409424,-0.5903531908988953,0.12645888328552246,-0.2619057297706604,-0.6960816383361816,0.48096963763237,0.16584432125091553,0.3504176139831543,-0.3589257597923279,-0.08384391665458679,-0.2982206344604492,0.08143258094787598,0.5162146091461182,0.3125663995742798,0.6027175784111023,-0.3071324825286865,0.19336843490600586,0.2308216094970703,0.07154449820518494,-0.336553692817688,-0.08569663763046265,-0.1564650982618332,-0.2016717940568924,-0.11283588409423828,-0.031977906823158264,-0.2620618939399719,-0.08348658680915833,-0.0260775089263916,-0.4138648509979248,-0.0316166877746582,-0.14869838953018188,0.13599595427513123,0.6675326228141785,0.11755234003067017,-0.1192169189453125,-0.7787423729896545,0.18041133880615234
0.24152514338493347,-0.3588523268699646,0.038811326026916504,-0.40478554368019104,-0.29229971766471863,-0.07440999150276184,-0.2532491385936737,0.38005608320236206,-0.2839753031730652,-0.09247395396232605,-0.10384052991867065,-0.03495281934738159,-0.09798678755760193,0.002238661050796509,-0.2577916383743286,0.04276737570762634,-0.09044747054576874,0.06201577186584473,-0.05208352208137512,0.12674623727798462,0.23494815826416016,0.211078941822052,0.25249165296554565,0.578369677066803,0.48187440633773804,0.009899049997329712,-0.2974421977996826,0.4701976776123047,0.3902488052845001,-0.10093237459659576,0.05311034619808197,0.06620219349861145,-0.008932173252105713,0.060454607009887695,-0.1727130115032196,-0.08411914110183716,0.1729165017604828,0.11364050209522247,0.20057064294815063,-0.2935461699962616,0.010908916592597961,-0.4826599657535553,0.7455968856811523,0.3192840814590454,0.38370251655578613,-0.23986351490020752,0.37975749373435974,-0.04065597057342529,0.10041627287864685,0.09223508834838867,-0.02759028971195221,-0.4589945673942566,0.3313972055912018,0.3933042287826538,-0.24861431121826172,-0.09115225076675415,0.03393055871129036,0.15140753984451294,0.1213148832321167,-0.4438002109527588,-0.2167654037475586,0.26705262064933777,-0.5182609558105469,-0.0364152193069458,-0.5749304890632629,0.11924540996551514,-0.26856523752212524,-0.6620218753814697,0.46697720885276794,0.16232633590698242,0.33894240856170654,-0.3972656726837158,-0.05610828101634979,-0.30088722705841064,0.0891309380531311,0.5350726842880249,0.35235798358917236,0.5834556221961975,-0.27631595730781555,0.15424883365631104,0.21963179111480713,0.06057804822921753,-0.31416594982147217,-0.08199429512023926,-0.15711407363414764,-0.14154532551765442,-0.08309447765350342,-0.04234917461872101,-0.27478769421577454,-0.11723151803016663,-0.029723674058914185,-0.407934308052063,-0.040885359048843384,-0.14327159523963928,0.1063866913318634,0.6231657266616821,0.1001313328742981,-0.09100073575973511,-0.7499189376831055,0.1664257049560547
0.23444676399230957,-0.34799009561538696,0.00031751394271850586,-0.45742642879486084,-0.3333594501018524,-0.08012783527374268,-0.25751766562461853,0.3878747820854187,-0.2554358243942261,-0.052209675312042236,-0.12276321649551392,-0.017099440097808838,-0.156864732503891,0.033205777406692505,-0.2320265769958496,0.0366339385509491,-0.13433025777339935,0.05486178398132324,-0.06086269021034241,0.10750756412744522,0.22005122900009155,0.2100660353899002,0.2817033529281616,0.550925612449646,0.4916064143180847,0.015038877725601196,-0.23515045642852783,0.4541277289390564,0.40621623396873474,-0.11342789232730865,0.08460335433483124,0.08875599503517151,0.005273103713989258,0.04382738471031189,-0.16343379020690918,-0.12561464309692383,0.15892542898654938,0.09963884949684143,0.17498767375946045,-0.24967080354690552,0.02046826481819153,-0.5070842504501343,0.7529333233833313,0.3414355516433716,0.3680136203765869,-0.22302943468093872,0.3722456395626068,-0.09067881107330322,0.12696871161460876,0.1253596544265747,-0.05524123087525368,-0.4538689851760864,0.3139408230781555,0.4375371038913727,-0.24303579330444336,-0.06798994541168213,0.028649363666772842,0.12324022501707077,0.12063302099704742,-0.4857250452041626,-0.19363200664520264,0.24887312948703766,-0.5147365927696228,-0.06168544292449951,-0.5961799025535583,0.12584567070007324,-0.2649524211883545,-0.7071418166160583,0.48165199160575867,0.16687893867492676,0.35273680090904236,-0.35176196694374084,-0.09012509137392044,-0.30228132009506226,0.0820997953414917,0.5172985196113586,0.31092673540115356,0.6028785705566406,-0.310443639755249,0.1856229305267334,0.24636566638946533,0.07048428058624268,-0.35148608684539795,-0.08219379186630249,-0.13773970305919647,-0.19092422723770142,-0.1090848445892334,-0.03238755464553833,-0.25538575649261475,-0.08228248357772827,-0.025129646062850952,-0.4110298156738281,-0.02245768904685974,-0.1577770709991455,0.142337828874588,0.6626014709472656,0.12084704637527466,-0.12512516975402832,-0.7788429856300354,0.18732881546020508
0.26014772057533264,-0.33946913480758667,0.00825434923171997,-0.42280474305152893,-0.3076004981994629,-0.09855130314826965,-0.2354261577129364,0.3793931007385254,-0.27636417746543884,-0.0665203332901001,-0.12525376677513123,-0.03248077630996704,-0.14865437150001526,0.015253573656082153,-0.21347224712371826,0.01983731985092163,-0.12220403552055359,0.05284634232521057,-0.04833647608757019,0.12265843898057938,0.2175605297088623,0.19950756430625916,0.27389901876449585,0.5592701435089111,0.4820031523704529,0.019910603761672974,-0.2433990240097046,0.45802581310272217,0.41134560108184814,-0.0791432112455368,0.06461791694164276,0.08178415894508362,-0.013856768608093262,0.04356646537780762,-0.18669936060905457,-0.09652513265609741,0.17438235878944397,0.13065911829471588,0.1567431092262268,-0.27982398867607117,-0.0007089376449584961,-0.5022265911102295,0.7597404718399048,0.3192487955093384,0.3950841426849365,-0.23408974707126617,0.38603436946868896,-0.06028246879577637,0.10223326086997986,0.09011000394821167,-0.006515711545944214,-0.4738348126411438,0.3118467926979065,0.4194217026233673,-0.24259108304977417,-0.0779079794883728,0.03832659497857094,0.13608741760253906,0.09076349437236786,-0.4983314275741577,-0.20173752307891846,0.24494078755378723,-0.5140100717544556,-0.05243360996246338,-0.6006763577461243,0.1188933253288269,-0.2766786813735962,-0.7081084847450256,0.48261964321136475,0.1687334179878235,0.34825849533081055,-0.37852466106414795,-0.07823388278484344,-0.3150753974914551,0.09481817483901978,0.5455677509307861,0.34060072898864746,0.5991469621658325,-0.296665221452713,0.14017614722251892,0.2700124979019165,0.05671292543411255,-0.36200475692749023,-0.07689136266708374,-0.10946342349052429,-0.1294092833995819,-0.07507675886154175,-0.04187212884426117,-0.260914146900177,-0.10952454805374146,-0.02692905068397522,-0.40273070335388184,-0.013553768396377563,-0.16927018761634827,0.12889176607131958,0.6322190761566162,0.1163485050201416,-0.10932421684265137,-0.7630019783973694,0.19185733795166016
0.24981838464736938,-0.3374783992767334,-0.014294326305389404,-0.4550725519657135,-0.331503689289093,-0.09247216582298279,-0.24618583917617798,0.3877125680446625,-0.25239163637161255,-0.044661909341812134,-0.13194221258163452,-0.015403926372528076,-0.17110224068164825,0.04457518458366394,-0.21053194999694824,0.022339433431625366,-0.1445927917957306,0.05133056640625,-0.061148762702941895,0.11880623549222946,0.2094281017780304,0.19803383946418762,0.2908211946487427,0.5354481339454651,0.49000877141952515,0.02587476372718811,-0.22522488236427307,0.43889445066452026,0.41079583764076233,-0.09753425419330597,0.07730220258235931,0.10038039088249207,-0.0016718506813049316,0.03830108046531677,-0.1713295578956604,-0.1257033348083496,0.16831447184085846,0.11636105179786682,0.15690726041793823,-0.25029823184013367,0.015541225671768188,-0.5112138986587524,0.7494528889656067,0.3343501687049866,0.3749787211418152,-0.21844728291034698,0.3750174343585968,-0.09367871284484863,0.12235121428966522,0.11684924364089966,-0.04151900112628937,-0.4605858325958252,0.3077194094657898,0.4418253004550934,-0.2324044108390808,-0.06354844570159912,0.023963529616594315,0.11625999957323074,0.10186383128166199,-0.5026019811630249,-0.19756293296813965,0.24361568689346313,-0.5114420056343079,-0.06514012813568115,-0.6021362543106079,0.12487274408340454,-0.2692505717277527,-0.7159674763679504,0.4806241989135742,0.16885501146316528,0.3513675034046173,-0.35021430253982544,-0.09899500012397766,-0.3072957396507263,0.08495134115219116,0.5269738435745239,0.3111562728881836,0.6003984808921814,-0.3083917796611786,0.1658172458410263,0.2689676284790039,0.06512582302093506,-0.37715017795562744,-0.0727853775024414,-0.1158464252948761,-0.17043372988700867,-0.10087138414382935,-0.031736820936203,-0.25128692388534546,-0.07572638988494873,-0.025460094213485718,-0.4080697298049927,-0.014217585325241089,-0.16413933038711548,0.13938990235328674,0.6607715487480164,0.12027305364608765,-0.13208836317062378,-0.7862131595611572,0.19656801223754883
0.24152231216430664,-0.3377023935317993,-0.0068776607513427734,-0.44725698232650757,-0.32918062806129456,-0.08132711052894592,-0.25198882818222046,0.38808757066726685,-0.25215354561805725,-0.05014157295227051,-0.12257729470729828,-0.017186105251312256,-0.16505873203277588,0.039559364318847656,-0.22256004810333252,0.033579081296920776,-0.13055504858493805,0.04672282934188843,-0.06111881136894226,0.10808580368757248,0.21344691514968872,0.20445068180561066,0.2842112183570862,0.5372200012207031,0.4826292395591736,0.01386299729347229,-0.22444695234298706,0.44864118099212646,0.4057430624961853,-0.10638390481472015,0.0821949690580368,0.09267863631248474,6.937980651855469e-05,0.03390270471572876,-0.16877806186676025,-0.12217456102371216,0.16153962910175323,0.10611630976200104,0.16570371389389038,-0.2503805160522461,0.02130444347858429,-0.5149792432785034,0.7514707446098328,0.3359174132347107,0.37005484104156494,-0.22399306297302246,0.36934083700180054,-0.09052067995071411,0.121707484126091,0.11767104268074036,-0.047501131892204285,-0.4609353542327881,0.31230872869491577,0.43565890192985535,-0.24343717098236084,-0.061400800943374634,0.03259800747036934,0.12353763729333878,0.10829061269760132,-0.4875600337982178,-0.19019508361816406,0.2433517724275589,-0.508014440536499,-0.057806968688964844,-0.5926894545555115,0.12548500299453735,-0.26877251267433167,-0.709010124206543,0.47108280658721924,0.16466939449310303,0.34869420528411865,-0.3546970784664154,-0.08931824564933777,-0.3030319809913635,0.07743215560913086,0.5177950859069824,0.31526219844818115,0.5970026850700378,-0.3125481605529785,0.17640924453735352,0.26239168643951416,0.0721772313117981,-0.3552882671356201,-0.07773333787918091,-0.12523099780082703,-0.17884372174739838,-0.10109162330627441,-0.03749255836009979,-0.2451140135526657,-0.07932981848716736,-0.023617535829544067,-0.404248982667923,-0.016188770532608032,-0.16347143054008484,0.1433255672454834,0.6574228405952454,0.11318093538284302,-0.13398128747940063,-0.7723792195320129,0.18708395957946777
0.21691656112670898,-0.3380564749240875,-0.006292521953582764,-0.4617857336997986,-0.34018608927726746,-0.06694060564041138,-0.26388341188430786,0.39293813705444336,-0.23781272768974304,-0.049878448247909546,-0.11620540916919708,-0.008998394012451172,-0.15549248456954956,0.04709291458129883,-0.2397099733352661,0.042530566453933716,-0.13142496347427368,0.04616639018058777,-0.0697965919971466,0.09652072936296463,0.21234506368637085,0.20880462229251862,0.27899080514907837,0.5258808135986328,0.48708751797676086,0.008396446704864502,-0.22519716620445251,0.444726824760437,0.39499059319496155,-0.12815333902835846,0.09509699046611786,0.09093767404556274,0.015259146690368652,0.03620612621307373,-0.14880052208900452,-0.14113736152648926,0.14727850258350372,0.07791396975517273,0.17786771059036255,-0.2284386157989502,0.03968450427055359,-0.507971465587616,0.7381538152694702,0.34659701585769653,0.34389209747314453,-0.21342980861663818,0.3600083291530609,-0.10302746295928955,0.13907325267791748,0.1417308747768402,-0.08213390409946442,-0.4363960027694702,0.30660128593444824,0.44177109003067017,-0.2432599663734436,-0.0601387619972229,0.027034509927034378,0.11626604944467545,0.1284182220697403,-0.4694085121154785,-0.18382930755615234,0.24199405312538147,-0.5061973333358765,-0.06200277805328369,-0.5789746642112732,0.12791752815246582,-0.2542056143283844,-0.6969783902168274,0.4696119427680969,0.16075140237808228,0.34411168098449707,-0.3337657153606415,-0.08938313275575638,-0.29449230432510376,0.07073730230331421,0.4921908974647522,0.2923828959465027,0.5908666849136353,-0.3153279423713684,0.20232915878295898,0.2394033670425415,0.08281826972961426,-0.3399698734283447,-0.08079111576080322,-0.14568988978862762,-0.22267748415470123,-0.11889106035232544,-0.0314713716506958,-0.24087531864643097,-0.06574887037277222,-0.020315557718276978,-0.4008646607398987,-0.02683970332145691,-0.14764532446861267,0.14542606472969055,0.6697613000869751,0.11344853043556213,-0.13287830352783203,-0.7682042717933655,0.17977070808410645
0.2505582273006439,-0.3351684510707855,0.008335649967193604,-0.4172006845474243,-0.3043946623802185,-0.08750256896018982,-0.2379329800605774,0.376700222492218,-0.2667701244354248,-0.06600126624107361,-0.11795392632484436,-0.028784871101379395,-0.14140260219573975,0.02161264419555664,-0.21706533432006836,0.025606393814086914,-0.11508385837078094,0.04943916201591492,-0.05241963267326355,0.12009108811616898,0.2134172022342682,0.19712218642234802,0.2708674669265747,0.54363614320755,0.4721052944660187,0.015579789876937866,-0.24188414216041565,0.44900619983673096,0.39942461252212524,-0.08664675056934357,0.06446854770183563,0.08269312977790833,-0.012326240539550781,0.041883885860443115,-0.1774284541606903,-0.09918224811553955,0.16921912133693695,0.12273105978965759,0.16170406341552734,-0.2717655301094055,0.007346749305725098,-0.4961645305156708,0.7424340844154358,0.3151952028274536,0.380382239818573,-0.2294674515724182,0.37254732847213745,-0.06490665674209595,0.10464747250080109,0.0941828042268753,-0.02038705348968506,-0.4613056182861328,0.3106071352958679,0.412321537733078,-0.23952651023864746,-0.07147413492202759,0.036450210958719254,0.1330602467060089,0.09556175768375397,-0.4767223596572876,-0.1984577178955078,0.2431023120880127,-0.5031518936157227,-0.04839348793029785,-0.5847842693328857,0.11938488483428955,-0.27071207761764526,-0.6896554827690125,0.4659379720687866,0.16331714391708374,0.34084653854370117,-0.3700180947780609,-0.07656338810920715,-0.30529147386550903,0.08563041687011719,0.5278772115707397,0.3336672782897949,0.5840885043144226,-0.291778028011322,0.14763058722019196,0.2572900056838989,0.06266003847122192,-0.3488701581954956,-0.07435441017150879,-0.11733201146125793,-0.13910695910453796,-0.08211946487426758,-0.04091064631938934,-0.2530551552772522,-0.10044923424720764,-0.026098191738128662,-0.39768943190574646,-0.0184556245803833,-0.16097435355186462,0.12625956535339355,0.6255286931991577,0.10771894454956055,-0.11362987756729126,-0.7521994113922119,0.1820850372314453
0.22399309277534485,-0.35219627618789673,0.012051761150360107,-0.4410983622074127,-0.3241024315357208,-0.06623280048370361,-0.26522040367126465,0.38809749484062195,-0.25592005252838135,-0.06498599052429199,-0.11077219247817993,-0.017204880714416504,-0.13564270734786987,0.02648019790649414,-0.25466954708099365,0.05033966898918152,-0.1153947114944458,0.05320000648498535,-0.06277692317962646,0.10437486320734024,0.22692304849624634,0.2161177098751068,0.26936179399490356,0.553159236907959,0.48519304394721985,0.005743533372879028,-0.253957062959671,0.4598920941352844,0.39500126242637634,-0.12488488852977753,0.08050630986690521,0.08251363039016724,0.008000612258911133,0.04605695605278015,-0.15811583399772644,-0.1185714602470398,0.15504667162895203,0.08883461356163025,0.19336944818496704,-0.2526164650917053,0.027552947402000427,-0.5012048482894897,0.7460616230964661,0.3413624167442322,0.3610691726207733,-0.2271360456943512,0.3669387996196747,-0.08116239309310913,0.1243463009595871,0.12579131126403809,-0.0621444471180439,-0.44906848669052124,0.32166820764541626,0.4224144220352173,-0.24957603216171265,-0.0711682140827179,0.030029062181711197,0.1315074861049652,0.13162483274936676,-0.456032395362854,-0.19564008712768555,0.2552894949913025,-0.5115103721618652,-0.05042624473571777,-0.5782307386398315,0.12559747695922852,-0.2614871561527252,-0.6838898062705994,0.4677088260650635,0.16159462928771973,0.3445194363594055,-0.3614860475063324,-0.07563994824886322,-0.29302579164505005,0.07709801197052002,0.5077333450317383,0.3167572021484375,0.591253936290741,-0.3040418028831482,0.19148343801498413,0.22715306282043457,0.07422208786010742,-0.3225487470626831,-0.08555060625076294,-0.15757733583450317,-0.1944827437400818,-0.10926598310470581,-0.037267833948135376,-0.2544638514518738,-0.08531022071838379,-0.024528086185455322,-0.40860381722450256,-0.032534122467041016,-0.14904657006263733,0.1328524947166443,0.6556000709533691,0.10852599143981934,-0.12069690227508545,-0.7633306980133057,0.1730940341949463
0.241126149892807,-0.3587794303894043,0.03833061456680298,-0.4061300754547119,-0.2926281988620758,-0.07392576336860657,-0.2537250518798828,0.38024836778640747,-0.28308534622192383,-0.09187856316566467,-0.1039692610502243,-0.03401106595993042,-0.0969381332397461,0.004747241735458374,-0.2579296827316284,0.04242202639579773,-0.09094896912574768,0.06304013729095459,-0.05288645625114441,0.1285446286201477,0.23358052968978882,0.21000531315803528,0.25264066457748413,0.5772019028663635,0.4833213686943054,0.011592477560043335,-0.2997347116470337,0.46810853481292725,0.3892028033733368,-0.10195522010326385,0.05271999537944794,0.0667559802532196,-0.008939087390899658,0.06189417839050293,-0.171922504901886,-0.08578965067863464,0.17403192818164825,0.11304862797260284,0.20159423351287842,-0.29237526655197144,0.011969581246376038,-0.48107096552848816,0.7425931692123413,0.3189816474914551,0.3822537660598755,-0.2381930649280548,0.3794199824333191,-0.04215496778488159,0.10170814394950867,0.09292463958263397,-0.030407249927520752,-0.4568786025047302,0.3313080072402954,0.3938411474227905,-0.24626567959785461,-0.09122836589813232,0.03248067572712898,0.1493520438671112,0.12241953611373901,-0.443423867225647,-0.21855664253234863,0.2683679163455963,-0.5189937353134155,-0.03756570816040039,-0.5746396780014038,0.11920565366744995,-0.2674484848976135,-0.6607021689414978,0.4678957164287567,0.16278892755508423,0.33853599429130554,-0.395425945520401,-0.05701359361410141,-0.30082422494888306,0.08911389112472534,0.5347630977630615,0.3509324789047241,0.5825072526931763,-0.2746957540512085,0.1544417440891266,0.21773231029510498,0.06022706627845764,-0.31617605686187744,-0.08067059516906738,-0.15822967886924744,-0.14381688833236694,-0.08418935537338257,-0.040617793798446655,-0.2763402760028839,-0.11524727940559387,-0.03020608425140381,-0.4092620015144348,-0.042517781257629395,-0.14052793383598328,0.10500714182853699,0.624762237071991,0.10027188062667847,-0.09033143520355225,-0.7522854208946228,0.16745638847351074
0.23947712779045105,-0.3329232931137085,-0.002908170223236084,-0.4384857416152954,-0.3255365490913391,-0.07551324367523193,-0.25091245770454407,0.39154675602912903,-0.2541654706001282,-0.05807775259017944,-0.11347392201423645,-0.02149331569671631,-0.15891115367412567,0.03663375973701477,-0.22460460662841797,0.034685879945755005,-0.11707352101802826,0.03836742043495178,-0.06261178851127625,0.10259497910737991,0.21247869729995728,0.203599214553833,0.28122735023498535,0.532912015914917,0.4761388599872589,0.003491818904876709,-0.22006189823150635,0.45497769117355347,0.40432751178741455,-0.10341976583003998,0.0860513299703598,0.08707380294799805,-4.744529724121094e-05,0.025688201189041138,-0.16787564754486084,-0.11952537298202515,0.15648049116134644,0.10210707783699036,0.16397404670715332,-0.25378379225730896,0.02632996439933777,-0.5213580131530762,0.7571848034858704,0.33263087272644043,0.3663932681083679,-0.2270771563053131,0.3679681420326233,-0.08495986461639404,0.11896136403083801,0.11615699529647827,-0.04755840077996254,-0.4600974917411804,0.3123782277107239,0.43384891748428345,-0.25176966190338135,-0.05900445580482483,0.040837664157152176,0.13193002343177795,0.10349315404891968,-0.4799007177352905,-0.18375694751739502,0.23581287264823914,-0.5044947862625122,-0.050345659255981445,-0.5864529609680176,0.12717247009277344,-0.2704482972621918,-0.7086274027824402,0.4643911123275757,0.16134899854660034,0.34604111313819885,-0.3581816554069519,-0.07991450279951096,-0.3072100281715393,0.07066851854324341,0.5125975608825684,0.3213411569595337,0.5938807129859924,-0.3151819407939911,0.17659622430801392,0.26736581325531006,0.08134141564369202,-0.3443225622177124,-0.0791047215461731,-0.1230558454990387,-0.18148908019065857,-0.09698796272277832,-0.044020041823387146,-0.2379695028066635,-0.08470383286476135,-0.019582033157348633,-0.3961586654186249,-0.01606518030166626,-0.16557028889656067,0.1459159553050995,0.651848554611206,0.10585331916809082,-0.13305896520614624,-0.7601107358932495,0.18095850944519043
0.23097696900367737,-0.33026546239852905,-0.0018677115440368652,-0.4331739842891693,-0.322642058134079,-0.06971505284309387,-0.2518303692340851,0.3878326416015625,-0.24811884760856628,-0.058370441198349,-0.11040765047073364,-0.018460214138031006,-0.15330657362937927,0.03695940971374512,-0.22869622707366943,0.03893128037452698,-0.11392536759376526,0.0377083420753479,-0.06331115961074829,0.09885957092046738,0.21149742603302002,0.20391719043254852,0.27604663372039795,0.5236595273017883,0.46994274854660034,0.0017149746417999268,-0.2199600338935852,0.4489849805831909,0.3961501717567444,-0.10893853008747101,0.08514778316020966,0.08660343289375305,0.0022035837173461914,0.02688133716583252,-0.16189420223236084,-0.11955681443214417,0.15154393017292023,0.09534114599227905,0.16752803325653076,-0.24735677242279053,0.030417099595069885,-0.5137681365013123,0.7441936731338501,0.3307883143424988,0.35662350058555603,-0.22451552748680115,0.35963934659957886,-0.08598268032073975,0.1195085346698761,0.11878576874732971,-0.05424784496426582,-0.45072126388549805,0.3094848394393921,0.42619749903678894,-0.24999892711639404,-0.056667476892471313,0.039118338376283646,0.1301196813583374,0.10790443420410156,-0.46574676036834717,-0.18158066272735596,0.23505696654319763,-0.4972681403160095,-0.048269033432006836,-0.5745178461074829,0.1260814666748047,-0.26484984159469604,-0.6938813328742981,0.45388293266296387,0.15738433599472046,0.33949702978134155,-0.3524436354637146,-0.07846537232398987,-0.2984277606010437,0.06726682186126709,0.500091552734375,0.31491392850875854,0.583480954170227,-0.31133487820625305,0.18078798055648804,0.2569164037704468,0.08266502618789673,-0.3332327604293823,-0.07889622449874878,-0.12949077785015106,-0.18575865030288696,-0.10079875588417053,-0.043199241161346436,-0.23383845388889313,-0.08101338148117065,-0.019496619701385498,-0.391411691904068,-0.01875525712966919,-0.16041114926338196,0.14312094449996948,0.6455336809158325,0.101412832736969,-0.13388371467590332,-0.7485694885253906,0.174485445022583
0.241126149892807,-0.3587794303894043,0.03833061456680298,-0.4061300754547119,-0.2926281988620758,-0.07392576336860657,-0.2537250518798828,0.38024836778640747,-0.28308534622192383,-0.09187856316566467,-0.1039692610502243,-0.03401106595993042,-0.0969381332397461,0.004747241735458374,-0.2579296827316284,0.04242202639579773,-0.09094896912574768,0.06304013729095459,-0.05288645625114441,0.1285446286201477,0.23358052968978882,0.21000531315803528,0.25264066457748413,0.5772019028663635,0.4833213686943054,0.011592477560043335,-0.2997347116470337,0.46810853481292725,0.3892028033733368,-0.10195522010326385,0.05271999537944794,0.0667559802532196,-0.008939087390899658,0.06189417839050293,-0.171922504901886,-0.08578965067863464,0.17403192818164825,0.11304862797260284,0.20159423351287842,-0.29237526655197144,0.011969581246376038,-0.48107096552848816,0.7425931692123413,0.3189816474914551,0.3822537660598755,-0.2381930649280548,0.3794199824333191,-0.04215496778488159,0.10170814394950867,0.09292463958263397,-0.030407249927520752,-0.4568786025047302,0.3313080072402954,0.3938411474227905,-0.24626567959785461,-0.09122836589813232,0.03248067572712898,0.1493520438671112,0.12241953611373901,-0.443423867225647,-0.21855664253234863,0.2683679163455963,-0.5189937353134155,-0.03756570816040039,-0.5746396780014038,0.11920565366744995,-0.2674484848976135,-0.6607021689414978,0.4678957164287567,0.16278892755508423,0.33853599429130554,-0.395425945520401,-0.05701359361410141,-0.30082422494888306,0.08911389112472534,0.5347630977630615,0.3509324789047241,0.5825072526931763,-0.2746957540512085,0.1544417440891266,0.21773231029510498,0.06022706627845764,-0.31617605686187744,-0.08067059516906738,-0.15822967886924744,-0.14381688833236694,-0.08418935537338257,-0.040617793798446655,-0.2763402760028839,-0.11524727940559387,-0.03020608425140381,-0.4092620015144348,-0.042517781257629395,-0.14052793383598328,0.10500714182853699,0.624762237071991,0.10027188062667847,-0.09033143520355225,-0.7522854208946228,0.16745638847351074
0.22509199380874634,-0.3599456250667572,0.01371908187866211,-0.452813982963562,-0.3267876207828522,-0.06948673725128174,-0.26779353618621826,0.39009803533554077,-0.2578437924385071,-0.06498822569847107,-0.11407037079334259,-0.015178084373474121,-0.1279987394809723,0.031772762537002563,-0.2563236951828003,0.04650324583053589,-0.12359888851642609,0.06378316879272461,-0.06482258439064026,0.11774786561727524,0.22709736227989197,0.21367499232292175,0.27102506160736084,0.5601154565811157,0.4982694685459137,0.01683783531188965,-0.2727794945240021,0.4544253349304199,0.39381080865859985,-0.1270076483488083,0.07492481172084808,0.08448410034179688,0.009362637996673584,0.05887103080749512,-0.15510445833206177,-0.12429311871528625,0.1623038649559021,0.09142616391181946,0.20028984546661377,-0.25390973687171936,0.02670636773109436,-0.49148473143577576,0.7398998737335205,0.3429717421531677,0.3613928556442261,-0.22086504101753235,0.37289077043533325,-0.08275938034057617,0.12998126447200775,0.12940481305122375,-0.07026119530200958,-0.4429190754890442,0.32426580786705017,0.42756369709968567,-0.2378285527229309,-0.07881039381027222,0.01923932507634163,0.12554976344108582,0.1389414668083191,-0.45867180824279785,-0.2088017463684082,0.26449862122535706,-0.5204596519470215,-0.057460784912109375,-0.5839922428131104,0.12508362531661987,-0.2577853798866272,-0.681922197341919,0.4794926643371582,0.16566568613052368,0.34797167778015137,-0.35794827342033386,-0.08098931610584259,-0.2957255244255066,0.08411383628845215,0.5141888856887817,0.3122534155845642,0.5941376686096191,-0.2949009835720062,0.19080451130867004,0.21589553356170654,0.06822153925895691,-0.3351936340332031,-0.08165013790130615,-0.16511894762516022,-0.19949495792388916,-0.11538964509963989,-0.027905896306037903,-0.2686300277709961,-0.08134704828262329,-0.02761712670326233,-0.41875362396240234,-0.04107055068016052,-0.13804054260253906,0.12470799684524536,0.6639866828918457,0.1153813898563385,-0.11158043146133423,-0.7817516326904297,0.1784682273864746
0.24152514338493347,-0.3588523268699646,0.038811326026916504,-0.40478554368019104,-0.29229971766471863,-0.07440999150276184,-0.2532491385936737,0.38005608320236206,-0.2839753031730652,-0.09247395396232605,-0.10384052991867065,-0.03495281934738159,-0.09798678755760193,0.002238661050796509,-0.2577916383743286,0.04276737570762634,-0.09044747054576874,0.06201577186584473,-0.05208352208137512,0.12674623727798462,0.23494815826416016,0.211078941822052,0.25249165296554565,0.578369677066803,0.48187440633773804,0.009899049997329712,-0.2974421977996826,0.4701976776123047,0.3902488052845001,-0.10093237459659576,0.05311034619808197,0.06620219349861145,-0.008932173252105713,0.060454607009887695,-0.1727130115032196,-0.08411914110183716,0.1729165017604828,0.11364050209522247,0.20057064294815063,-0.2935461699962616,0.010908916592597961,-0.4826599657535553,0.7455968856811523,0.3192840814590454,0.38370251655578613,-0.23986351490020752,0.37975749373435974,-0.04065597057342529,0.10041627287864685,0.09223508834838867,-0.02759028971195221,-0.4589945673942566,0.3313972055912018,0.3933042287826538,-0.24861431121826172,-0.09115225076675415,0.03393055871129036,0.15140753984451294,0.1213148832321167,-0.4438002109527588,-0.2167654037475586,0.26705262064933777,-0.5182609558105469,-0.0364152193069458,-0.5749304890632629,0.11924540996551514,-0.26856523752212524,-0.6620218753814697,0.46697720885276794,0.16232633590698242,0.33894240856170654,-0.3972656726837158,-0.05610828101634979,-0.30088722705841064,0.0891309380531311,0.5350726842880249,0.35235798358917236,0.5834556221961975,-0.27631595730781555,0.15424883365631104,0.21963179111480713,0.06057804822921753,-0.31416594982147217,-0.08199429512023926,-0.15711407363414764,-0.14154532551765442,-0.08309447765350342,-0.04234917461872101,-0.27478769421577454,-0.11723151803016663,-0.029723674058914185,-0.407934308052063,-0.040885359048843384,-0.14327159523963928,0.1063866913318634,0.6231657266616821,0.1001313328742981,-0.09100073575973511,-0.7499189376831055,0.1664257049560547
0.23984694480895996,-0.3578800559043884,0.0037497282028198242,-0.460671067237854,-0.33572834730148315,-0.0793294906616211,-0.2627781927585602,0.39481011033058167,-0.26367297768592834,-0.056450724601745605,-0.122226282954216,-0.018387913703918457,-0.1548800766468048,0.030745267868041992,-0.24196505546569824,0.040967196226119995,-0.13073039054870605,0.057139694690704346,-0.061209648847579956,0.11219010502099991,0.22880464792251587,0.21591603755950928,0.28404659032821655,0.5659559965133667,0.5004994869232178,0.014029055833816528,-0.24811768531799316,0.46492451429367065,0.41209468245506287,-0.1154850572347641,0.08304516971111298,0.08836826682090759,0.004815936088562012,0.044885218143463135,-0.16708052158355713,-0.12196069955825806,0.1632922738790512,0.10126972198486328,0.18353646993637085,-0.25926437973976135,0.02044709026813507,-0.5162810683250427,0.7682790756225586,0.34737783670425415,0.3771425187587738,-0.2298312485218048,0.380717933177948,-0.08686232566833496,0.1254594326019287,0.12543529272079468,-0.05420692637562752,-0.46438300609588623,0.3249797523021698,0.44132283329963684,-0.24925842881202698,-0.07115393877029419,0.028718579560518265,0.13054439425468445,0.12405456602573395,-0.48869001865386963,-0.19962430000305176,0.25747665762901306,-0.5260897874832153,-0.05802929401397705,-0.6038864850997925,0.12891995906829834,-0.2711111903190613,-0.7145612835884094,0.4880113899707794,0.1695486307144165,0.35859939455986023,-0.36584335565567017,-0.08769400417804718,-0.3074013590812683,0.08311241865158081,0.529209554195404,0.32161402702331543,0.6127291321754456,-0.31373468041419983,0.1884031593799591,0.2487393617630005,0.07051613926887512,-0.3513878583908081,-0.08405476808547974,-0.1454397588968277,-0.19090156257152557,-0.10936400294303894,-0.035074278712272644,-0.2622561454772949,-0.08625674247741699,-0.025560379028320312,-0.4194980561733246,-0.02594086527824402,-0.15993961691856384,0.141203373670578,0.6727631092071533,0.11985927820205688,-0.1259557604789734,-0.7912153005599976,0.18804144859313965
0.22912824153900146,-0.356174111366272,2.372264862060547e-05,-0.4683164656162262,-0.3411997854709625,-0.07292252779006958,-0.26843342185020447,0.39602822065353394,-0.2530859410762787,-0.052970707416534424,-0.12056036293506622,-0.011819958686828613,-0.15363696217536926,0.04034772515296936,-0.2467137575149536,0.04460075497627258,-0.1341608464717865,0.0572628378868103,-0.06643936038017273,0.10948064178228378,0.22485056519508362,0.21530747413635254,0.28371870517730713,0.5556625723838806,0.5017731189727783,0.015259981155395508,-0.24821075797080994,0.45688575506210327,0.4050251841545105,-0.12740381062030792,0.08685289323329926,0.09111416339874268,0.011308491230010986,0.046511709690093994,-0.15785041451454163,-0.13359636068344116,0.15989618003368378,0.09022799134254456,0.1890999674797058,-0.24562853574752808,0.029446199536323547,-0.5115253925323486,0.7552788853645325,0.351848840713501,0.3642106056213379,-0.22176417708396912,0.374103307723999,-0.09611928462982178,0.1346319317817688,0.1363723874092102,-0.07257135212421417,-0.4525763988494873,0.3219161033630371,0.4446055591106415,-0.2440531849861145,-0.0696290135383606,0.023275945335626602,0.12249841541051865,0.13280470669269562,-0.4806375503540039,-0.1994762420654297,0.25808432698249817,-0.5230821371078491,-0.06238412857055664,-0.5963259339332581,0.1292734146118164,-0.2635296583175659,-0.7068755030632019,0.4850902259349823,0.1678439974784851,0.35534363985061646,-0.3529818654060364,-0.09060279279947281,-0.30132418870925903,0.07997983694076538,0.5165330171585083,0.30805182456970215,0.6068930625915527,-0.31292781233787537,0.19878289103507996,0.23806631565093994,0.07352083921432495,-0.3491429090499878,-0.08261603116989136,-0.15397773683071136,-0.21019406616687775,-0.11824557185173035,-0.030130326747894287,-0.2594248056411743,-0.07438811659812927,-0.025256484746932983,-0.4195289611816406,-0.030859947204589844,-0.15042465925216675,0.1408144235610962,0.6798791885375977,0.11933445930480957,-0.12846022844314575,-0.792622447013855,0.18693923950195312
0.2259129285812378,-0.3579847514629364,0.011317670345306396,-0.45872488617897034,-0.3329983651638031,-0.07354718446731567,-0.26633885502815247,0.3926772475242615,-0.2587640583515167,-0.06328967213630676,-0.11784489452838898,-0.01698201894760132,-0.1366616189479828,0.028733134269714355,-0.2526663541793823,0.04306727647781372,-0.1270124465227127,0.06008902192115784,-0.06408503651618958,0.10894160717725754,0.22801905870437622,0.21565988659858704,0.2743224501609802,0.5624821186065674,0.5010662078857422,0.013804435729980469,-0.2609342932701111,0.46089744567871094,0.4016762971878052,-0.12349973618984222,0.08283887803554535,0.08305633068084717,0.011666357517242432,0.0518343448638916,-0.15623122453689575,-0.12647780776023865,0.15885677933692932,0.0892806351184845,0.1930273175239563,-0.252846360206604,0.02786347270011902,-0.5006592869758606,0.7524365186691284,0.34746772050857544,0.3635545074939728,-0.22323425114154816,0.37512314319610596,-0.08410537242889404,0.13053184747695923,0.13183191418647766,-0.06709492206573486,-0.4463309049606323,0.31987684965133667,0.43424925208091736,-0.2459678053855896,-0.07783466577529907,0.02369140461087227,0.12796759605407715,0.13593341410160065,-0.47257959842681885,-0.20189225673675537,0.2590444087982178,-0.5236260294914246,-0.05975461006164551,-0.5912469029426575,0.12708371877670288,-0.2601352334022522,-0.6953845024108887,0.4851471185684204,0.16628241539001465,0.35068053007125854,-0.3579954504966736,-0.08323356509208679,-0.30029958486557007,0.08357107639312744,0.5173321962356567,0.31167030334472656,0.6037741899490356,-0.30499228835105896,0.19270214438438416,0.22812950611114502,0.07163876295089722,-0.3379133939743042,-0.08544856309890747,-0.1584877222776413,-0.20393157005310059,-0.11325517296791077,-0.03050386905670166,-0.26485759019851685,-0.08449867367744446,-0.02588629722595215,-0.414594829082489,-0.034593433141708374,-0.1454053521156311,0.13302898406982422,0.6684116721153259,0.11869949102401733,-0.1147039532661438,-0.7812709808349609,0.18121552467346191
0.21333882212638855,-0.3711183965206146,0.019850194454193115,-0.4663722813129425,-0.3332270681858063,-0.060409486293792725,-0.2827908396720886,0.3942483067512512,-0.25353026390075684,-0.065757155418396,-0.11173532903194427,-0.009704530239105225,-0.11544075608253479,0.03831210732460022,-0.2788116931915283,0.05622616410255432,-0.12373244762420654,0.07189315557479858,-0.0707460343837738,0.12023874372243881,0.23372596502304077,0.22055284678936005,0.267816424369812,0.5696800947189331,0.5107550024986267,0.020190268754959106,-0.2978553771972656,0.45633965730667114,0.38670676946640015,-0.1478346735239029,0.07581321895122528,0.08331802487373352,0.016628742218017578,0.06873148679733276,-0.14454719424247742,-0.13326948881149292,0.1644078940153122,0.07603827118873596,0.22325825691223145,-0.24896523356437683,0.03796161711215973,-0.48502784967422485,0.7319638133049011,0.35398152470588684,0.35299795866012573,-0.2172543704509735,0.3708440363407135,-0.08775800466537476,0.14147132635116577,0.14299112558364868,-0.09644180536270142,-0.43384599685668945,0.33148276805877686,0.4293907582759857,-0.23665446043014526,-0.08494144678115845,0.009589675813913345,0.12112399190664291,0.1617792844772339,-0.44670236110687256,-0.21799635887145996,0.28103962540626526,-0.5319007039070129,-0.06041574478149414,-0.5809772610664368,0.12688696384429932,-0.251207172870636,-0.6697966456413269,0.48529860377311707,0.1672704815864563,0.3490031361579895,-0.3573233187198639,-0.08313325047492981,-0.2885041832923889,0.08360570669174194,0.5112075209617615,0.3050326108932495,0.5949859619140625,-0.29160428047180176,0.2081233263015747,0.19117271900177002,0.06881675124168396,-0.32763707637786865,-0.08239603042602539,-0.19198033213615417,-0.22589370608329773,-0.12714576721191406,-0.02061346173286438,-0.27815037965774536,-0.07150208950042725,-0.030261486768722534,-0.4293838441371918,-0.05592730641365051,-0.12012866139411926,0.11765709519386292,0.6800010204315186,0.1160193681716919,-0.10895699262619019,-0.7953152656555176,0.17424845695495605
0.2536708414554596,-0.33835288882255554,-0.011817395687103271,-0.4500095546245575,-0.33069664239883423,-0.08442854881286621,-0.25025278329849243,0.39529240131378174,-0.2568514943122864,-0.050387412309646606,-0.12402728199958801,-0.01861506700515747,-0.17001986503601074,0.045808613300323486,-0.21829450130462646,0.02921128273010254,-0.12962712347507477,0.04425013065338135,-0.06227433681488037,0.11714037507772446,0.21283233165740967,0.20146796107292175,0.29108744859695435,0.5387559533119202,0.48886165022850037,0.01681429147720337,-0.2266000211238861,0.450859010219574,0.4118858575820923,-0.09945659339427948,0.07998637855052948,0.09624373912811279,-0.004691421985626221,0.029675155878067017,-0.17501205205917358,-0.1211058497428894,0.16892334818840027,0.11390849947929382,0.16164374351501465,-0.25815510749816895,0.021384313702583313,-0.5271251201629639,0.7629861831665039,0.33620941638946533,0.37858283519744873,-0.2274605631828308,0.37736520171165466,-0.0897681713104248,0.12027013301849365,0.11405864357948303,-0.04394461214542389,-0.4714019298553467,0.3168802559375763,0.44399502873420715,-0.24391043186187744,-0.059607625007629395,0.033460620790719986,0.12640762329101562,0.1000715047121048,-0.4982835054397583,-0.1945483684539795,0.24549126625061035,-0.5160903334617615,-0.05588960647583008,-0.6019873023033142,0.12861448526382446,-0.2755904793739319,-0.7219021320343018,0.4765004515647888,0.16718828678131104,0.35387182235717773,-0.36356329917907715,-0.09094390273094177,-0.313284695148468,0.07715827226638794,0.5309980511665344,0.3248145580291748,0.603217363357544,-0.3152136504650116,0.16980323195457458,0.27771615982055664,0.07310676574707031,-0.3694803714752197,-0.07267415523529053,-0.11910232901573181,-0.17341043055057526,-0.0968007743358612,-0.03951531648635864,-0.2466326206922531,-0.07956218719482422,-0.022926241159439087,-0.40896132588386536,-0.01570037007331848,-0.16743484139442444,0.1431472897529602,0.6657135486602783,0.11114710569381714,-0.1387420892715454,-0.7860510349273682,0.19291305541992188
0.23134350776672363,-0.3313577473163605,-0.005282461643218994,-0.44789770245552063,-0.32971566915512085,-0.08684560656547546,-0.24639472365379333,0.3797351121902466,-0.24735379219055176,-0.047378987073898315,-0.12517061829566956,-0.018166005611419678,-0.1656811237335205,0.030944645404815674,-0.21660077571868896,0.027388006448745728,-0.13952147960662842,0.04652571678161621,-0.05949044227600098,0.09696166962385178,0.21078339219093323,0.20339301228523254,0.28004008531570435,0.5312482118606567,0.47604015469551086,0.012297511100769043,-0.21040937304496765,0.4439760446548462,0.40586408972740173,-0.10314948856830597,0.08777795732021332,0.09048804640769958,0.005368471145629883,0.03517580032348633,-0.16300207376480103,-0.12648162245750427,0.15011559426784515,0.100624680519104,0.15598022937774658,-0.2409791648387909,0.017980247735977173,-0.5034434795379639,0.7443816065788269,0.3334560990333557,0.3604414761066437,-0.21710973978042603,0.3640309274196625,-0.09206026792526245,0.12256073951721191,0.12293481826782227,-0.043313998728990555,-0.4476233124732971,0.297782301902771,0.4320385754108429,-0.24287939071655273,-0.0629042387008667,0.03151509538292885,0.11886491626501083,0.1075146347284317,-0.48890864849090576,-0.18056344985961914,0.2312503159046173,-0.4986903965473175,-0.06322038173675537,-0.5887695550918579,0.12119442224502563,-0.2621504068374634,-0.7053021788597107,0.4722276031970978,0.16396313905715942,0.3443288803100586,-0.33886051177978516,-0.09104500710964203,-0.2969350218772888,0.08064228296279907,0.5049448609352112,0.30032074451446533,0.594802975654602,-0.31295883655548096,0.17745617032051086,0.256777286529541,0.07201051712036133,-0.3504023551940918,-0.08404415845870972,-0.11774921417236328,-0.18163089454174042,-0.10312896966934204,-0.03535845875740051,-0.24140740931034088,-0.08097949624061584,-0.02226957678794861,-0.39263054728507996,-0.010341107845306396,-0.16578742861747742,0.1466059684753418,0.6448780298233032,0.12209764122962952,-0.12550705671310425,-0.7552441954612732,0.18352603912353516
0.24152514338493347,-0.3588523268699646,0.038811326026916504,-0.40478554368019104,-0.29229971766471863,-0.07440999150276184,-0.2532491385936737,0.38005608320236206,-0.2839753031730652,-0.09247395396232605,-0.10384052991867065,-0.03495281934738159,-0.09798678755760193,0.002238661050796509,-0.2577916383743286,0.04276737570762634,-0.09044747054576874,0.06201577186584473,-0.05208352208137512,0.12674623727798462,0.23494815826416016,0.211078941822052,0.25249165296554565,0.578369677066803,0.48187440633773804,0.009899049997329712,-0.2974421977996826,0.4701976776123047,0.3902488052845001,-0.10093237459659576,0.05311034619808197,0.06620219349861145,-0.008932173252105713,0.060454607009887695,-0.1727130115032196,-0.08411914110183716,0.1729165017604828,0.11364050209522247,0.20057064294815063,-0.2935461699962616,0.010908916592597961,-0.4826599657535553,0.7455968856811523,0.3192840814590454,0.38370251655578613,-0.23986351490020752,0.37975749373435974,-0.04065597057342529,0.10041627287864685,0.09223508834838867,-0.02759028971195221,-0.4589945673942566,0.3313972055912018,0.3933042287826538,-0.24861431121826172,-0.09115225076675415,0.03393055871129036,0.15140753984451294,0.1213148832321167,-0.4438002109527588,-0.2167654037475586,0.26705262064933777,-0.5182609558105469,-0.0364152193069458,-0.5749304890632629,0.11924540996551514,-0.26856523752212524,-0.6620218753814697,0.46697720885276794,0.16232633590698242,0.33894240856170654,-0.3972656726837158,-0.05610828101634979,-0.30088722705841064,0.0891309380531311,0.5350726842880249,0.35235798358917236,0.5834556221961975,-0.27631595730781555,0.15424883365631104,0.21963179111480713,0.06057804822921753,-0.31416594982147217,-0.08199429512023926,-0.15711407363414764,-0.14154532551765442,-0.08309447765350342,-0.04234917461872101,-0.27478769421577454,-0.11723151803016663,-0.029723674058914185,-0.407934308052063,-0.040885359048843384,-0.14327159523963928,0.1063866913318634,0.6231657266616821,0.1001313328742981,-0.09100073575973511,-0.7499189376831055,0.1664257049560547
0.22200998663902283,-0.34865427017211914,0.005257010459899902,-0.4572499692440033,-0.33188894391059875,-0.07351487874984741,-0.2619728446006775,0.3906521797180176,-0.2510245442390442,-0.06090366840362549,-0.11707951128482819,-0.014032185077667236,-0.13786828517913818,0.03617337346076965,-0.24439477920532227,0.0386025607585907,-0.13039946556091309,0.05719003081321716,-0.06589412689208984,0.11021061986684799,0.21856817603111267,0.20779511332511902,0.2727372646331787,0.5460228323936462,0.49611812829971313,0.01669490337371826,-0.25286439061164856,0.4489072561264038,0.39535513520240784,-0.12266461551189423,0.08279816806316376,0.08579277992248535,0.012324154376983643,0.051133036613464355,-0.15283846855163574,-0.13249224424362183,0.15738685429096222,0.08780089020729065,0.18586158752441406,-0.2427937388420105,0.030012011528015137,-0.49399256706237793,0.73850017786026,0.34273892641067505,0.3554742932319641,-0.21487721800804138,0.370949923992157,-0.08787804841995239,0.1343294084072113,0.13386479020118713,-0.07074551284313202,-0.43779170513153076,0.3114013969898224,0.43493351340293884,-0.2371949851512909,-0.07621884346008301,0.02170831337571144,0.12004219740629196,0.1307457983493805,-0.46981239318847656,-0.19993937015533447,0.2519371509552002,-0.5152283906936646,-0.06288361549377441,-0.5837926864624023,0.12457972764968872,-0.2544274628162384,-0.6905497908592224,0.4816642999649048,0.16494989395141602,0.3455567955970764,-0.3450024425983429,-0.08413173258304596,-0.2988578677177429,0.08376896381378174,0.508053183555603,0.3019092082977295,0.593727171421051,-0.30074936151504517,0.18859390914440155,0.228174090385437,0.0718938410282135,-0.34349966049194336,-0.08046162128448486,-0.15173953771591187,-0.20577482879161835,-0.11239755153656006,-0.028002947568893433,-0.2589675188064575,-0.07810038328170776,-0.024482548236846924,-0.40914130210876465,-0.034565940499305725,-0.1408177614212036,0.13151410222053528,0.6645294427871704,0.117667555809021,-0.11417478322982788,-0.7751403450965881,0.1837632656097412
0.2319825291633606,-0.3519332706928253,0.006790637969970703,-0.453152060508728,-0.32973334193229675,-0.08004462718963623,-0.258899062871933,0.386858195066452,-0.2591504454612732,-0.058432966470718384,-0.12135985493659973,-0.018447816371917725,-0.14723724126815796,0.026933133602142334,-0.239953875541687,0.03864067792892456,-0.13131088018417358,0.05813324451446533,-0.05972364544868469,0.10853155702352524,0.22457242012023926,0.21258699893951416,0.27590256929397583,0.5576184988021851,0.49331963062286377,0.01541149616241455,-0.2469455599784851,0.45715731382369995,0.40458354353904724,-0.11476989090442657,0.08131347596645355,0.08520951867103577,0.006465792655944824,0.049130916595458984,-0.16273212432861328,-0.12190091609954834,0.15908366441726685,0.0979260802268982,0.18129271268844604,-0.25329190492630005,0.01973739266395569,-0.5012488961219788,0.751937747001648,0.34189820289611816,0.36855703592300415,-0.22409971058368683,0.3746332824230194,-0.08402019739151001,0.12531855702400208,0.12475746870040894,-0.05327344313263893,-0.45226413011550903,0.3155427575111389,0.43159428238868713,-0.24402791261672974,-0.07404714822769165,0.02715747430920601,0.12627175450325012,0.12470714747905731,-0.47986555099487305,-0.19774317741394043,0.25292205810546875,-0.5170642733573914,-0.06006920337677002,-0.5931163430213928,0.12418967485427856,-0.2631685733795166,-0.6999406218528748,0.4829700291156769,0.166934072971344,0.35066884756088257,-0.3564106225967407,-0.08565907180309296,-0.3003470301628113,0.08563941717147827,0.518891453742981,0.3129286766052246,0.6019781827926636,-0.30626600980758667,0.18423515558242798,0.23838818073272705,0.06808611750602722,-0.34474289417266846,-0.08443063497543335,-0.14413391053676605,-0.18819984793663025,-0.10771054029464722,-0.032591283321380615,-0.2605063319206238,-0.08700230717658997,-0.026265352964401245,-0.4110441207885742,-0.026284098625183105,-0.15444186329841614,0.1363825798034668,0.6596639156341553,0.1206190288066864,-0.11772799491882324,-0.7751696109771729,0.18440961837768555
0.2243378460407257,-0.371878445148468,0.015972375869750977,-0.46684831380844116,-0.33638545870780945,-0.068023681640625,-0.2765868306159973,0.3970133364200592,-0.26246827840805054,-0.06487306952476501,-0.11618006229400635,-0.014360129833221436,-0.12968066334724426,0.029207617044448853,-0.2665412425994873,0.0518738329410553,-0.12591050565242767,0.06860029697418213,-0.06488677859306335,0.11565854400396347,0.23625943064689636,0.2224688082933426,0.27399545907974243,0.577031135559082,0.5120056867599487,0.016759544610977173,-0.2807866334915161,0.4662458300590515,0.4001094400882721,-0.13504882156848907,0.0802791565656662,0.08235546946525574,0.01397162675857544,0.06148815155029297,-0.15468144416809082,-0.1270160675048828,0.16287727653980255,0.08608600497245789,0.21004259586334229,-0.25626352429389954,0.02923262119293213,-0.49916431307792664,0.7546771168708801,0.35528093576431274,0.3665957450866699,-0.22631047666072845,0.3794822692871094,-0.08468705415725708,0.134835883975029,0.1360648274421692,-0.07781510055065155,-0.44813621044158936,0.33169588446617126,0.4365335702896118,-0.24465391039848328,-0.08211791515350342,0.018682722002267838,0.12955260276794434,0.15015213191509247,-0.46652185916900635,-0.2113105058670044,0.2733318507671356,-0.5342749357223511,-0.059918880462646484,-0.5946907997131348,0.12944704294204712,-0.259916216135025,-0.6928722262382507,0.49111679196357727,0.16780364513397217,0.3559205234050751,-0.3644568920135498,-0.08341845870018005,-0.29981327056884766,0.0856676697731018,0.5223903656005859,0.31467777490615845,0.6086053252220154,-0.30191200971603394,0.20233546197414398,0.21422529220581055,0.06865188479423523,-0.3351473808288574,-0.08566832542419434,-0.17729586362838745,-0.213199645280838,-0.12090417742729187,-0.026645421981811523,-0.2763376832008362,-0.08363786339759827,-0.028484821319580078,-0.42886024713516235,-0.043923258781433105,-0.13817918300628662,0.12932264804840088,0.6807230710983276,0.11999791860580444,-0.11333900690078735,-0.797088623046875,0.18217825889587402
0.23960062861442566,-0.3403974175453186,0.009604930877685547,-0.4306677579879761,-0.32074084877967834,-0.07390087842941284,-0.252528578042984,0.39068368077278137,-0.26597869396209717,-0.06581413745880127,-0.10941074788570404,-0.02732717990875244,-0.15103787183761597,0.021446526050567627,-0.23414552211761475,0.040386706590652466,-0.1055925190448761,0.04071575403213501,-0.05693981051445007,0.09777703136205673,0.22382032871246338,0.21251632273197174,0.274733304977417,0.5491342544555664,0.47565943002700806,-0.0033904314041137695,-0.22892382740974426,0.4700245261192322,0.40668779611587524,-0.1017029732465744,0.08518217504024506,0.07727131247520447,-0.0015798211097717285,0.02646571397781372,-0.1711316704750061,-0.1059894859790802,0.15367427468299866,0.10188889503479004,0.17119204998016357,-0.2672921419143677,0.024538427591323853,-0.524303674697876,0.7697075009346008,0.33332476019859314,0.3729221522808075,-0.23841515183448792,0.3705981969833374,-0.07288849353790283,0.10946425795555115,0.10957542061805725,-0.039624810218811035,-0.46673738956451416,0.3201673626899719,0.423958420753479,-0.2652081251144409,-0.06166279315948486,0.047716666013002396,0.14608058333396912,0.10738016664981842,-0.4752051830291748,-0.1833040714263916,0.24023431539535522,-0.5094276666641235,-0.04207921028137207,-0.5865343809127808,0.12759751081466675,-0.27509111166000366,-0.7062690854072571,0.46242064237594604,0.16048920154571533,0.3469781279563904,-0.3737824559211731,-0.07218825817108154,-0.3076028823852539,0.0693632960319519,0.5179219245910645,0.334233820438385,0.599195122718811,-0.3169286251068115,0.1791534721851349,0.2647683620452881,0.08245348930358887,-0.3281043767929077,-0.08598577976226807,-0.1306205689907074,-0.17516671121120453,-0.09433633089065552,-0.04918506741523743,-0.24297355115413666,-0.09925034642219543,-0.020667672157287598,-0.39539095759391785,-0.016235023736953735,-0.17050227522850037,0.1471705138683319,0.6455486416816711,0.10293614864349365,-0.12923163175582886,-0.7507688999176025,0.17377805709838867
0.22844818234443665,-0.35242941975593567,-0.0013884902000427246,-0.46627500653266907,-0.3361855745315552,-0.08024603128433228,-0.2622604966163635,0.38768497109413147,-0.24930116534233093,-0.05026772618293762,-0.12660132348537445,-0.010613024234771729,-0.15005114674568176,0.040235430002212524,-0.23839712142944336,0.036786943674087524,-0.144468292593956,0.06307443976402283,-0.06479719281196594,0.11588776856660843,0.2187383472919464,0.20868703722953796,0.2806042432785034,0.5500268936157227,0.5003297924995422,0.02543860673904419,-0.2509109377861023,0.44372498989105225,0.4004514813423157,-0.12268389761447906,0.08027152717113495,0.09362229704856873,0.010487616062164307,0.05560743808746338,-0.15678709745407104,-0.13524729013442993,0.16264817118644714,0.09549747407436371,0.18387556076049805,-0.2410818636417389,0.022073209285736084,-0.4932575821876526,0.7377041578292847,0.34539860486984253,0.361865758895874,-0.2132921665906906,0.37287890911102295,-0.0963205099105835,0.13532230257987976,0.1337163746356964,-0.06746213138103485,-0.44299399852752686,0.31296485662460327,0.43960294127464294,-0.22976401448249817,-0.07464295625686646,0.015447083860635757,0.11257187277078629,0.13148580491542816,-0.48127174377441406,-0.20383620262145996,0.25690969824790955,-0.5177524089813232,-0.06935882568359375,-0.5938848257064819,0.12401509284973145,-0.2569733262062073,-0.6970454454421997,0.48794615268707275,0.16859716176986694,0.35114288330078125,-0.3429150879383087,-0.09495081752538681,-0.29684895277023315,0.08843988180160522,0.5148535966873169,0.2984582781791687,0.5991542935371399,-0.3014831244945526,0.18806412816047668,0.22964823246002197,0.06386834383010864,-0.3572571277618408,-0.07929438352584839,-0.14875461161136627,-0.20044833421707153,-0.11659759283065796,-0.023655354976654053,-0.26383155584335327,-0.07203418016433716,-0.027574270963668823,-0.4183560013771057,-0.031014293432235718,-0.14431247115135193,0.13260143995285034,0.6705482006072998,0.12583798170089722,-0.11860150098800659,-0.7906554341316223,0.19023704528808594
0.23630443215370178,-0.33776000142097473,-0.0014334917068481445,-0.44623130559921265,-0.32889896631240845,-0.08130306005477905,-0.25139784812927246,0.38763049244880676,-0.25462213158607483,-0.054789185523986816,-0.12022082507610321,-0.02018916606903076,-0.15986347198486328,0.03136861324310303,-0.22606980800628662,0.03359907865524292,-0.12858547270298004,0.046039849519729614,-0.06019356846809387,0.10195054858922958,0.2158285677433014,0.20674020051956177,0.27962541580200195,0.5408897399902344,0.48209986090660095,0.009128421545028687,-0.22301384806632996,0.4543589949607849,0.4068480134010315,-0.10552667081356049,0.08647160232067108,0.08717593550682068,0.00313723087310791,0.0342445969581604,-0.16638493537902832,-0.12177625298500061,0.15521304309368134,0.10086901485919952,0.16501671075820923,-0.25042471289634705,0.021338030695915222,-0.5127758383750916,0.7556112408638,0.33636200428009033,0.36716535687446594,-0.22448545694351196,0.37066924571990967,-0.08674246072769165,0.12176042795181274,0.12012895941734314,-0.045977819710969925,-0.45666706562042236,0.3091742694377899,0.43420106172561646,-0.24834051728248596,-0.06436902284622192,0.03571443632245064,0.12721452116966248,0.10954855382442474,-0.48589026927948,-0.18563270568847656,0.2388477772474289,-0.5075945854187012,-0.05684363842010498,-0.5912767648696899,0.12455135583877563,-0.2668231427669525,-0.7091795802116394,0.47401970624923706,0.1643851399421692,0.3480519652366638,-0.3530544638633728,-0.0846552699804306,-0.3038914203643799,0.07849687337875366,0.5142198801040649,0.3136093020439148,0.5988709926605225,-0.3141951262950897,0.17889264225959778,0.25918281078338623,0.07467147707939148,-0.347567081451416,-0.08254396915435791,-0.12564682960510254,-0.18288101255893707,-0.10079264640808105,-0.039189860224723816,-0.24539650976657867,-0.08548104763031006,-0.02205449342727661,-0.39952340722084045,-0.01619914174079895,-0.16448235511779785,0.1450352966785431,0.6535607576370239,0.11566421389579773,-0.12702977657318115,-0.7637684345245361,0.18413186073303223
0.2303241491317749,-0.35324859619140625,0.0057929158210754395,-0.45749232172966003,-0.33049049973487854,-0.08268946409225464,-0.2594667375087738,0.38530346751213074,-0.2559462785720825,-0.05631306767463684,-0.12485334277153015,-0.015929579734802246,-0.14455407857894897,0.030179232358932495,-0.24115490913391113,0.03603905439376831,-0.13875390589237213,0.06242606043815613,-0.0616203248500824,0.11356507986783981,0.22294136881828308,0.21035239100456238,0.2757522463798523,0.5572311878204346,0.4972781836986542,0.021890461444854736,-0.25408217310905457,0.4507688283920288,0.402755469083786,-0.11723695695400238,0.07815669476985931,0.08856979012489319,0.008047044277191162,0.05531203746795654,-0.15996697545051575,-0.12674790620803833,0.16175247728824615,0.09791550040245056,0.18339049816131592,-0.24964772164821625,0.018917977809906006,-0.49313685297966003,0.7438504099845886,0.3422645926475525,0.36640286445617676,-0.21812483668327332,0.375047504901886,-0.0866389274597168,0.12912359833717346,0.12818869948387146,-0.056253958493471146,-0.4470421075820923,0.3130160868167877,0.432358056306839,-0.23657560348510742,-0.07823324203491211,0.019518587738275528,0.11925888806581497,0.12837861478328705,-0.4801301956176758,-0.2027345895767212,0.2562350928783417,-0.5183010101318359,-0.06497025489807129,-0.5937608480453491,0.12220412492752075,-0.2593013644218445,-0.6954681277275085,0.48758265376091003,0.16894584894180298,0.3497948944568634,-0.35120612382888794,-0.08903516829013824,-0.2972847819328308,0.09018683433532715,0.519161581993103,0.30613136291503906,0.6007012128829956,-0.30101877450942993,0.1826464831829071,0.23066532611846924,0.06343036890029907,-0.3502305746078491,-0.08298158645629883,-0.14658384025096893,-0.18958978354930878,-0.11004137992858887,-0.02762119472026825,-0.26499682664871216,-0.0817480981349945,-0.027854561805725098,-0.41393786668777466,-0.02958124876022339,-0.14822688698768616,0.13045382499694824,0.6613702774047852,0.12486410140991211,-0.11331522464752197,-0.7810221314430237,0.18617701530456543
0.23053401708602905,-0.3654770851135254,-0.0031421780586242676,-0.4806797504425049,-0.3461112082004547,-0.07156383991241455,-0.2771822512149811,0.39842891693115234,-0.24854660034179688,-0.04658418893814087,-0.12632852792739868,-0.004801511764526367,-0.15124693512916565,0.051985859870910645,-0.25300300121307373,0.047560662031173706,-0.14281561970710754,0.06794694066047668,-0.06969010829925537,0.1217506155371666,0.225766122341156,0.21660001575946808,0.2877984642982483,0.5584293603897095,0.5139162540435791,0.02743414044380188,-0.26666051149368286,0.4480895400047302,0.40086743235588074,-0.1371617466211319,0.08099000155925751,0.09797391295433044,0.013062894344329834,0.057532429695129395,-0.15441104769706726,-0.13993766903877258,0.1678386628627777,0.0903424322605133,0.20170873403549194,-0.2433309555053711,0.032163575291633606,-0.5053343772888184,0.744551956653595,0.3580915033817291,0.36294829845428467,-0.21767349541187286,0.3748021125793457,-0.10464584827423096,0.14208735525608063,0.14112207293510437,-0.08745673298835754,-0.44911813735961914,0.3283505141735077,0.44881120324134827,-0.2320825457572937,-0.07071995735168457,0.01002507284283638,0.11369922012090683,0.1475544273853302,-0.47808992862701416,-0.21173369884490967,0.27420276403427124,-0.5316601395606995,-0.06901562213897705,-0.6001802682876587,0.13110065460205078,-0.259454607963562,-0.7007402777671814,0.4890073537826538,0.16887640953063965,0.3581996560096741,-0.351269006729126,-0.1004428118467331,-0.2972915768623352,0.08228534460067749,0.5205410718917847,0.3024340867996216,0.607486367225647,-0.3063260018825531,0.20448100566864014,0.22460639476776123,0.0669325590133667,-0.3582712411880493,-0.07698613405227661,-0.16860966384410858,-0.2193102240562439,-0.12867984175682068,-0.02011004090309143,-0.2702786326408386,-0.06242212653160095,-0.02960216999053955,-0.43325522541999817,-0.03883972764015198,-0.13888421654701233,0.1335601508617401,0.6940514445304871,0.12271523475646973,-0.13066411018371582,-0.8152787089347839,0.19002866744995117
0.23324379324913025,-0.3548964858055115,-0.0010970830917358398,-0.4646137058734894,-0.3394737243652344,-0.07515895366668701,-0.2654295861721039,0.3943842947483063,-0.25480973720550537,-0.05187201499938965,-0.12190656363964081,-0.013644218444824219,-0.15746861696243286,0.037143856287002563,-0.2417680025100708,0.04346311092376709,-0.13406220078468323,0.05591920018196106,-0.063934326171875,0.10865584760904312,0.22510972619056702,0.21521757543087006,0.2848191261291504,0.5554097890853882,0.49850061535835266,0.014469414949417114,-0.2419646978378296,0.4576752781867981,0.4074740707874298,-0.12232737243175507,0.08641599118709564,0.09124347567558289,0.008648574352264404,0.04429405927658081,-0.1616288423538208,-0.12947961688041687,0.15942098200321198,0.09440115094184875,0.18404120206832886,-0.24830114841461182,0.025195375084877014,-0.5138523578643799,0.7586202621459961,0.349881112575531,0.3677211403846741,-0.22504405677318573,0.3746020793914795,-0.09492313861846924,0.13124042749404907,0.13208448886871338,-0.06498211622238159,-0.45650744438171387,0.3211062252521515,0.44339820742607117,-0.24511441588401794,-0.06702521443367004,0.025923404842615128,0.1245519295334816,0.1283099502325058,-0.48354196548461914,-0.19640600681304932,0.2555902302265167,-0.521259605884552,-0.0608830451965332,-0.5983566641807556,0.1293414831161499,-0.26596808433532715,-0.7100870609283447,0.4834381937980652,0.167056143283844,0.35613754391670227,-0.3550645709037781,-0.09114709496498108,-0.30231523513793945,0.08014017343521118,0.5182696580886841,0.3113325238227844,0.6075403690338135,-0.31443551182746887,0.1954139769077301,0.24402248859405518,0.07265955209732056,-0.35000622272491455,-0.08255565166473389,-0.14838619530200958,-0.20250065624713898,-0.11560553312301636,-0.03231656551361084,-0.2575632929801941,-0.07766425609588623,-0.02511376142501831,-0.4181413948535919,-0.026605188846588135,-0.15617528557777405,0.1430346965789795,0.6756770610809326,0.11971735954284668,-0.13034600019454956,-0.7898913025856018,0.18732690811157227
0.24152514338493347,-0.3588523268699646,0.038811326026916504,-0.40478554368019104,-0.29229971766471863,-0.07440999150276184,-0.2532491385936737,0.38005608320236206,-0.2839753031730652,-0.09247395396232605,-0.10384052991867065,-0.03495281934738159,-0.09798678755760193,0.002238661050796509,-0.2577916383743286,0.04276737570762634,-0.09044747054576874,0.06201577186584473,-0.05208352208137512,0.12674623727798462,0.23494815826416016,0.211078941822052,0.25249165296554565,0.578369677066803,0.48187440633773804,0.009899049997329712,-0.2974421977996826,0.4701976776123047,0.3902488052845001,-0.10093237459659576,0.05311034619808197,0.06620219349861145,-0.008932173252105713,0.060454607009887695,-0.1727130115032196,-0.08411914110183716,0.1729165017604828,0.11364050209522247,0.20057064294815063,-0.2935461699962616,0.010908916592597961,-0.4826599657535553,0.7455968856811523,0.3192840814590454,0.38370251655578613,-0.23986351490020752,0.37975749373435974,-0.04065597057342529,0.10041627287864685,0.09223508834838867,-0.02759028971195221,-0.4589945673942566,0.3313972055912018,0.3933042287826538,-0.24861431121826172,-0.09115225076675415,0.03393055871129036,0.15140753984451294,0.1213148832321167,-0.4438002109527588,-0.2167654037475586,0.26705262064933777,-0.5182609558105469,-0.0364152193069458,-0.5749304890632629,0.11924540996551514,-0.26856523752212524,-0.6620218753814697,0.46697720885276794,0.16232633590698242,0.33894240856170654,-0.3972656726837158,-0.05610828101634979,-0.30088722705841064,0.0891309380531311,0.5350726842880249,0.35235798358917236,0.5834556221961975,-0.27631595730781555,0.15424883365631104,0.21963179111480713,0.06057804822921753,-0.31416594982147217,-0.08199429512023926,-0.15711407363414764,-0.14154532551765442,-0.08309447765350342,-0.04234917461872101,-0.27478769421577454,-0.11723151803016663,-0.029723674058914185,-0.407934308052063,-0.040885359048843384,-0.14327159523963928,0.1063866913318634,0.6231657266616821,0.1001313328742981,-0.09100073575973511,-0.7499189376831055,0.1664257049560547
0.241126149892807,-0.3587794303894043,0.03833061456680298,-0.4061300754547119,-0.2926281988620758,-0.07392576336860657,-0.2537250518798828,0.38024836778640747,-0.28308534622192383,-0.09187856316566467,-0.1039692610502243,-0.03401106595993042,-0.0969381332397461,0.004747241735458374,-0.2579296827316284,0.04242202639579773,-0.09094896912574768,0.06304013729095459,-0.05288645625114441,0.1285446286201477,0.23358052968978882,0.21000531315803528,0.25264066457748413,0.5772019028663635,0.4833213686943054,0.011592477560043335,-0.2997347116470337,0.46810853481292725,0.3892028033733368,-0.10195522010326385,0.05271999537944794,0.0667559802532196,-0.008939087390899658,0.06189417839050293,-0.171922504901886,-0.08578965067863464,0.17403192818164825,0.11304862797260284,0.20159423351287842,-0.29237526655197144,0.011969581246376038,-0.48107096552848816,0.7425931692123413,0.3189816474914551,0.3822537660598755,-0.2381930649280548,0.3794199824333191,-0.04215496778488159,0.10170814394950867,0.09292463958263397,-0.030407249927520752,-0.4568786025047302,0.3313080072402954,0.3938411474227905,-0.24626567959785461,-0.09122836589813232,0.03248067572712898,0.1493520438671112,0.12241953611373901,-0.443423867225647,-0.21855664253234863,0.2683679163455963,-0.5189937353134155,-0.03756570816040039,-0.5746396780014038,0.11920565366744995,-0.2674484848976135,-0.6607021689414978,0.4678957164287567,0.16278892755508423,0.33853599429130554,-0.395425945520401,-0.05701359361410141,-0.30082422494888306,0.08911389112472534,0.5347630977630615,0.3509324789047241,0.5825072526931763,-0.2746957540512085,0.1544417440891266,0.21773231029510498,0.06022706627845764,-0.31617605686187744,-0.08067059516906738,-0.15822967886924744,-0.14381688833236694,-0.08418935537338257,-0.040617793798446655,-0.2763402760028839,-0.11524727940559387,-0.03020608425140381,-0.4092620015144348,-0.042517781257629395,-0.14052793383598328,0.10500714182853699,0.624762237071991,0.10027188062667847,-0.09033143520355225,-0.7522854208946228,0.16745638847351074
0.2169824242591858,-0.35316604375839233,0.017667114734649658,-0.44491076469421387,-0.327203631401062,-0.06706118583679199,-0.2675824463367462,0.38927146792411804,-0.25696900486946106,-0.06860274076461792,-0.11017900705337524,-0.01938927173614502,-0.13151702284812927,0.019888222217559814,-0.2606234550476074,0.04962390661239624,-0.11539891362190247,0.05332842469215393,-0.06305727362632751,0.09482551366090775,0.23039212822914124,0.22011181712150574,0.26566046476364136,0.5590677857398987,0.48811742663383484,0.001758486032485962,-0.2543143630027771,0.46705418825149536,0.39753252267837524,-0.12658177316188812,0.08667276799678802,0.07656118273735046,0.013685822486877441,0.04562181234359741,-0.15425825119018555,-0.12072402238845825,0.14907051622867584,0.08065108954906464,0.19552677869796753,-0.2520410418510437,0.030939429998397827,-0.5008321404457092,0.7517907023429871,0.3459582030773163,0.35730496048927307,-0.22716093063354492,0.36748549342155457,-0.07859951257705688,0.12631238996982574,0.13075295090675354,-0.06458389759063721,-0.44450974464416504,0.31819528341293335,0.4229264259338379,-0.25700002908706665,-0.07560136914253235,0.03175574913620949,0.13485276699066162,0.13726377487182617,-0.45795154571533203,-0.19138610363006592,0.2528465688228607,-0.5147181153297424,-0.05248856544494629,-0.5788255929946899,0.1254313588142395,-0.2589845657348633,-0.6853228807449341,0.47218477725982666,0.1614254117012024,0.34393101930618286,-0.36046454310417175,-0.07356755435466766,-0.29281091690063477,0.07742273807525635,0.5052684545516968,0.3131512403488159,0.5970399975776672,-0.3083263039588928,0.19716531038284302,0.22418510913848877,0.07750928401947021,-0.31408917903900146,-0.09227663278579712,-0.16100750863552094,-0.20429490506649017,-0.10987868905067444,-0.0377713143825531,-0.2550521492958069,-0.08974534273147583,-0.02303147315979004,-0.40312957763671875,-0.03187879920005798,-0.14870598912239075,0.13586482405662537,0.6561740636825562,0.1124579906463623,-0.11442708969116211,-0.7571069598197937,0.16934919357299805
0.2428906261920929,-0.3494499921798706,0.0206301212310791,-0.4251086115837097,-0.31032225489616394,-0.07983022928237915,-0.2504945993423462,0.3878823518753052,-0.2762969732284546,-0.0790916383266449,-0.10999669134616852,-0.03093940019607544,-0.12725421786308289,0.013543635606765747,-0.2417832612991333,0.03519827127456665,-0.10571169853210449,0.052245885133743286,-0.05527681112289429,0.11670555919408798,0.22700229287147522,0.20837046205997467,0.26612991094589233,0.5659090280532837,0.4862350523471832,0.008328288793563843,-0.2631775438785553,0.46904295682907104,0.403072714805603,-0.09852807223796844,0.0697624534368515,0.07405632734298706,-0.004173099994659424,0.046114176511764526,-0.17343708872795105,-0.10080134868621826,0.16595812141895294,0.1096668690443039,0.180763840675354,-0.27825143933296204,0.014737099409103394,-0.5026391744613647,0.7613168954849243,0.32757192850112915,0.38131505250930786,-0.23528657853603363,0.3826594054698944,-0.05787736177444458,0.10914173722267151,0.10425134003162384,-0.031906142830848694,-0.4629300832748413,0.32189518213272095,0.4174787104129791,-0.252208948135376,-0.081231027841568,0.038275156170129776,0.1447329819202423,0.10997596383094788,-0.47119081020355225,-0.20299363136291504,0.25152936577796936,-0.5186886191368103,-0.04468989372253418,-0.5880352854728699,0.12280964851379395,-0.27178555727005005,-0.6938823461532593,0.47767966985702515,0.16556322574615479,0.3463859558105469,-0.38145729899406433,-0.06646482646465302,-0.3107364773750305,0.08585286140441895,0.5323597192764282,0.3405218720436096,0.596388041973114,-0.2963793873786926,0.16186672449111938,0.24674701690673828,0.0687728226184845,-0.3347705602645874,-0.08269184827804565,-0.13816344738006592,-0.15938331186771393,-0.0867612361907959,-0.04346968233585358,-0.2629360556602478,-0.10840946435928345,-0.024483799934387207,-0.4048658311367035,-0.028917968273162842,-0.1565464735031128,0.12590867280960083,0.6405435800552368,0.10804963111877441,-0.10483568906784058,-0.7593000531196594,0.17855381965637207
0.23859775066375732,-0.35058680176734924,0.008922457695007324,-0.44163942337036133,-0.3237074911594391,-0.07934308052062988,-0.2588875889778137,0.38452568650245667,-0.2611430883407593,-0.05795881152153015,-0.11975647509098053,-0.02185511589050293,-0.14945551753044128,0.02451816201210022,-0.23949682712554932,0.040610939264297485,-0.12290653586387634,0.054600268602371216,-0.05783921480178833,0.10610906034708023,0.22713086009025574,0.21432219445705414,0.27729499340057373,0.5588961243629456,0.48420217633247375,0.011093705892562866,-0.24564415216445923,0.4605981707572937,0.40583911538124084,-0.1109110563993454,0.07766811549663544,0.08472952246665955,0.0009472370147705078,0.042388737201690674,-0.16887983679771423,-0.11200109124183655,0.1612137109041214,0.1042250245809555,0.18197208642959595,-0.2629113793373108,0.018258094787597656,-0.5085355043411255,0.7558825016021729,0.33903419971466064,0.3741847574710846,-0.23153477907180786,0.37012290954589844,-0.07948851585388184,0.1163860559463501,0.11484384536743164,-0.04413232207298279,-0.4621327519416809,0.32038795948028564,0.42322859168052673,-0.251170814037323,-0.0695125162601471,0.031306300312280655,0.13270020484924316,0.12167476117610931,-0.4767979383468628,-0.19543278217315674,0.25465646386146545,-0.5145631432533264,-0.05366480350494385,-0.5921730995178223,0.12519633769989014,-0.2697228491306305,-0.6973703503608704,0.47110670804977417,0.16424661874771118,0.34902042150497437,-0.3687381148338318,-0.08384686708450317,-0.2973291873931885,0.0800979733467102,0.5222055912017822,0.32377833127975464,0.6011760830879211,-0.30826622247695923,0.18040108680725098,0.24511921405792236,0.06917738914489746,-0.3367435932159424,-0.08561623096466064,-0.1418014019727707,-0.17454056441783905,-0.10201048851013184,-0.03796111047267914,-0.255699098110199,-0.08977681398391724,-0.026920855045318604,-0.4075886607170105,-0.020671963691711426,-0.16140395402908325,0.1371174156665802,0.6510298848152161,0.11450952291488647,-0.12444078922271729,-0.7687866687774658,0.1772630214691162
0.24152514338493347,-0.3588523268699646,0.038811326026916504,-0.40478554368019104,-0.29229971766471863,-0.07440999150276184,-0.2532491385936737,0.38005608320236206,-0.2839753031730652,-0.09247395396232605,-0.10384052991867065,-0.03495281934738159,-0.09798678755760193,0.002238661050796509,-0.2577916383743286,0.04276737570762634,-0.09044747054576874,0.06201577186584473,-0.05208352208137512,0.12674623727798462,0.23494815826416016,0.211078941822052,0.25249165296554565,0.578369677066803,0.48187440633773804,0.009899049997329712,-0.2974421977996826,0.4701976776123047,0.3902488052845001,-0.10093237459659576,0.05311034619808197,0.06620219349861145,-0.008932173252105713,0.060454607009887695,-0.1727130115032196,-0.08411914110183716,0.1729165017604828,0.11364050209522247,0.20057064294815063,-0.2935461699962616,0.010908916592597961,-0.4826599657535553,0.7455968856811523,0.3192840814590454,0.38370251655578613,-0.23986351490020752,0.37975749373435974,-0.04065597057342529,0.10041627287864685,0.09223508834838867,-0.02759028971195221,-0.4589945673942566,0.3313972055912018,0.3933042287826538,-0.24861431121826172,-0.09115225076675415,0.03393055871129036,0.15140753984451294,0.1213148832321167,-0.4438002109527588,-0.2167654037475586,0.26705262064933777,-0.5182609558105469,-0.0364152193069458,-0.5749304890632629,0.11924540996551514,-0.26856523752212524,-0.6620218753814697,0.46697720885276794,0.16232633590698242,0.33894240856170654,-0.3972656726837158,-0.05610828101634979,-0.30088722705841064,0.0891309380531311,0.5350726842880249,0.35235798358917236,0.5834556221961975,-0.27631595730781555,0.15424883365631104,0.21963179111480713,0.06057804822921753,-0.31416594982147217,-0.08199429512023926,-0.15711407363414764,-0.14154532551765442,-0.08309447765350342,-0.04234917461872101,-0.27478769421577454,-0.11723151803016663,-0.029723674058914185,-0.407934308052063,-0.040885359048843384,-0.14327159523963928,0.1063866913318634,0.6231657266616821,0.1001313328742981,-0.09100073575973511,-0.7499189376831055,0.1664257049560547
0.24199551343917847,-0.33874303102493286,0.0005421042442321777,-0.4409142732620239,-0.3284911811351776,-0.08465927839279175,-0.2484012246131897,0.38653284311294556,-0.2626428008079529,-0.05497017502784729,-0.12029823660850525,-0.025417447090148926,-0.1692792922258377,0.019399404525756836,-0.22289669513702393,0.0342845618724823,-0.12472683191299438,0.041395217180252075,-0.05527511239051819,0.09325631707906723,0.22214394807815552,0.21237578988075256,0.28231871128082275,0.550477921962738,0.47688910365104675,0.0008357763290405273,-0.2102465033531189,0.4669661521911621,0.4171886444091797,-0.09828276932239532,0.08977596461772919,0.08438652753829956,-4.208087921142578e-05,0.02645474672317505,-0.17442059516906738,-0.11270266771316528,0.15116600692272186,0.10597631335258484,0.15832138061523438,-0.259205162525177,0.014179140329360962,-0.5249359607696533,0.7749296426773071,0.3363860249519348,0.37721338868141174,-0.2346607744693756,0.3729493021965027,-0.08205181360244751,0.11230817437171936,0.11403930187225342,-0.029749110341072083,-0.4698512554168701,0.3115397095680237,0.43272820115089417,-0.2617650032043457,-0.06078532338142395,0.04530872777104378,0.13768449425697327,0.10175050795078278,-0.4947338104248047,-0.17745733261108398,0.23322473466396332,-0.5074865818023682,-0.05159711837768555,-0.5985507369041443,0.12582671642303467,-0.2766314148902893,-0.7215923070907593,0.4731248617172241,0.16482120752334595,0.3522062599658966,-0.3633088767528534,-0.08204135298728943,-0.30692213773727417,0.07653611898422241,0.5198149681091309,0.3246881365776062,0.6082889437675476,-0.3240932524204254,0.17823262512683868,0.27311456203460693,0.07695788145065308,-0.3419233560562134,-0.0897478461265564,-0.1173204779624939,-0.1715889722108841,-0.09588924050331116,-0.047375261783599854,-0.2416863590478897,-0.09669458866119385,-0.020666956901550293,-0.39666247367858887,-0.006215184926986694,-0.1811499297618866,0.15466436743736267,0.6479736566543579,0.11653178930282593,-0.1312764286994934,-0.7565484046936035,0.18227028846740723
0.2301444113254547,-0.3535427153110504,0.0021749138832092285,-0.4614901840686798,-0.33458831906318665,-0.08164632320404053,-0.26072996854782104,0.3868946433067322,-0.2543598711490631,-0.05338236689567566,-0.12597446143627167,-0.01480257511138916,-0.1505652666091919,0.030768603086471558,-0.2396864891052246,0.03727596998214722,-0.1403982788324356,0.06058594584465027,-0.061829596757888794,0.10924946516752243,0.22325673699378967,0.21202008426189423,0.2790336012840271,0.5565859079360962,0.49801212549209595,0.01978921890258789,-0.24608352780342102,0.45264893770217896,0.40574756264686584,-0.11832322180271149,0.08273105323314667,0.08974552154541016,0.009394288063049316,0.051661789417266846,-0.16006597876548767,-0.12876272201538086,0.1593383401632309,0.09584526717662811,0.18138724565505981,-0.24665306508541107,0.019258737564086914,-0.49806463718414307,0.7487384080886841,0.34531933069229126,0.36639195680618286,-0.21990934014320374,0.37409576773643494,-0.09108477830886841,0.1309998333454132,0.13074424862861633,-0.05810515955090523,-0.44825631380081177,0.31276342272758484,0.4366869628429413,-0.23877406120300293,-0.07453501224517822,0.021463174372911453,0.11942421644926071,0.12871888279914856,-0.4839034080505371,-0.19854211807250977,0.25419944524765015,-0.518707811832428,-0.06587135791778564,-0.5967127680778503,0.12473642826080322,-0.2603790760040283,-0.7014489769935608,0.487909734249115,0.16811221837997437,0.3520834743976593,-0.34968364238739014,-0.09155842661857605,-0.29835039377212524,0.08821260929107666,0.518052339553833,0.30521488189697266,0.604069173336029,-0.3061872720718384,0.18700040876865387,0.234826922416687,0.06562620401382446,-0.3504525423049927,-0.08388012647628784,-0.14590732753276825,-0.1945800483226776,-0.11247819662094116,-0.02863326668739319,-0.2621464729309082,-0.0806470513343811,-0.02671438455581665,-0.4150146543979645,-0.02689024806022644,-0.15195700526237488,0.13597002625465393,0.66578608751297,0.12576192617416382,-0.1183963418006897,-0.7835849523544312,0.18782258033752441
0.24152514338493347,-0.3588523268699646,0.038811326026916504,-0.40478554368019104,-0.29229971766471863,-0.07440999150276184,-0.2532491385936737,0.38005608320236206,-0.2839753031730652,-0.09247395396232605,-0.10384052991867065,-0.03495281934738159,-0.09798678755760193,0.002238661050796509,-0.2577916383743286,0.04276737570762634,-0.09044747054576874,0.06201577186584473,-0.05208352208137512,0.12674623727798462,0.23494815826416016,0.211078941822052,0.25249165296554565,0.578369677066803,0.48187440633773804,0.009899049997329712,-0.2974421977996826,0.4701976776123047,0.3902488052845001,-0.10093237459659576,0.05311034619808197,0.06620219349861145,-0.008932173252105713,0.060454607009887695,-0.1727130115032196,-0.08411914110183716,0.1729165017604828,0.11364050209522247,0.20057064294815063,-0.2935461699962616,0.010908916592597961,-0.4826599657535553,0.7455968856811523,0.3192840814590454,0.38370251655578613,-0.23986351490020752,0.37975749373435974,-0.04065597057342529,0.10041627287864685,0.09223508834838867,-0.02759028971195221,-0.4589945673942566,0.3313972055912018,0.3933042287826538,-0.24861431121826172,-0.09115225076675415,0.03393055871129036,0.15140753984451294,0.1213148832321167,-0.4438002109527588,-0.2167654037475586,0.26705262064933777,-0.5182609558105469,-0.0364152193069458,-0.5749304890632629,0.11924540996551514,-0.26856523752212524,-0.6620218753814697,0.46697720885276794,0.16232633590698242,0.33894240856170654,-0.3972656726837158,-0.05610828101634979,-0.30088722705841064,0.0891309380531311,0.5350726842880249,0.35235798358917236,0.5834556221961975,-0.27631595730781555,0.15424883365631104,0.21963179111480713,0.06057804822921753,-0.31416594982147217,-0.08199429512023926,-0.15711407363414764,-0.14154532551765442,-0.08309447765350342,-0.04234917461872101,-0.27478769421577454,-0.11723151803016663,-0.029723674058914185,-0.407934308052063,-0.040885359048843384,-0.14327159523963928,0.1063866913318634,0.6231657266616821,0.1001313328742981,-0.09100073575973511,-0.7499189376831055,0.1664257049560547
0.2322174608707428,-0.35371288657188416,-0.004951417446136475,-0.4711932837963104,-0.34339654445648193,-0.07392895221710205,-0.26683276891708374,0.39694368839263916,-0.25158441066741943,-0.04850447177886963,-0.12198741734027863,-0.011043787002563477,-0.16097572445869446,0.04459714889526367,-0.24096167087554932,0.04248875379562378,-0.13731209933757782,0.05573543906211853,-0.06629595160484314,0.11081304401159286,0.22216132283210754,0.21330654621124268,0.28746622800827026,0.5514526963233948,0.5011909008026123,0.016384989023208618,-0.2409161627292633,0.45458561182022095,0.40666377544403076,-0.12546907365322113,0.08826212584972382,0.09411689639091492,0.0096396803855896,0.04386207461357117,-0.1595909595489502,-0.13521158695220947,0.16032105684280396,0.09235595166683197,0.18379074335098267,-0.24367672204971313,0.02875576913356781,-0.5154627561569214,0.7567222714424133,0.35126253962516785,0.3652881681919098,-0.22126641869544983,0.3745609521865845,-0.1003909707069397,0.13589119911193848,0.13640820980072021,-0.07222771644592285,-0.4549694061279297,0.3211795687675476,0.4490768015384674,-0.242304265499115,-0.06574830412864685,0.024127308279275894,0.12015142291784286,0.12863531708717346,-0.48570919036865234,-0.19732296466827393,0.255674809217453,-0.5225534439086914,-0.06324279308319092,-0.599362313747406,0.13001203536987305,-0.26505938172340393,-0.7132280468940735,0.48599231243133545,0.16851532459259033,0.3574141263961792,-0.3502815365791321,-0.09370415657758713,-0.3036877512931824,0.07917934656143188,0.5171377658843994,0.30705714225769043,0.6075891852378845,-0.31536221504211426,0.19837652146816254,0.24452495574951172,0.07405814528465271,-0.35628247261047363,-0.0802646279335022,-0.1485876888036728,-0.20990587770938873,-0.11852538585662842,-0.030271172523498535,-0.2571316361427307,-0.0715818703174591,-0.02425500750541687,-0.4204355776309967,-0.028451919555664062,-0.1532604694366455,0.1440524458885193,0.6822323203086853,0.12012231349945068,-0.13274425268173218,-0.7962349653244019,0.19009733200073242
0.225775808095932,-0.3414878249168396,0.009827673435211182,-0.43874722719192505,-0.3226798474788666,-0.0712200403213501,-0.257451593875885,0.3884086608886719,-0.25543662905693054,-0.06596356630325317,-0.11131192743778229,-0.02054905891418457,-0.1379280388355255,0.027600914239883423,-0.24306416511535645,0.040550559759140015,-0.11472027003765106,0.04781603813171387,-0.06185922026634216,0.10163243860006332,0.21972182393074036,0.2096862494945526,0.26880884170532227,0.5438318848609924,0.48298612236976624,0.005476087331771851,-0.24372100830078125,0.4576648473739624,0.3958286643028259,-0.11449359357357025,0.08369515836238861,0.0794130265712738,0.0066550374031066895,0.03971460461616516,-0.15930190682411194,-0.11909615993499756,0.15384386479854584,0.09013666212558746,0.1806301474571228,-0.2524074912071228,0.0295422226190567,-0.5030126571655273,0.746247410774231,0.3364613354206085,0.3592784106731415,-0.2250007688999176,0.3673045337200165,-0.07835346460342407,0.12266819179058075,0.12213435769081116,-0.05797930434346199,-0.44634926319122314,0.31279510259628296,0.42445921897888184,-0.25051575899124146,-0.07038378715515137,0.03467336669564247,0.13207238912582397,0.12120895087718964,-0.46522343158721924,-0.19068598747253418,0.2456655502319336,-0.5094963312149048,-0.05157876014709473,-0.5780808925628662,0.12481635808944702,-0.26119181513786316,-0.6893337368965149,0.46887660026550293,0.16069042682647705,0.3417266607284546,-0.35781005024909973,-0.07530008256435394,-0.29956334829330444,0.07630270719528198,0.5077895522117615,0.31556886434555054,0.5903404951095581,-0.30542808771133423,0.18321168422698975,0.23999178409576416,0.07696565985679626,-0.32891392707824707,-0.08319896459579468,-0.14414750039577484,-0.1922861784696579,-0.10170185565948486,-0.03873187303543091,-0.24910582602024078,-0.08855193853378296,-0.0220048725605011,-0.3984532058238983,-0.02758227288722992,-0.15067127346992493,0.1358712911605835,0.6504561901092529,0.10832053422927856,-0.11828732490539551,-0.7550671100616455,0.1752915382385254
0.2412811815738678,-0.3429056704044342,0.004294157028198242,-0.44289594888687134,-0.3217792212963104,-0.08650276064872742,-0.2465660274028778,0.38337942957878113,-0.26276537775993347,-0.06006723642349243,-0.12136770784854889,-0.023669540882110596,-0.14951539039611816,0.02477434277534485,-0.2235499620437622,0.02872028946876526,-0.12933149933815002,0.0534500777721405,-0.05603480339050293,0.11384072154760361,0.21718141436576843,0.20314128696918488,0.27572786808013916,0.5515031218528748,0.4868174195289612,0.017011255025863647,-0.2380284070968628,0.453710675239563,0.40586358308792114,-0.09971548616886139,0.0765177458524704,0.08432650566101074,-0.0017242431640625,0.04587927460670471,-0.17039653658866882,-0.11558452248573303,0.16322438418865204,0.10993616282939911,0.166093647480011,-0.25891420245170593,0.011430293321609497,-0.49983954429626465,0.7514888644218445,0.3303145468235016,0.37536537647247314,-0.2248372882604599,0.37718215584754944,-0.07750725746154785,0.11906710267066956,0.11291360855102539,-0.03729964792728424,-0.4563778042793274,0.30932921171188354,0.43007081747055054,-0.2400256097316742,-0.07408663630485535,0.03235258534550667,0.1271863877773285,0.10721012949943542,-0.4877040386199951,-0.19596552848815918,0.24390095472335815,-0.5123539566993713,-0.05823624134063721,-0.595038115978241,0.1217203140258789,-0.2665991485118866,-0.7046961188316345,0.4831272065639496,0.16752946376800537,0.34944772720336914,-0.3573714792728424,-0.08354950696229935,-0.30739808082580566,0.08893626928329468,0.5246933698654175,0.31914740800857544,0.5979518890380859,-0.30163395404815674,0.16648223996162415,0.2520486116409302,0.06503275036811829,-0.3550368547439575,-0.07952344417572021,-0.1261211335659027,-0.16790080070495605,-0.09521448612213135,-0.035347893834114075,-0.25765252113342285,-0.09398066997528076,-0.025190532207489014,-0.40617138147354126,-0.021190226078033447,-0.15921491384506226,0.13521358370780945,0.6469642519950867,0.11990070343017578,-0.11392629146575928,-0.7686541676521301,0.18944168090820312
0.2086023986339569,-0.3467746675014496,-0.002699434757232666,-0.4705578088760376,-0.34739670157432556,-0.06232941150665283,-0.2745470106601715,0.3921031355857849,-0.23542334139347076,-0.0456201434135437,-0.11611334979534149,-0.0058876872062683105,-0.15760117769241333,0.0445103645324707,-0.25091850757598877,0.05127289891242981,-0.1346295177936554,0.05073583126068115,-0.07055473327636719,0.08773540705442429,0.22004392743110657,0.21865501999855042,0.2801007628440857,0.534957230091095,0.48957449197769165,0.00597691535949707,-0.2279362678527832,0.44978058338165283,0.3962306082248688,-0.14099030196666718,0.10024194419384003,0.09045016765594482,0.021708667278289795,0.03907269239425659,-0.1440221667289734,-0.14458197355270386,0.1418386697769165,0.06944994628429413,0.18978875875473022,-0.22465473413467407,0.042528167366981506,-0.5088452100753784,0.740515410900116,0.35610657930374146,0.34028884768486023,-0.21470743417739868,0.35551393032073975,-0.10909414291381836,0.14238768815994263,0.1498417854309082,-0.09212276339530945,-0.4345729351043701,0.3117777109146118,0.44109365344047546,-0.24850809574127197,-0.05950167775154114,0.024376709014177322,0.11650793999433517,0.14363792538642883,-0.4649008512496948,-0.182167649269104,0.248134046792984,-0.5085612535476685,-0.06400859355926514,-0.5800817608833313,0.12933111190795898,-0.2533389925956726,-0.6946035623550415,0.46857380867004395,0.1605474352836609,0.3467082381248474,-0.33249908685684204,-0.09232067316770554,-0.28635358810424805,0.06756782531738281,0.48648202419281006,0.2873162031173706,0.5968777537345886,-0.32043829560279846,0.21896791458129883,0.22706854343414307,0.084204763174057,-0.3282294273376465,-0.08837532997131348,-0.15968577563762665,-0.23712918162345886,-0.13010504841804504,-0.029507219791412354,-0.24378947913646698,-0.06231781840324402,-0.022060513496398926,-0.40547600388526917,-0.02758486568927765,-0.14758703112602234,0.15053075551986694,0.6763255000114441,0.11745506525039673,-0.13601237535476685,-0.7714887261390686,0.17461252212524414
0.20944562554359436,-0.3574438989162445,0.010405540466308594,-0.4679716229438782,-0.34084323048591614,-0.07154858112335205,-0.27331703901290894,0.38597366213798523,-0.24693195521831512,-0.05406719446182251,-0.12079738080501556,-0.011278808116912842,-0.14318770170211792,0.02741733193397522,-0.25820839405059814,0.048847973346710205,-0.13926416635513306,0.06315675377845764,-0.06468364596366882,0.09405795484781265,0.2291099727153778,0.22217434644699097,0.2717660069465637,0.5596902370452881,0.49740907549858093,0.013070285320281982,-0.25053706765174866,0.45689064264297485,0.3985738158226013,-0.13839270174503326,0.09179668128490448,0.08382269740104675,0.02147430181503296,0.05566293001174927,-0.14778369665145874,-0.1368272602558136,0.14779892563819885,0.07512335479259491,0.19722503423690796,-0.23511774837970734,0.029653146862983704,-0.4918709993362427,0.7414692640304565,0.35580915212631226,0.35129547119140625,-0.2164802998304367,0.36590221524238586,-0.09514462947845459,0.13924549520015717,0.14484280347824097,-0.07792378962039948,-0.4354896545410156,0.31257134675979614,0.4333935081958771,-0.24512922763824463,-0.0772692859172821,0.019669774919748306,0.11825612932443619,0.14965489506721497,-0.46842098236083984,-0.19334638118743896,0.2570883631706238,-0.5168642997741699,-0.0681617259979248,-0.5862361192703247,0.12377047538757324,-0.2517237663269043,-0.6893610954284668,0.4844399094581604,0.16538411378860474,0.34867995977401733,-0.3407976031303406,-0.08874187618494034,-0.2860320210456848,0.08398681879043579,0.5000297427177429,0.29154902696609497,0.6026959419250488,-0.30988380312919617,0.2091144621372223,0.21234095096588135,0.07076877355575562,-0.3277573585510254,-0.09308743476867676,-0.16555364429950714,-0.2219928354024887,-0.12370681762695312,-0.026069805026054382,-0.2611703872680664,-0.07618632912635803,-0.02632489800453186,-0.4117291271686554,-0.03188449144363403,-0.14334210753440857,0.13957884907722473,0.6695383191108704,0.12800216674804688,-0.11523318290710449,-0.773294985294342,0.17746496200561523
0.22936788201332092,-0.35747671127319336,-0.0012891888618469238,-0.4708925187587738,-0.3410439193248749,-0.07625609636306763,-0.26695266366004944,0.3940734267234802,-0.25179144740104675,-0.05161726474761963,-0.1239604651927948,-0.010606527328491211,-0.15182572603225708,0.04030677676200867,-0.2459108829498291,0.04182305932044983,-0.14075376093387604,0.06066372990608215,-0.06673189997673035,0.11426510661840439,0.22365617752075195,0.21307675540447235,0.28344833850860596,0.5568400621414185,0.5051194429397583,0.020639240741729736,-0.25234052538871765,0.4523864984512329,0.4050288200378418,-0.12747229635715485,0.08392195403575897,0.09403005242347717,0.01153641939163208,0.052463680505752563,-0.1574663519859314,-0.13614165782928467,0.16226281225681305,0.09154562652111053,0.18843990564346313,-0.24317842721939087,0.025385066866874695,-0.5036869049072266,0.7501256465911865,0.3511704206466675,0.36475107073783875,-0.2182176411151886,0.37602442502975464,-0.09752446413040161,0.13760632276535034,0.13797950744628906,-0.07127363979816437,-0.4491434097290039,0.3187447190284729,0.44588813185691833,-0.23707538843154907,-0.0732860267162323,0.01783749833703041,0.11697591096162796,0.1334996372461319,-0.4828730821609497,-0.20288443565368652,0.2595248222351074,-0.5244145393371582,-0.06636679172515869,-0.5986545085906982,0.12767231464385986,-0.26093927025794983,-0.705387532711029,0.4911254346370697,0.16984814405441284,0.35549402236938477,-0.348977267742157,-0.09355871379375458,-0.300210177898407,0.08603662252426147,0.5183121562004089,0.30348408222198486,0.606338620185852,-0.3080776631832123,0.19511309266090393,0.23303604125976562,0.06808856129646301,-0.3553518056869507,-0.08116185665130615,-0.1538906842470169,-0.20792876183986664,-0.11853224039077759,-0.02645067870616913,-0.2639240026473999,-0.072572261095047,-0.026284486055374146,-0.42293161153793335,-0.03291720151901245,-0.146782785654068,0.13588446378707886,0.6800211668014526,0.12429732084274292,-0.12345361709594727,-0.7974785566329956,0.1903524398803711
0.21692201495170593,-0.3732566833496094,0.01332181692123413,-0.4775741398334503,-0.33994242548942566,-0.07937371730804443,-0.2741733193397522,0.3856196403503418,-0.2558373808860779,-0.056285709142684937,-0.12918393313884735,-0.009460508823394775,-0.1326618790626526,0.02615758776664734,-0.2629661560058594,0.04601085186004639,-0.151057168841362,0.07982349395751953,-0.06325533986091614,0.11596954613924026,0.23452907800674438,0.22154933214187622,0.27257591485977173,0.5786392688751221,0.5159456729888916,0.029457420110702515,-0.2795328199863434,0.45368528366088867,0.4007714092731476,-0.13769088685512543,0.07889483869075775,0.08818310499191284,0.01944422721862793,0.07653599977493286,-0.14984697103500366,-0.13644006848335266,0.16098269820213318,0.08523023128509521,0.20648038387298584,-0.24225926399230957,0.018760114908218384,-0.47685059905052185,0.7386458516120911,0.35672205686569214,0.36193230748176575,-0.21332253515720367,0.3792150616645813,-0.09253805875778198,0.1420208066701889,0.14491412043571472,-0.07526913285255432,-0.4352889060974121,0.3190200924873352,0.4360577464103699,-0.2293255627155304,-0.09018611907958984,0.005694199353456497,0.11236567050218582,0.15617410838603973,-0.47387421131134033,-0.2143251895904541,0.2732026278972626,-0.5304445028305054,-0.07491159439086914,-0.5975499153137207,0.1224105954170227,-0.2501905858516693,-0.6871876120567322,0.5040920972824097,0.17277872562408447,0.3553035855293274,-0.34503453969955444,-0.09412436187267303,-0.28981882333755493,0.10017484426498413,0.5177690982818604,0.29369163513183594,0.6083282828330994,-0.2957424223423004,0.20107969641685486,0.197440505027771,0.055706292390823364,-0.3456118106842041,-0.08873331546783447,-0.17513149976730347,-0.21287067234516144,-0.12778261303901672,-0.016169235110282898,-0.2842070460319519,-0.07769787311553955,-0.03219574689865112,-0.43103575706481934,-0.042984724044799805,-0.13386470079421997,0.12442755699157715,0.6782914996147156,0.13777917623519897,-0.10212892293930054,-0.800152063369751,0.18810796737670898
0.24670737981796265,-0.331510454416275,-0.00312197208404541,-0.43207505345344543,-0.3180939853191376,-0.08715400099754333,-0.24060261249542236,0.38411855697631836,-0.25880110263824463,-0.05776333808898926,-0.12059949338436127,-0.023489952087402344,-0.1577337086200714,0.030141830444335938,-0.21319139003753662,0.02489638328552246,-0.12427717447280884,0.04379153251647949,-0.05661556124687195,0.11147741228342056,0.21073079109191895,0.19831734895706177,0.27873796224594116,0.5345183610916138,0.476085901260376,0.013501733541488647,-0.22363057732582092,0.4476773738861084,0.40518829226493835,-0.09141717851161957,0.0756479948759079,0.0884132981300354,-0.005141854286193848,0.03330498933792114,-0.17422735691070557,-0.11234372854232788,0.16248881816864014,0.11491471529006958,0.15521082282066345,-0.2588658928871155,0.014110982418060303,-0.5088152289390564,0.7506471276283264,0.3251911401748657,0.3745935559272766,-0.22617073357105255,0.37246593832969666,-0.07758373022079468,0.11224214732646942,0.10614551603794098,-0.030274391174316406,-0.46095991134643555,0.30637431144714355,0.42785802483558655,-0.24259868264198303,-0.06491214036941528,0.03638455644249916,0.12936171889305115,0.09518083930015564,-0.4882340431213379,-0.19007110595703125,0.23539304733276367,-0.503677248954773,-0.05358481407165527,-0.5895386934280396,0.12269151210784912,-0.2704031467437744,-0.7058553099632263,0.4690377414226532,0.16321110725402832,0.3441399931907654,-0.3591611683368683,-0.08316850662231445,-0.3078390955924988,0.08165192604064941,0.5212687849998474,0.3224725127220154,0.5915220379829407,-0.30529141426086426,0.15897665917873383,0.26966941356658936,0.06946763396263123,-0.3557405471801758,-0.07603633403778076,-0.11331820487976074,-0.15831269323825836,-0.08893349766731262,-0.04088762402534485,-0.24470284581184387,-0.09130045771598816,-0.02241531014442444,-0.39584317803382874,-0.012902110815048218,-0.1667977273464203,0.1384199559688568,0.6402363777160645,0.11129850149154663,-0.12423354387283325,-0.7580878138542175,0.18650341033935547
0.2424364984035492,-0.32955142855644226,-0.008250176906585693,-0.43901291489601135,-0.3233802020549774,-0.08298125863075256,-0.24379295110702515,0.3870253562927246,-0.2516002357006073,-0.05437427759170532,-0.11989535391330719,-0.019276976585388184,-0.16062995791435242,0.03948381543159485,-0.2146381139755249,0.026936888694763184,-0.12755218148231506,0.04223412275314331,-0.06128197908401489,0.11114423722028732,0.20688346028327942,0.1966724842786789,0.2812207341194153,0.5264432430267334,0.4771951138973236,0.013729482889175415,-0.22021502256393433,0.4428088068962097,0.4025958776473999,-0.09821002185344696,0.07956825196743011,0.09195917844772339,-0.002034604549407959,0.03185358643531799,-0.16902169585227966,-0.12143397331237793,0.16113385558128357,0.1090119481086731,0.15659698843955994,-0.24962486326694489,0.020275473594665527,-0.5103256702423096,0.7456674575805664,0.327990859746933,0.36735838651657104,-0.22065940499305725,0.36964893341064453,-0.08596295118331909,0.11974039673805237,0.11387485265731812,-0.042044252157211304,-0.4562339186668396,0.3053340017795563,0.4339413642883301,-0.23921990394592285,-0.06222808361053467,0.03404073789715767,0.12316051870584488,0.09803898632526398,-0.4857034683227539,-0.18895184993743896,0.23481382429599762,-0.5019629597663879,-0.056136131286621094,-0.5869760513305664,0.12356865406036377,-0.26671499013900757,-0.7061716914176941,0.46857669949531555,0.16316431760787964,0.3440127372741699,-0.350591242313385,-0.0852966457605362,-0.3063298463821411,0.07892262935638428,0.5147796869277954,0.3143081068992615,0.5891799926757812,-0.3073742091655731,0.16585499048233032,0.2674328088760376,0.07282248139381409,-0.3585018515586853,-0.0739220380783081,-0.11565646529197693,-0.17112644016742706,-0.09445899724960327,-0.038750097155570984,-0.24115309119224548,-0.08143118023872375,-0.021387159824371338,-0.39696988463401794,-0.01574525237083435,-0.1623329222202301,0.13951799273490906,0.6479969024658203,0.11038276553153992,-0.1287514567375183,-0.7630784511566162,0.18781447410583496
0.22371307015419006,-0.3604097068309784,-2.0325183868408203e-05,-0.4723852574825287,-0.34298238158226013,-0.07002073526382446,-0.2733410596847534,0.3950325846672058,-0.24821940064430237,-0.05031237006187439,-0.12265786528587341,-0.007611632347106934,-0.15027549862861633,0.04220002889633179,-0.25457823276519775,0.04932555556297302,-0.13845787942409515,0.06171923875808716,-0.06843337416648865,0.10974080115556717,0.22671160101890564,0.2183789312839508,0.2822350263595581,0.5558153390884399,0.5041797161102295,0.01744040846824646,-0.25407683849334717,0.45318371057510376,0.40167000889778137,-0.13565503060817719,0.0861191600561142,0.09385684132575989,0.014975190162658691,0.05221736431121826,-0.1530781090259552,-0.13772153854370117,0.15833556652069092,0.08467759191989899,0.19662725925445557,-0.23976263403892517,0.030766785144805908,-0.5048225522041321,0.7475969791412354,0.35597944259643555,0.35862627625465393,-0.218741774559021,0.37133264541625977,-0.10141521692276001,0.13946038484573364,0.14256370067596436,-0.08070649206638336,-0.44646912813186646,0.32230401039123535,0.4436952471733093,-0.239918053150177,-0.07016614079475403,0.016997475177049637,0.11734070628881454,0.14310510456562042,-0.4733346700668335,-0.20114350318908691,0.2633263170719147,-0.5231351852416992,-0.06517219543457031,-0.5934481024742126,0.1291438341140747,-0.25818198919296265,-0.699110746383667,0.48459291458129883,0.1671110987663269,0.35430413484573364,-0.3481675386428833,-0.09368905425071716,-0.2942625880241394,0.08126914501190186,0.5110043287277222,0.30051881074905396,0.6046141386032104,-0.31112414598464966,0.20600160956382751,0.2254927158355713,0.0714656412601471,-0.3450123071670532,-0.08347517251968384,-0.16394869983196259,-0.2181490659713745,-0.12553071975708008,-0.025970742106437683,-0.26188135147094727,-0.068153977394104,-0.026535063982009888,-0.42301303148269653,-0.034841567277908325,-0.1450328826904297,0.13738006353378296,0.6835449934005737,0.12157374620437622,-0.12808579206466675,-0.7962110638618469,0.18459129333496094
0.2403450310230255,-0.34893372654914856,0.014628171920776367,-0.4331355690956116,-0.31701216101646423,-0.07834875583648682,-0.253695547580719,0.3883075416088104,-0.26949918270111084,-0.07113721966743469,-0.11249205470085144,-0.026919782161712646,-0.13711223006248474,0.019941329956054688,-0.24049556255340576,0.038071125745773315,-0.11320284008979797,0.05185079574584961,-0.057746708393096924,0.1132441833615303,0.22547239065170288,0.20944571495056152,0.2712327241897583,0.5614292621612549,0.48527792096138,0.008248239755630493,-0.2537517249584198,0.46564632654190063,0.4039956331253052,-0.10462255775928497,0.07456164062023163,0.0788830816745758,-0.001687169075012207,0.04404208064079285,-0.17071104049682617,-0.10815805196762085,0.16359668970108032,0.10661199688911438,0.18013018369674683,-0.2695936858654022,0.016646474599838257,-0.5064233541488647,0.7598563432693481,0.33180296421051025,0.3775293529033661,-0.23197129368782043,0.3790202736854553,-0.06837648153305054,0.11433020234107971,0.11070230603218079,-0.038063228130340576,-0.46251004934310913,0.3214488625526428,0.4230640232563019,-0.25056225061416626,-0.07637113332748413,0.036538902670145035,0.138678640127182,0.1130618155002594,-0.4730522632598877,-0.19918811321258545,0.25053417682647705,-0.5156539678573608,-0.04844677448272705,-0.589607834815979,0.12324565649032593,-0.2704927623271942,-0.6981558799743652,0.47655192017555237,0.16591978073120117,0.34839707612991333,-0.37313753366470337,-0.07159337401390076,-0.30693256855010986,0.08346444368362427,0.5268131494522095,0.3323360085487366,0.5979595184326172,-0.3019641637802124,0.170469269156456,0.24681437015533447,0.07050782442092896,-0.33742034435272217,-0.08310061693191528,-0.13804997503757477,-0.16817808151245117,-0.0936037003993988,-0.04194477200508118,-0.2588545083999634,-0.09930449724197388,-0.024410635232925415,-0.40671950578689575,-0.026837021112442017,-0.1582379937171936,0.1314641535282135,0.6469336748123169,0.11056846380233765,-0.11270612478256226,-0.764167070388794,0.17987966537475586
0.224958598613739,-0.36261311173439026,0.01423555612564087,-0.4560030698776245,-0.32877156138420105,-0.07411593198776245,-0.26854780316352844,0.38771605491638184,-0.25949594378471375,-0.06361448764801025,-0.119694784283638,-0.014371812343597412,-0.1305471658706665,0.028003424406051636,-0.2577124834060669,0.045905351638793945,-0.12998870015144348,0.06799080967903137,-0.06232243776321411,0.11690140515565872,0.22955670952796936,0.2166658490896225,0.2702460289001465,0.5671538710594177,0.5027561187744141,0.02075570821762085,-0.2747991681098938,0.4558979272842407,0.39641422033309937,-0.12798462808132172,0.07490937411785126,0.08458080887794495,0.010629355907440186,0.06316307187080383,-0.15671613812446594,-0.12403029203414917,0.1634083241224289,0.09174549579620361,0.2007787823677063,-0.2531801462173462,0.022726595401763916,-0.48806512355804443,0.7410468459129333,0.3456171154975891,0.3655184805393219,-0.22091713547706604,0.3761865794658661,-0.08247125148773193,0.13053207099437714,0.1300412118434906,-0.06670182943344116,-0.44474923610687256,0.32309868931770325,0.42757946252822876,-0.23714756965637207,-0.08279255032539368,0.01755121722817421,0.12332428246736526,0.14167392253875732,-0.46551036834716797,-0.21073472499847412,0.26781076192855835,-0.5238854289054871,-0.06152379512786865,-0.5883846879005432,0.12368690967559814,-0.257692813873291,-0.6839795708656311,0.48658299446105957,0.16789430379867554,0.3495861291885376,-0.35864347219467163,-0.0833980068564415,-0.2947283387184143,0.08945739269256592,0.5189031958580017,0.3111303448677063,0.5985172986984253,-0.2953824996948242,0.18985441327095032,0.21378827095031738,0.06279322504997253,-0.3382624387741089,-0.08381831645965576,-0.16552135348320007,-0.19750288128852844,-0.11473751068115234,-0.02641075849533081,-0.2731584310531616,-0.08357822895050049,-0.02920764684677124,-0.42156219482421875,-0.039876788854599,-0.13875022530555725,0.12455207109451294,0.6666052341461182,0.1208154559135437,-0.10891222953796387,-0.784555196762085,0.18204832077026367
0.21943649649620056,-0.3602800667285919,0.01812034845352173,-0.4540640711784363,-0.3316318392753601,-0.06557029485702515,-0.27079495787620544,0.3925304710865021,-0.260924756526947,-0.0668911337852478,-0.11076036095619202,-0.018562018871307373,-0.132083922624588,0.02238723635673523,-0.2612133026123047,0.0514892041683197,-0.11620798707008362,0.05831316113471985,-0.06269299983978271,0.10015828162431717,0.23314934968948364,0.22223855555057526,0.2694755792617798,0.5659406781196594,0.4964912235736847,0.00459638237953186,-0.26030075550079346,0.46942609548568726,0.3989236652851105,-0.12876076996326447,0.0869976133108139,0.07623651623725891,0.013169348239898682,0.04937818646430969,-0.15411376953125,-0.12184056639671326,0.15185220539569855,0.08185647428035736,0.19988489151000977,-0.2548288106918335,0.03173154592514038,-0.5034887790679932,0.7560202479362488,0.349107563495636,0.35990384221076965,-0.22898653149604797,0.3707389831542969,-0.08124428987503052,0.12801788747310638,0.13212314248085022,-0.07133692502975464,-0.4457845687866211,0.3242151737213135,0.42818373441696167,-0.25564444065093994,-0.07477587461471558,0.03017747774720192,0.13592782616615295,0.14169101417064667,-0.4613351821899414,-0.1962146759033203,0.2590433359146118,-0.5218985080718994,-0.053348541259765625,-0.5850111246109009,0.12839913368225098,-0.2607734203338623,-0.6901847720146179,0.4777899980545044,0.1631348729133606,0.3495704233646393,-0.36196500062942505,-0.07722334563732147,-0.2972603440284729,0.07688325643539429,0.5100964307785034,0.31569892168045044,0.6025155186653137,-0.3082228899002075,0.2026084065437317,0.2223290205001831,0.07747265696525574,-0.3201274871826172,-0.09042221307754517,-0.16697381436824799,-0.21102795004844666,-0.11599111557006836,-0.03425353765487671,-0.2621622681617737,-0.08950507640838623,-0.025075763463974,-0.4120478630065918,-0.03560000658035278,-0.1466585397720337,0.13765016198158264,0.6652584671974182,0.11411401629447937,-0.11613363027572632,-0.7704110741615295,0.17337274551391602
0.241126149892807,-0.3587794303894043,0.03833061456680298,-0.4061300754547119,-0.2926281988620758,-0.07392576336860657,-0.2537250518798828,0.38024836778640747,-0.28308534622192383,-0.09187856316566467,-0.1039692610502243,-0.03401106595993042,-0.0969381332397461,0.004747241735458374,-0.2579296827316284,0.04242202639579773,-0.09094896912574768,0.06304013729095459,-0.05288645625114441,0.1285446286201477,0.23358052968978882,0.21000531315803528,0.25264066457748413,0.5772019028663635,0.4833213686943054,0.011592477560043335,-0.2997347116470337,0.46810853481292725,0.3892028033733368,-0.10195522010326385,0.05271999537944794,0.0667559802532196,-0.008939087390899658,0.06189417839050293,-0.171922504901886,-0.08578965067863464,0.17403192818164825,0.11304862797260284,0.20159423351287842,-0.29237526655197144,0.011969581246376038,-0.48107096552848816,0.7425931692123413,0.3189816474914551,0.3822537660598755,-0.2381930649280548,0.3794199824333191,-0.04215496778488159,0.10170814394950867,0.09292463958263397,-0.030407249927520752,-0.4568786025047302,0.3313080072402954,0.3938411474227905,-0.24626567959785461,-0.09122836589813232,0.03248067572712898,0.1493520438671112,0.12241953611373901,-0.443423867225647,-0.21855664253234863,0.2683679163455963,-0.5189937353134155,-0.03756570816040039,-0.5746396780014038,0.11920565366744995,-0.2674484848976135,-0.6607021689414978,0.4678957164287567,0.16278892755508423,0.33853599429130554,-0.395425945520401,-0.05701359361410141,-0.30082422494888306,0.08911389112472534,0.5347630977630615,0.3509324789047241,0.5825072526931763,-0.2746957540512085,0.1544417440891266,0.21773231029510498,0.06022706627845764,-0.31617605686187744,-0.08067059516906738,-0.15822967886924744,-0.14381688833236694,-0.08418935537338257,-0.040617793798446655,-0.2763402760028839,-0.11524727940559387,-0.03020608425140381,-0.4092620015144348,-0.042517781257629395,-0.14052793383598328,0.10500714182853699,0.624762237071991,0.10027188062667847,-0.09033143520355225,-0.7522854208946228,0.16745638847351074
0.24152514338493347,-0.3588523268699646,0.038811326026916504,-0.40478554368019104,-0.29229971766471863,-0.07440999150276184,-0.2532491385936737,0.38005608320236206,-0.2839753031730652,-0.09247395396232605,-0.10384052991867065,-0.03495281934738159,-0.09798678755760193,0.002238661050796509,-0.2577916383743286,0.04276737570762634,-0.09044747054576874,0.06201577186584473,-0.05208352208137512,0.12674623727798462,0.23494815826416016,0.211078941822052,0.25249165296554565,0.578369677066803,0.48187440633773804,0.009899049997329712,-0.2974421977996826,0.4701976776123047,0.3902488052845001,-0.10093237459659576,0.05311034619808197,0.06620219349861145,-0.008932173252105713,0.060454607009887695,-0.1727130115032196,-0.08411914110183716,0.1729165017604828,0.11364050209522247,0.20057064294815063,-0.2935461699962616,0.010908916592597961,-0.4826599657535553,0.7455968856811523,0.3192840814590454,0.38370251655578613,-0.23986351490020752,0.37975749373435974,-0.04065597057342529,0.10041627287864685,0.09223508834838867,-0.02759028971195221,-0.4589945673942566,0.3313972055912018,0.3933042287826538,-0.24861431121826172,-0.09115225076675415,0.03393055871129036,0.15140753984451294,0.1213148832321167,-0.4438002109527588,-0.2167654037475586,0.26705262064933777,-0.5182609558105469,-0.0364152193069458,-0.5749304890632629,0.11924540996551514,-0.26856523752212524,-0.6620218753814697,0.46697720885276794,0.16232633590698242,0.33894240856170654,-0.3972656726837158,-0.05610828101634979,-0.30088722705841064,0.0891309380531311,0.5350726842880249,0.35235798358917236,0.5834556221961975,-0.27631595730781555,0.15424883365631104,0.21963179111480713,0.06057804822921753,-0.31416594982147217,-0.08199429512023926,-0.15711407363414764,-0.14154532551765442,-0.08309447765350342,-0.04234917461872101,-0.27478769421577454,-0.11723151803016663,-0.029723674058914185,-0.407934308052063,-0.040885359048843384,-0.14327159523963928,0.1063866913318634,0.6231657266616821,0.1001313328742981,-0.09100073575973511,-0.7499189376831055,0.1664257049560547
0.2309626340866089,-0.3514440357685089,-0.0012589693069458008,-0.4639444947242737,-0.33551785349845886,-0.0794333815574646,-0.2609236538410187,0.38803112506866455,-0.2509787678718567,-0.05061712861061096,-0.12503187358379364,-0.012922167778015137,-0.15279775857925415,0.03862646222114563,-0.23698723316192627,0.03804740309715271,-0.1412891000509262,0.06013458967208862,-0.06420758366584778,0.11296694725751877,0.2193901240825653,0.20917536318302155,0.2814018726348877,0.5504485368728638,0.4966467320919037,0.020804286003112793,-0.24407172203063965,0.447879433631897,0.40316736698150635,-0.12017299234867096,0.08235923945903778,0.09224453568458557,0.008035540580749512,0.05129420757293701,-0.15884819626808167,-0.1324896216392517,0.16117224097251892,0.0964859127998352,0.18115979433059692,-0.2435835301876068,0.02114105224609375,-0.49890223145484924,0.7436208128929138,0.34419167041778564,0.3635046184062958,-0.21663640439510345,0.3723836839199066,-0.09592229127883911,0.13383875787258148,0.13176482915878296,-0.06357505917549133,-0.44736742973327637,0.31356295943260193,0.43966060876846313,-0.23415738344192505,-0.0714908242225647,0.020408783107995987,0.11554434150457382,0.12776491045951843,-0.48177051544189453,-0.19917571544647217,0.2541116774082184,-0.5163365006446838,-0.06664562225341797,-0.5951305031776428,0.12457215785980225,-0.25926899909973145,-0.7012138962745667,0.48560577630996704,0.16830599308013916,0.35240495204925537,-0.3451870083808899,-0.0935557633638382,-0.2981951832771301,0.08621841669082642,0.5151522755622864,0.3024064302444458,0.6005581617355347,-0.3056752681732178,0.18885861337184906,0.23487162590026855,0.066893070936203,-0.3551137447357178,-0.08024811744689941,-0.14483661949634552,-0.19758540391921997,-0.11498492956161499,-0.026795074343681335,-0.26016080379486084,-0.07437622547149658,-0.026804864406585693,-0.41642966866493225,-0.02844664454460144,-0.14945942163467407,0.13603895902633667,0.6683981418609619,0.12421634793281555,-0.12190079689025879,-0.7877945303916931,0.18895339965820312
0.241126149892807,-0.3587794303894043,0.03833061456680298,-0.4061300754547119,-0.2926281988620758,-0.07392576336860657,-0.2537250518798828,0.38024836778640747,-0.28308534622192383,-0.09187856316566467,-0.1039692610502243,-0.03401106595993042,-0.0969381332397461,0.004747241735458374,-0.2579296827316284,0.04242202639579773,-0.09094896912574768,0.06304013729095459,-0.05288645625114441,0.1285446286201477,0.23358052968978882,0.21000531315803528,0.25264066457748413,0.5772019028663635,0.4833213686943054,0.011592477560043335,-0.2997347116470337,0.46810853481292725,0.3892028033733368,-0.10195522010326385,0.05271999537944794,0.0667559802532196,-0.008939087390899658,0.06189417839050293,-0.171922504901886,-0.08578965067863464,0.17403192818164825,0.11304862797260284,0.20159423351287842,-0.29237526655197144,0.011969581246376038,-0.48107096552848816,0.7425931692123413,0.3189816474914551,0.3822537660598755,-0.2381930649280548,0.3794199824333191,-0.04215496778488159,0.10170814394950867,0.09292463958263397,-0.030407249927520752,-0.4568786025047302,0.3313080072402954,0.3938411474227905,-0.24626567959785461,-0.09122836589813232,0.03248067572712898,0.1493520438671112,0.12241953611373901,-0.443423867225647,-0.21855664253234863,0.2683679163455963,-0.5189937353134155,-0.03756570816040039,-0.5746396780014038,0.11920565366744995,-0.2674484848976135,-0.6607021689414978,0.4678957164287567,0.16278892755508423,0.33853599429130554,-0.395425945520401,-0.05701359361410141,-0.30082422494888306,0.08911389112472534,0.5347630977630615,0.3509324789047241,0.5825072526931763,-0.2746957540512085,0.1544417440891266,0.21773231029510498,0.06022706627845764,-0.31617605686187744,-0.08067059516906738,-0.15822967886924744,-0.14381688833236694,-0.08418935537338257,-0.040617793798446655,-0.2763402760028839,-0.11524727940559387,-0.03020608425140381,-0.4092620015144348,-0.042517781257629395,-0.14052793383598328,0.10500714182853699,0.624762237071991,0.10027188062667847,-0.09033143520355225,-0.7522854208946228,0.16745638847351074
0.241126149892807,-0.3587794303894043,0.03833061456680298,-0.4061300754547119,-0.2926281988620758,-0.07392576336860657,-0.2537250518798828,0.38024836778640747,-0.28308534622192383,-0.09187856316566467,-0.1039692610502243,-0.03401106595993042,-0.0969381332397461,0.004747241735458374,-0.2579296827316284,0.04242202639579773,-0.09094896912574768,0.06304013729095459,-0.05288645625114441,0.1285446286201477,0.23358052968978882,0.21000531315803528,0.25264066457748413,0.5772019028663635,0.4833213686943054,0.011592477560043335,-0.2997347116470337,0.46810853481292725,0.3892028033733368,-0.10195522010326385,0.05271999537944794,0.0667559802532196,-0.008939087390899658,0.06189417839050293,-0.171922504901886,-0.08578965067863464,0.17403192818164825,0.11304862797260284,0.20159423351287842,-0.29237526655197144,0.011969581246376038,-0.48107096552848816,0.7425931692123413,0.3189816474914551,0.3822537660598755,-0.2381930649280548,0.3794199824333191,-0.04215496778488159,0.10170814394950867,0.09292463958263397,-0.030407249927520752,-0.4568786025047302,0.3313080072402954,0.3938411474227905,-0.24626567959785461,-0.09122836589813232,0.03248067572712898,0.1493520438671112,0.12241953611373901,-0.443423867225647,-0.21855664253234863,0.2683679163455963,-0.5189937353134155,-0.03756570816040039,-0.5746396780014038,0.11920565366744995,-0.2674484848976135,-0.6607021689414978,0.4678957164287567,0.16278892755508423,0.33853599429130554,-0.395425945520401,-0.05701359361410141,-0.30082422494888306,0.08911389112472534,0.5347630977630615,0.3509324789047241,0.5825072526931763,-0.2746957540512085,0.1544417440891266,0.21773231029510498,0.06022706627845764,-0.31617605686187744,-0.08067059516906738,-0.15822967886924744,-0.14381688833236694,-0.08418935537338257,-0.040617793798446655,-0.2763402760028839,-0.11524727940559387,-0.03020608425140381,-0.4092620015144348,-0.042517781257629395,-0.14052793383598328,0.10500714182853699,0.624762237071991,0.10027188062667847,-0.09033143520355225,-0.7522854208946228,0.16745638847351074
0.241126149892807,-0.3587794303894043,0.03833061456680298,-0.4061300754547119,-0.2926281988620758,-0.07392576336860657,-0.2537250518798828,0.38024836778640747,-0.28308534622192383,-0.09187856316566467,-0.1039692610502243,-0.03401106595993042,-0.0969381332397461,0.004747241735458374,-0.2579296827316284,0.04242202639579773,-0.09094896912574768,0.06304013729095459,-0.05288645625114441,0.1285446286201477,0.23358052968978882,0.21000531315803528,0.25264066457748413,0.5772019028663635,0.4833213686943054,0.011592477560043335,-0.2997347116470337,0.46810853481292725,0.3892028033733368,-0.10195522010326385,0.05271999537944794,0.0667559802532196,-0.008939087390899658,0.06189417839050293,-0.171922504901886,-0.08578965067863464,0.17403192818164825,0.11304862797260284,0.20159423351287842,-0.29237526655197144,0.011969581246376038,-0.48107096552848816,0.7425931692123413,0.3189816474914551,0.3822537660598755,-0.2381930649280548,0.3794199824333191,-0.04215496778488159,0.10170814394950867,0.09292463958263397,-0.030407249927520752,-0.4568786025047302,0.3313080072402954,0.3938411474227905,-0.24626567959785461,-0.09122836589813232,0.03248067572712898,0.1493520438671112,0.12241953611373901,-0.443423867225647,-0.21855664253234863,0.2683679163455963,-0.5189937353134155,-0.03756570816040039,-0.5746396780014038,0.11920565366744995,-0.2674484848976135,-0.6607021689414978,0.4678957164287567,0.16278892755508423,0.33853599429130554,-0.395425945520401,-0.05701359361410141,-0.30082422494888306,0.08911389112472534,0.5347630977630615,0.3509324789047241,0.5825072526931763,-0.2746957540512085,0.1544417440891266,0.21773231029510498,0.06022706627845764,-0.31617605686187744,-0.08067059516906738,-0.15822967886924744,-0.14381688833236694,-0.08418935537338257,-0.040617793798446655,-0.2763402760028839,-0.11524727940559387,-0.03020608425140381,-0.4092620015144348,-0.042517781257629395,-0.14052793383598328,0.10500714182853699,0.624762237071991,0.10027188062667847,-0.09033143520355225,-0.7522854208946228,0.16745638847351074
0.241126149892807,-0.3587794303894043,0.03833061456680298,-0.4061300754547119,-0.2926281988620758,-0.07392576336860657,-0.2537250518798828,0.38024836778640747,-0.28308534622192383,-0.09187856316566467,-0.1039692610502243,-0.03401106595993042,-0.0969381332397461,0.004747241735458374,-0.2579296827316284,0.04242202639579773,-0.09094896912574768,0.06304013729095459,-0.05288645625114441,0.1285446286201477,0.23358052968978882,0.21000531315803528,0.25264066457748413,0.5772019028663635,0.4833213686943054,0.011592477560043335,-0.2997347116470337,0.46810853481292725,0.3892028033733368,-0.10195522010326385,0.05271999537944794,0.0667559802532196,-0.008939087390899658,0.06189417839050293,-0.171922504901886,-0.08578965067863464,0.17403192818164825,0.11304862797260284,0.20159423351287842,-0.29237526655197144,0.011969581246376038,-0.48107096552848816,0.7425931692123413,0.3189816474914551,0.3822537660598755,-0.2381930649280548,0.3794199824333191,-0.04215496778488159,0.10170814394950867,0.09292463958263397,-0.030407249927520752,-0.4568786025047302,0.3313080072402954,0.3938411474227905,-0.24626567959785461,-0.09122836589813232,0.03248067572712898,0.1493520438671112,0.12241953611373901,-0.443423867225647,-0.21855664253234863,0.2683679163455963,-0.5189937353134155,-0.03756570816040039,-0.5746396780014038,0.11920565366744995,-0.2674484848976135,-0.6607021689414978,0.4678957164287567,0.16278892755508423,0.33853599429130554,-0.395425945520401,-0.05701359361410141,-0.30082422494888306,0.08911389112472534,0.5347630977630615,0.3509324789047241,0.5825072526931763,-0.2746957540512085,0.1544417440891266,0.21773231029510498,0.06022706627845764,-0.31617605686187744,-0.08067059516906738,-0.15822967886924744,-0.14381688833236694,-0.08418935537338257,-0.040617793798446655,-0.2763402760028839,-0.11524727940559387,-0.03020608425140381,-0.4092620015144348,-0.042517781257629395,-0.14052793383598328,0.10500714182853699,0.624762237071991,0.10027188062667847,-0.09033143520355225,-0.7522854208946228,0.16745638847351074
0.24152514338493347,-0.3588523268699646,0.038811326026916504,-0.40478554368019104,-0.29229971766471863,-0.07440999150276184,-0.2532491385936737,0.38005608320236206,-0.2839753031730652,-0.09247395396232605,-0.10384052991867065,-0.03495281934738159,-0.09798678755760193,0.002238661050796509,-0.2577916383743286,0.04276737570762634,-0.09044747054576874,0.06201577186584473,-0.05208352208137512,0.12674623727798462,0.23494815826416016,0.211078941822052,0.25249165296554565,0.578369677066803,0.48187440633773804,0.009899049997329712,-0.2974421977996826,0.4701976776123047,0.3902488052845001,-0.10093237459659576,0.05311034619808197,0.06620219349861145,-0.008932173252105713,0.060454607009887695,-0.1727130115032196,-0.08411914110183716,0.1729165017604828,0.11364050209522247,0.20057064294815063,-0.2935461699962616,0.010908916592597961,-0.4826599657535553,0.7455968856811523,0.3192840814590454,0.38370251655578613,-0.23986351490020752,0.37975749373435974,-0.04065597057342529,0.10041627287864685,0.09223508834838867,-0.02759028971195221,-0.4589945673942566,0.3313972055912018,0.3933042287826538,-0.24861431121826172,-0.09115225076675415,0.03393055871129036,0.15140753984451294,0.1213148832321167,-0.4438002109527588,-0.2167654037475586,0.26705262064933777,-0.5182609558105469,-0.0364152193069458,-0.5749304890632629,0.11924540996551514,-0.26856523752212524,-0.6620218753814697,0.46697720885276794,0.16232633590698242,0.33894240856170654,-0.3972656726837158,-0.05610828101634979,-0.30088722705841064,0.0891309380531311,0.5350726842880249,0.35235798358917236,0.5834556221961975,-0.27631595730781555,0.15424883365631104,0.21963179111480713,0.06057804822921753,-0.31416594982147217,-0.08199429512023926,-0.15711407363414764,-0.14154532551765442,-0.08309447765350342,-0.04234917461872101,-0.27478769421577454,-0.11723151803016663,-0.029723674058914185,-0.407934308052063,-0.040885359048843384,-0.14327159523963928,0.1063866913318634,0.6231657266616821,0.1001313328742981,-0.09100073575973511,-0.7499189376831055,0.1664257049560547
0.22879454493522644,-0.3445247411727905,-0.009981274604797363,-0.4700317084789276,-0.3434808850288391,-0.07703006267547607,-0.26282936334609985,0.39174723625183105,-0.24316230416297913,-0.04297390580177307,-0.12567731738090515,-0.009136855602264404,-0.1665610373020172,0.047694265842437744,-0.23199069499969482,0.038197845220565796,-0.14366476237773895,0.05376553535461426,-0.06651458144187927,0.10495878010988235,0.2145867645740509,0.20940618216991425,0.28712213039398193,0.5379161834716797,0.49468907713890076,0.018012583255767822,-0.2275964617729187,0.4448104500770569,0.4040452539920807,-0.12324307858943939,0.0908874124288559,0.09600028395652771,0.011229634284973145,0.04141420125961304,-0.157258540391922,-0.13963696360588074,0.15646840631961823,0.09105433523654938,0.1753668189048767,-0.2343885898590088,0.029271185398101807,-0.5102033615112305,0.7455075979232788,0.3486061096191406,0.35795044898986816,-0.2152717113494873,0.36803707480430603,-0.10556250810623169,0.1372222900390625,0.13666030764579773,-0.07190743088722229,-0.44770121574401855,0.3110412657260895,0.44727593660354614,-0.23773300647735596,-0.062286317348480225,0.023091185837984085,0.11307766288518906,0.12636128067970276,-0.48738086223602295,-0.19127941131591797,0.24852094054222107,-0.5135480165481567,-0.0680844783782959,-0.5948306918144226,0.12742912769317627,-0.26009196043014526,-0.7096781730651855,0.48073065280914307,0.16621142625808716,0.35235369205474854,-0.33844077587127686,-0.09796671569347382,-0.2987341284751892,0.07834810018539429,0.508147120475769,0.2964538335800171,0.6018065810203552,-0.31566980481147766,0.19630751013755798,0.2461603879928589,0.07342606782913208,-0.35786688327789307,-0.0795394778251648,-0.13997913897037506,-0.21019920706748962,-0.11846667528152466,-0.02809824049472809,-0.2504020929336548,-0.0663955807685852,-0.02413100004196167,-0.41200658679008484,-0.022795677185058594,-0.1535252034664154,0.146348774433136,0.6762330532073975,0.12237095832824707,-0.1342231035232544,-0.7871813774108887,0.18971037864685059
0.241126149892807,-0.3587794303894043,0.03833061456680298,-0.4061300754547119,-0.2926281988620758,-0.07392576336860657,-0.2537250518798828,0.38024836778640747,-0.28308534622192383,-0.09187856316566467,-0.1039692610502243,-0.03401106595993042,-0.0969381332397461,0.004747241735458374,-0.2579296827316284,0.04242202639579773,-0.09094896912574768,0.06304013729095459,-0.05288645625114441,0.1285446286201477,0.23358052968978882,0.21000531315803528,0.25264066457748413,0.5772019028663635,0.4833213686943054,0.011592477560043335,-0.2997347116470337,0.46810853481292725,0.3892028033733368,-0.10195522010326385,0.05271999537944794,0.0667559802532196,-0.008939087390899658,0.06189417839050293,-0.171922504901886,-0.08578965067863464,0.17403192818164825,0.11304862797260284,0.20159423351287842,-0.29237526655197144,0.011969581246376038,-0.48107096552848816,0.7425931692123413,0.3189816474914551,0.3822537660598755,-0.2381930649280548,0.3794199824333191,-0.04215496778488159,0.10170814394950867,0.09292463958263397,-0.030407249927520752,-0.4568786025047302,0.3313080072402954,0.3938411474227905,-0.24626567959785461,-0.09122836589813232,0.03248067572712898,0.1493520438671112,0.12241953611373901,-0.443423867225647,-0.21855664253234863,0.2683679163455963,-0.5189937353134155,-0.03756570816040039,-0.5746396780014038,0.11920565366744995,-0.2674484848976135,-0.6607021689414978,0.4678957164287567,0.16278892755508423,0.33853599429130554,-0.395425945520401,-0.05701359361410141,-0.30082422494888306,0.08911389112472534,0.5347630977630615,0.3509324789047241,0.5825072526931763,-0.2746957540512085,0.1544417440891266,0.21773231029510498,0.06022706627845764,-0.31617605686187744,-0.08067059516906738,-0.15822967886924744,-0.14381688833236694,-0.08418935537338257,-0.040617793798446655,-0.2763402760028839,-0.11524727940559387,-0.03020608425140381,-0.4092620015144348,-0.042517781257629395,-0.14052793383598328,0.10500714182853699,0.624762237071991,0.10027188062667847,-0.09033143520355225,-0.7522854208946228,0.16745638847351074
0.22857984900474548,-0.35466811060905457,0.0035472512245178223,-0.4639062285423279,-0.33654284477233887,-0.08080458641052246,-0.26268479228019714,0.387071430683136,-0.25498971343040466,-0.05200830101966858,-0.12468010187149048,-0.015069842338562012,-0.15407076478004456,0.029958724975585938,-0.24203169345855713,0.04049941897392273,-0.14131805300712585,0.060615211725234985,-0.06166538596153259,0.10673818737268448,0.22577401995658875,0.2151658982038498,0.2794798016548157,0.5602476000785828,0.496746689081192,0.0173642635345459,-0.2438802719116211,0.4563472270965576,0.4074278175830841,-0.12157495319843292,0.08480702340602875,0.08903783559799194,0.009984135627746582,0.05159077048301697,-0.16062042117118835,-0.12932351231575012,0.15774713456630707,0.09432226419448853,0.18331646919250488,-0.24631424248218536,0.018276214599609375,-0.50105881690979,0.7525256872177124,0.3476831614971161,0.36691126227378845,-0.22072504460811615,0.37466681003570557,-0.09263688325881958,0.13131967186927795,0.1325368583202362,-0.05870995298027992,-0.45147937536239624,0.3154967129230499,0.43807876110076904,-0.24149775505065918,-0.07405361533164978,0.023333150893449783,0.12032387405633926,0.1299029141664505,-0.48415684700012207,-0.19660651683807373,0.25388526916503906,-0.5186517238616943,-0.06543934345245361,-0.5976833701133728,0.12353038787841797,-0.26194077730178833,-0.7047999501228333,0.48896563053131104,0.16976487636566162,0.3544619679450989,-0.34957730770111084,-0.09115904569625854,-0.29713839292526245,0.08762764930725098,0.5166357159614563,0.3047173023223877,0.606550931930542,-0.3102146089076996,0.19253948330879211,0.23444092273712158,0.06669801473617554,-0.3482797145843506,-0.08684587478637695,-0.146779403090477,-0.19743512570858002,-0.11432325839996338,-0.029815390706062317,-0.26169925928115845,-0.08043482899665833,-0.02636057138442993,-0.4159175157546997,-0.026211291551589966,-0.1544225513935089,0.13975021243095398,0.6674027442932129,0.12751930952072144,-0.11931908130645752,-0.7833428382873535,0.18654537200927734
0.2314583957195282,-0.3554232716560364,0.0026868581771850586,-0.46435147523880005,-0.33545687794685364,-0.08104157447814941,-0.2608404755592346,0.3891429305076599,-0.2567397952079773,-0.05431389808654785,-0.12502731382846832,-0.01460254192352295,-0.1490233838558197,0.033086150884628296,-0.2395106554031372,0.03716617822647095,-0.1400924175977707,0.06238532066345215,-0.06213328242301941,0.11461753398180008,0.2229745090007782,0.21094734966754913,0.2796437740325928,0.5582411289215088,0.501528263092041,0.021445393562316895,-0.2503845989704132,0.45240461826324463,0.4048527479171753,-0.11867116391658783,0.0812835544347763,0.08989199995994568,0.008535683155059814,0.05441051721572876,-0.16008153557777405,-0.1297217607498169,0.16162407398223877,0.09723494946956635,0.1825495958328247,-0.24794867634773254,0.01950085163116455,-0.49807000160217285,0.749127984046936,0.3448643684387207,0.3675622344017029,-0.21912676095962524,0.3773044943809509,-0.09080421924591064,0.13211360573768616,0.13114672899246216,-0.06062965467572212,-0.4487813711166382,0.3152725100517273,0.4398995637893677,-0.2364247441291809,-0.07572898268699646,0.020545993000268936,0.11920670419931412,0.12849143147468567,-0.48440778255462646,-0.2021491527557373,0.25599369406700134,-0.521229088306427,-0.066001296043396,-0.5981200337409973,0.12495869398117065,-0.260793000459671,-0.703439474105835,0.4913584589958191,0.1696566343307495,0.35401004552841187,-0.3495787978172302,-0.09126515686511993,-0.30174845457077026,0.08915412425994873,0.5202174186706543,0.3064458966255188,0.604755163192749,-0.3042937219142914,0.18719366192817688,0.23405754566192627,0.06536343693733215,-0.355430006980896,-0.08172941207885742,-0.14705346524715424,-0.19625689089298248,-0.113597571849823,-0.02698521316051483,-0.2655142545700073,-0.0805823802947998,-0.02695205807685852,-0.41858893632888794,-0.030029982328414917,-0.14945238828659058,0.13498762249946594,0.6691135168075562,0.12593472003936768,-0.11684328317642212,-0.7888472676277161,0.1903538703918457
0.2265007495880127,-0.3582687973976135,0.005073845386505127,-0.4649975299835205,-0.3349568247795105,-0.08135980367660522,-0.2639721632003784,0.38579490780830383,-0.2532406449317932,-0.0532681941986084,-0.12714123725891113,-0.01201707124710083,-0.14400669932365417,0.032040953636169434,-0.24511444568634033,0.03881943225860596,-0.1445866823196411,0.06740090250968933,-0.06310242414474487,0.1148507222533226,0.22462818026542664,0.21298308670520782,0.2774454355239868,0.5596363544464111,0.50221186876297,0.024842947721481323,-0.25886937975883484,0.447698175907135,0.4017263650894165,-0.1241292804479599,0.07825587689876556,0.09170466661453247,0.012089252471923828,0.06120982766151428,-0.15657860040664673,-0.13182717561721802,0.16145530343055725,0.0946362167596817,0.1890137791633606,-0.24464283883571625,0.01909780502319336,-0.48849186301231384,0.7397945523262024,0.3468841314315796,0.3636912703514099,-0.2153187245130539,0.3747429847717285,-0.09222310781478882,0.1336415857076645,0.13397687673568726,-0.06393606960773468,-0.44244349002838135,0.31463825702667236,0.4354601800441742,-0.23186460137367249,-0.07914888858795166,0.013415444642305374,0.11504588276147842,0.1369304209947586,-0.4785780906677246,-0.2060471773147583,0.26031604409217834,-0.5202101469039917,-0.0692601203918457,-0.5946738719940186,0.12304049730300903,-0.25659191608428955,-0.6935786604881287,0.49013325572013855,0.16943120956420898,0.3511636555194855,-0.3461604714393616,-0.09349335730075836,-0.29393041133880615,0.09192663431167603,0.516279399394989,0.29975175857543945,0.6020894050598145,-0.29975664615631104,0.1894443929195404,0.22177278995513916,0.061141252517700195,-0.35104238986968994,-0.08360224962234497,-0.1542581021785736,-0.19824044406414032,-0.1179845929145813,-0.022975847125053406,-0.2697102427482605,-0.07678651809692383,-0.028855979442596436,-0.4194231331348419,-0.03245437145233154,-0.1441190540790558,0.12987077236175537,0.6678472757339478,0.12913450598716736,-0.11256122589111328,-0.7886395454406738,0.18690061569213867
0.2330857515335083,-0.3290976583957672,-0.006486952304840088,-0.4422367811203003,-0.32912442088127136,-0.0815906822681427,-0.24825340509414673,0.38490158319473267,-0.2478257417678833,-0.051340699195861816,-0.12027432024478912,-0.018244385719299316,-0.1663912683725357,0.033397555351257324,-0.21952354907989502,0.031156212091445923,-0.13022413849830627,0.040333718061447144,-0.06048282980918884,0.09520336240530014,0.21081331372261047,0.20391355454921722,0.27971911430358887,0.5278772115707397,0.47415482997894287,0.0076102614402771,-0.20955702662467957,0.44795525074005127,0.40514275431632996,-0.10431946814060211,0.08849059045314789,0.08966147899627686,0.0045049190521240234,0.028229236602783203,-0.1651889979839325,-0.12358227372169495,0.1506173312664032,0.09909439086914062,0.15730345249176025,-0.24316850304603577,0.023083344101905823,-0.5130763053894043,0.7500296831130981,0.3341088593006134,0.3620709776878357,-0.2217467725276947,0.3645118474960327,-0.08956277370452881,0.12078613042831421,0.12053394317626953,-0.04492292180657387,-0.4536280035972595,0.30207833647727966,0.4323902130126953,-0.2484719455242157,-0.059923768043518066,0.03684813156723976,0.12469638139009476,0.10469070076942444,-0.4856468439102173,-0.17903351783752441,0.2307380735874176,-0.4991685748100281,-0.05723774433135986,-0.5858001112937927,0.12343376874923706,-0.2656012773513794,-0.7073493003845215,0.46574845910072327,0.16174733638763428,0.3432613015174866,-0.346195787191391,-0.08583153784275055,-0.299701988697052,0.07508784532546997,0.505707859992981,0.3076326847076416,0.5934661030769348,-0.3163564205169678,0.17732824385166168,0.2646368741989136,0.07668560743331909,-0.3456825017929077,-0.08269244432449341,-0.11849668622016907,-0.18215613067150116,-0.09931662678718567,-0.040956661105155945,-0.2363869845867157,-0.08191266655921936,-0.020274877548217773,-0.3911176323890686,-0.010552406311035156,-0.16755077242851257,0.14844802021980286,0.6477804183959961,0.11377638578414917,-0.13142341375350952,-0.7525019645690918,0.18213129043579102
0.2357446551322937,-0.3470347821712494,-0.0008295178413391113,-0.45627033710479736,-0.33401569724082947,-0.0769888162612915,-0.2598366439342499,0.39468011260032654,-0.2553841769695282,-0.0564364492893219,-0.1193479597568512,-0.01652628183364868,-0.15442657470703125,0.038010597229003906,-0.23759257793426514,0.03806200623512268,-0.12919221818447113,0.05066871643066406,-0.06456729769706726,0.11032795161008835,0.2199651598930359,0.2095492035150528,0.2823683023452759,0.5493237972259521,0.494135320186615,0.013021260499954224,-0.24105075001716614,0.4564840793609619,0.40622544288635254,-0.11559240520000458,0.08430008590221405,0.0899210274219513,0.005914747714996338,0.04007276892662048,-0.16359996795654297,-0.12733298540115356,0.16146054863929749,0.09727373719215393,0.17794424295425415,-0.2511070668697357,0.025787174701690674,-0.5138360261917114,0.7571465969085693,0.3433728814125061,0.36837440729141235,-0.223432257771492,0.3755890727043152,-0.08956968784332275,0.12812931835651398,0.1269877851009369,-0.05914423242211342,-0.45693129301071167,0.3178146183490753,0.4412357211112976,-0.2452266812324524,-0.06858053803443909,0.02916458621621132,0.1258106231689453,0.11916199326515198,-0.484036922454834,-0.1959223747253418,0.2499570995569229,-0.5183449983596802,-0.05828416347503662,-0.5949738025665283,0.12735944986343384,-0.26697227358818054,-0.7093043923377991,0.4814080595970154,0.16706448793411255,0.3524038791656494,-0.3569766581058502,-0.08610274642705917,-0.3056761622428894,0.07992815971374512,0.5196904540061951,0.3144451975822449,0.6029412746429443,-0.3120836913585663,0.1853647232055664,0.2509145736694336,0.07381007075309753,-0.35133063793182373,-0.08036571741104126,-0.1398153156042099,-0.19464685022830963,-0.10699677467346191,-0.035494714975357056,-0.25380975008010864,-0.08003595471382141,-0.02295014262199402,-0.4115147888660431,-0.02570822834968567,-0.15585193037986755,0.1401589810848236,0.6691879034042358,0.11566248536109924,-0.12675034999847412,-0.7823771834373474,0.18674874305725098
0.21980801224708557,-0.35243868827819824,0.014253675937652588,-0.4493393898010254,-0.3326563537120819,-0.06359249353408813,-0.2694331407546997,0.39507317543029785,-0.25816458463668823,-0.0659913718700409,-0.1078931987285614,-0.019589126110076904,-0.14057764410972595,0.023722141981124878,-0.2577773332595825,0.05194613337516785,-0.11096462607383728,0.04847687482833862,-0.0634724497795105,0.09115370362997055,0.2308390736579895,0.2221459448337555,0.27121788263320923,0.5570799112319946,0.4889885485172272,-0.0033346712589263916,-0.2449912130832672,0.4723336100578308,0.4011055827140808,-0.12607689201831818,0.09303979575634003,0.07615545392036438,0.013096511363983154,0.03672131896018982,-0.1555255949497223,-0.12113633751869202,0.14650242030620575,0.0797547847032547,0.19278395175933838,-0.25350672006607056,0.036481425166130066,-0.5160866379737854,0.7633346319198608,0.3490857481956482,0.3582088053226471,-0.23188984394073486,0.3673332929611206,-0.0820472240447998,0.12515713274478912,0.13127568364143372,-0.06915237009525299,-0.4506109952926636,0.322700560092926,0.42913785576820374,-0.2648977041244507,-0.06756755709648132,0.03781509771943092,0.14031869173049927,0.13446077704429626,-0.46264898777008057,-0.18638384342193604,0.2507667541503906,-0.5167630910873413,-0.048627257347106934,-0.5823719501495361,0.12983983755111694,-0.264323890209198,-0.6964395046234131,0.469748854637146,0.16057604551315308,0.3480220139026642,-0.3633984625339508,-0.07433439791202545,-0.29842597246170044,0.0691797137260437,0.5057321190834045,0.3178746700286865,0.6022443771362305,-0.31749260425567627,0.2040885090827942,0.2360762357711792,0.08512669801712036,-0.3150289058685303,-0.09210944175720215,-0.1589701622724533,-0.21230727434158325,-0.11244812607765198,-0.041111528873443604,-0.2502363920211792,-0.08926141262054443,-0.02156776189804077,-0.4034048914909363,-0.02880549430847168,-0.15517300367355347,0.1455790400505066,0.6634601950645447,0.10834583640098572,-0.12508201599121094,-0.7603712677955627,0.1700444221496582
0.2253093719482422,-0.3549787700176239,0.0016263723373413086,-0.4699321389198303,-0.3419884443283081,-0.07860076427459717,-0.26598358154296875,0.3921782076358795,-0.2528271973133087,-0.052220165729522705,-0.12524108588695526,-0.012637197971343994,-0.1540752351284027,0.033284991979599,-0.2455768585205078,0.04083016514778137,-0.14104947447776794,0.059320688247680664,-0.06427028775215149,0.10430749505758286,0.2254083752632141,0.21655941009521484,0.28047120571136475,0.5576732158660889,0.502511739730835,0.016598820686340332,-0.24406537413597107,0.45697736740112305,0.4070780277252197,-0.12482179701328278,0.0893934816122055,0.08946120738983154,0.014424145221710205,0.0490230917930603,-0.1563330888748169,-0.13465344905853271,0.15495087206363678,0.08801387250423431,0.18435972929000854,-0.2426605224609375,0.026053935289382935,-0.5051326155662537,0.7548569440841675,0.3524438738822937,0.36267349123954773,-0.21953099966049194,0.3750014305114746,-0.09525054693222046,0.1349790096282959,0.13865160942077637,-0.0677306056022644,-0.4479027986526489,0.31455859541893005,0.44312965869903564,-0.24465671181678772,-0.07302486896514893,0.022349674254655838,0.12040054053068161,0.13392749428749084,-0.48546302318573,-0.1958622932434082,0.2543644905090332,-0.5220193266868591,-0.06641936302185059,-0.5976829528808594,0.12681424617767334,-0.26022952795028687,-0.7073477506637573,0.4907722473144531,0.16865843534469604,0.3544400632381439,-0.3476489186286926,-0.09176219999790192,-0.29940086603164673,0.08468496799468994,0.5148223638534546,0.3014495372772217,0.6091440916061401,-0.3137945532798767,0.19789500534534454,0.23554325103759766,0.0709843635559082,-0.3482898473739624,-0.0870102047920227,-0.15085379779338837,-0.2102285921573639,-0.11770856380462646,-0.02891908586025238,-0.26058483123779297,-0.07777097821235657,-0.025118350982666016,-0.4150797426700592,-0.02770477533340454,-0.15232622623443604,0.14170420169830322,0.6757952570915222,0.12607437372207642,-0.12197339534759521,-0.7861037850379944,0.1871967315673828
0.22191524505615234,-0.35109809041023254,0.01774013042449951,-0.43958374857902527,-0.3244677484035492,-0.0641024112701416,-0.26481354236602783,0.39300328493118286,-0.2613080143928528,-0.0723930299282074,-0.1047663688659668,-0.02211540937423706,-0.13094404339790344,0.020478814840316772,-0.2575322389602661,0.04946497082710266,-0.10616382956504822,0.04849827289581299,-0.06248950958251953,0.0978686735033989,0.2292979657649994,0.21793673932552338,0.2663293480873108,0.5568585395812988,0.48633813858032227,-0.002031564712524414,-0.2531146705150604,0.47055137157440186,0.3976147472858429,-0.12175564467906952,0.08579127490520477,0.07449132204055786,0.009630441665649414,0.04043924808502197,-0.1576220691204071,-0.11627644300460815,0.1502620130777359,0.08404822647571564,0.19233578443527222,-0.2580301761627197,0.03237202763557434,-0.508395791053772,0.7581799030303955,0.34219294786453247,0.3604704737663269,-0.23159027099609375,0.3697313368320465,-0.07442975044250488,0.12214049696922302,0.12541824579238892,-0.06257811188697815,-0.4495149850845337,0.32192301750183105,0.4237256944179535,-0.26042550802230835,-0.07230594754219055,0.03758919611573219,0.1414335072040558,0.12973229587078094,-0.45709872245788574,-0.19077086448669434,0.25027140974998474,-0.5152090787887573,-0.045748114585876465,-0.5784491300582886,0.12723559141159058,-0.26365363597869873,-0.6894738078117371,0.46910393238067627,0.16065090894699097,0.34496015310287476,-0.3664780557155609,-0.06883808225393295,-0.29948967695236206,0.07337033748626709,0.5081746578216553,0.3220977187156677,0.5959776639938354,-0.3087199926376343,0.19374299049377441,0.23315918445587158,0.08151164650917053,-0.3146393299102783,-0.08942854404449463,-0.1573227196931839,-0.20058608055114746,-0.1059982180595398,-0.04186314344406128,-0.2529945969581604,-0.09373784065246582,-0.021508991718292236,-0.4028048515319824,-0.032245367765426636,-0.15138834714889526,0.13742682337760925,0.654937207698822,0.10611191391944885,-0.11686909198760986,-0.7558048963546753,0.1696922779083252
0.241126149892807,-0.3587794303894043,0.03833061456680298,-0.4061300754547119,-0.2926281988620758,-0.07392576336860657,-0.2537250518798828,0.38024836778640747,-0.28308534622192383,-0.09187856316566467,-0.1039692610502243,-0.03401106595993042,-0.0969381332397461,0.004747241735458374,-0.2579296827316284,0.04242202639579773,-0.09094896912574768,0.06304013729095459,-0.05288645625114441,0.1285446286201477,0.23358052968978882,0.21000531315803528,0.25264066457748413,0.5772019028663635,0.4833213686943054,0.011592477560043335,-0.2997347116470337,0.46810853481292725,0.3892028033733368,-0.10195522010326385,0.05271999537944794,0.0667559802532196,-0.008939087390899658,0.06189417839050293,-0.171922504901886,-0.08578965067863464,0.17403192818164825,0.11304862797260284,0.20159423351287842,-0.29237526655197144,0.011969581246376038,-0.48107096552848816,0.7425931692123413,0.3189816474914551,0.3822537660598755,-0.2381930649280548,0.3794199824333191,-0.04215496778488159,0.10170814394950867,0.09292463958263397,-0.030407249927520752,-0.4568786025047302,0.3313080072402954,0.3938411474227905,-0.24626567959785461,-0.09122836589813232,0.03248067572712898,0.1493520438671112,0.12241953611373901,-0.443423867225647,-0.21855664253234863,0.2683679163455963,-0.5189937353134155,-0.03756570816040039,-0.5746396780014038,0.11920565366744995,-0.2674484848976135,-0.6607021689414978,0.4678957164287567,0.16278892755508423,0.33853599429130554,-0.395425945520401,-0.05701359361410141,-0.30082422494888306,0.08911389112472534,0.5347630977630615,0.3509324789047241,0.5825072526931763,-0.2746957540512085,0.1544417440891266,0.21773231029510498,0.06022706627845764,-0.31617605686187744,-0.08067059516906738,-0.15822967886924744,-0.14381688833236694,-0.08418935537338257,-0.040617793798446655,-0.2763402760028839,-0.11524727940559387,-0.03020608425140381,-0.4092620015144348,-0.042517781257629395,-0.14052793383598328,0.10500714182853699,0.624762237071991,0.10027188062667847,-0.09033143520355225,-0.7522854208946228,0.16745638847351074
0.24942687153816223,-0.33682888746261597,0.0018911361694335938,-0.4345838129520416,-0.31955480575561523,-0.08961048722267151,-0.24384552240371704,0.3837437629699707,-0.2644593417644501,-0.05887371301651001,-0.1221010833978653,-0.026714086532592773,-0.1593339890241623,0.024639248847961426,-0.21819829940795898,0.02751985192298889,-0.12496292591094971,0.04677966237068176,-0.05437090992927551,0.10911338776350021,0.21633374691009521,0.20360715687274933,0.2788209915161133,0.5484926700592041,0.47950926423072815,0.0124891996383667,-0.22732672095298767,0.4575539827346802,0.4111774265766144,-0.09218721091747284,0.0777575820684433,0.08487901091575623,-0.006031394004821777,0.03510519862174988,-0.17781591415405273,-0.1090954840183258,0.1638420671224594,0.11594058573246002,0.1592084765434265,-0.2651444971561432,0.010974884033203125,-0.5128573179244995,0.7607809901237488,0.3282768726348877,0.3814423084259033,-0.23057830333709717,0.3770374059677124,-0.0753551721572876,0.11149546504020691,0.10480551421642303,-0.02539384365081787,-0.46848738193511963,0.3109416961669922,0.42775958776474,-0.24828481674194336,-0.06801432371139526,0.0396207757294178,0.1325400471687317,0.09807820618152618,-0.4938091039657593,-0.1903550624847412,0.24018293619155884,-0.5096916556358337,-0.053874850273132324,-0.5970221161842346,0.12182050943374634,-0.2737957537174225,-0.7121104001998901,0.4760010242462158,0.1664445400238037,0.34895259141921997,-0.36637797951698303,-0.08201330900192261,-0.309259295463562,0.08377528190612793,0.5293389558792114,0.328246533870697,0.6002009510993958,-0.30946075916290283,0.16106989979743958,0.26922929286956787,0.06783205270767212,-0.35425865650177,-0.08045023679733276,-0.1145477294921875,-0.15618017315864563,-0.08768808841705322,-0.042498067021369934,-0.24975274503231049,-0.0967133641242981,-0.024058133363723755,-0.39963576197624207,-0.012017905712127686,-0.17055290937423706,0.140621155500412,0.6431632041931152,0.1153109073638916,-0.12250691652297974,-0.7621185183525085,0.18703365325927734
0.22265854477882385,-0.3510015606880188,0.014517366886138916,-0.4457107484340668,-0.3292759954929352,-0.0658145546913147,-0.2668948173522949,0.39351463317871094,-0.25848135352134705,-0.06662088632583618,-0.10880771279335022,-0.020408153533935547,-0.13826653361320496,0.024555474519729614,-0.25591886043548584,0.049433737993240356,-0.11104488372802734,0.04892989993095398,-0.06372135877609253,0.09483223408460617,0.22923925518989563,0.2195814847946167,0.27075135707855225,0.5553114414215088,0.4871688783168793,-0.0014218688011169434,-0.24728980660438538,0.46921682357788086,0.4003315567970276,-0.12279050052165985,0.08937273919582367,0.07729771733283997,0.010745823383331299,0.03771883249282837,-0.15659025311470032,-0.11929246783256531,0.14944596588611603,0.08336469531059265,0.19147658348083496,-0.255687415599823,0.03452356159687042,-0.5132232904434204,0.7596070766448975,0.3455921411514282,0.3591432273387909,-0.2307523936033249,0.367398738861084,-0.08063530921936035,0.12359976768493652,0.12831592559814453,-0.06486299633979797,-0.45065587759017944,0.3215389847755432,0.42652735114097595,-0.26205387711524963,-0.06857243180274963,0.03615296259522438,0.13898906111717224,0.13188380002975464,-0.46180033683776855,-0.18839073181152344,0.2509629428386688,-0.5156008005142212,-0.048677802085876465,-0.5817182660102844,0.12861746549606323,-0.26404812932014465,-0.6934671998023987,0.46820569038391113,0.16089802980422974,0.34605517983436584,-0.36430153250694275,-0.07436193525791168,-0.2977293133735657,0.07048046588897705,0.5076400637626648,0.3190351724624634,0.5997141599655151,-0.3143690526485443,0.1985633373260498,0.23623013496398926,0.08326810598373413,-0.3173506259918213,-0.09019160270690918,-0.15599705278873444,-0.20521119236946106,-0.1098904013633728,-0.04082520306110382,-0.2507808804512024,-0.08903074264526367,-0.022290319204330444,-0.40203192830085754,-0.028984397649765015,-0.1542082130908966,0.14155444502830505,0.6596532464027405,0.10767912864685059,-0.1234251856803894,-0.7594974040985107,0.16919159889221191
0.23161709308624268,-0.35620853304862976,-0.004064083099365234,-0.473102867603302,-0.3455245792865753,-0.07316416501998901,-0.2692236006259918,0.3999421000480652,-0.2524407207965851,-0.05044814944267273,-0.12250909209251404,-0.01087653636932373,-0.1594243049621582,0.043069928884506226,-0.24570870399475098,0.044767796993255615,-0.136018306016922,0.05529052019119263,-0.06767338514328003,0.1087152287364006,0.22446796298027039,0.21651780605316162,0.2876763343811035,0.5546295046806335,0.5047091245651245,0.013885796070098877,-0.24271416664123535,0.4585270285606384,0.40864098072052,-0.1268550008535385,0.09039251506328583,0.09353235363960266,0.012024641036987305,0.042937517166137695,-0.1584114134311676,-0.13636672496795654,0.15866486728191376,0.08953918516635895,0.18626904487609863,-0.24456116557121277,0.030895590782165527,-0.5186845064163208,0.7618770003318787,0.35493773221969604,0.3647945523262024,-0.2227456271648407,0.37616944313049316,-0.10038328170776367,0.13635830581188202,0.13890227675437927,-0.07408623397350311,-0.45539677143096924,0.3225327134132385,0.451000452041626,-0.24619442224502563,-0.06594312191009521,0.024295229464769363,0.12271586805582047,0.13187305629253387,-0.4857511520385742,-0.1966261863708496,0.25690409541130066,-0.5252436995506287,-0.06271731853485107,-0.6006860733032227,0.13179117441177368,-0.26515889167785645,-0.7151663899421692,0.4872364401817322,0.16804593801498413,0.3582717180252075,-0.35267508029937744,-0.09289573132991791,-0.30459433794021606,0.07827258110046387,0.5178428888320923,0.3079514503479004,0.6113052368164062,-0.31875067949295044,0.20195499062538147,0.2447044849395752,0.07598859071731567,-0.35288357734680176,-0.08255034685134888,-0.15173201262950897,-0.2149212807416916,-0.12036031484603882,-0.030853882431983948,-0.2574952244758606,-0.07251778244972229,-0.024008572101593018,-0.42054155468940735,-0.02885940670967102,-0.15431341528892517,0.14507251977920532,0.6866418123245239,0.12003320455551147,-0.13339412212371826,-0.798008143901825,0.18877959251403809
0.24244877696037292,-0.3329007923603058,0.014380156993865967,-0.41421446204185486,-0.3085545301437378,-0.07933524250984192,-0.24385040998458862,0.3852421045303345,-0.2683582305908203,-0.07424947619438171,-0.10799536108970642,-0.03253453969955444,-0.13982680439949036,0.01550745964050293,-0.22942817211151123,0.03212541341781616,-0.10113836824893951,0.038572490215301514,-0.05545583367347717,0.10225138813257217,0.21889111399650574,0.20480303466320038,0.2678113579750061,0.5450695157051086,0.4685238003730774,-0.0016861557960510254,-0.23416274785995483,0.4654368758201599,0.4032180905342102,-0.09101592004299164,0.07703076303005219,0.07473346590995789,-0.005643665790557861,0.028566211462020874,-0.17426595091819763,-0.09947925806045532,0.15683947503566742,0.10871905088424683,0.1649625301361084,-0.2730776071548462,0.018999755382537842,-0.5132046937942505,0.7609392404556274,0.32194241881370544,0.37459489703178406,-0.23577368259429932,0.3719310164451599,-0.06104308366775513,0.10371971130371094,0.1002793163061142,-0.025057345628738403,-0.4638286828994751,0.31283900141716003,0.41405022144317627,-0.26059746742248535,-0.0686502456665039,0.047819603234529495,0.14639535546302795,0.09772561490535736,-0.4714144468307495,-0.18574631214141846,0.23529589176177979,-0.5037622451782227,-0.04050123691558838,-0.5805506706237793,0.12252658605575562,-0.2736341059207916,-0.696635901927948,0.46034514904022217,0.15993976593017578,0.33967161178588867,-0.375943660736084,-0.0651734471321106,-0.30773431062698364,0.07462316751480103,0.5199648141860962,0.338043212890625,0.5902531147003174,-0.30630725622177124,0.16035085916519165,0.2646219730377197,0.07786142826080322,-0.32759594917297363,-0.08399111032485962,-0.12081632018089294,-0.15560421347618103,-0.08143478631973267,-0.05113847553730011,-0.2428823709487915,-0.10625624656677246,-0.02024516463279724,-0.38653266429901123,-0.015769898891448975,-0.16801869869232178,0.1365722417831421,0.6282128095626831,0.10140258073806763,-0.1164209246635437,-0.7368022203445435,0.17155885696411133
0.2267078459262848,-0.352663516998291,-0.004659175872802734,-0.4713442921638489,-0.34432104229927063,-0.07356196641921997,-0.26756027340888977,0.394113689661026,-0.2478669136762619,-0.047416746616363525,-0.12287193536758423,-0.009335756301879883,-0.1601105034351349,0.04272708296775818,-0.2424619197845459,0.04329633712768555,-0.13938407599925995,0.055877089500427246,-0.06658291816711426,0.10560547560453415,0.2219374179840088,0.21465438604354858,0.2853505611419678,0.5485215187072754,0.4995511770248413,0.015987694263458252,-0.23819297552108765,0.4520447850227356,0.4048178791999817,-0.12825892865657806,0.08983545005321503,0.09410837292671204,0.012826740741729736,0.04482758045196533,-0.15612459182739258,-0.13743603229522705,0.15618763864040375,0.08778068423271179,0.18413794040679932,-0.23857465386390686,0.02988225221633911,-0.5108820199966431,0.7515535950660706,0.3523840606212616,0.3600514531135559,-0.21908926963806152,0.3706158995628357,-0.1020919680595398,0.136906698346138,0.13947972655296326,-0.07490408420562744,-0.4491140842437744,0.316806435585022,0.4464145302772522,-0.24231719970703125,-0.0655718445777893,0.022237110882997513,0.11818430572748184,0.13231639564037323,-0.4827471971511841,-0.19471240043640137,0.25399690866470337,-0.5193889737129211,-0.06494712829589844,-0.5957502126693726,0.12924247980117798,-0.2618066072463989,-0.7078690528869629,0.48337721824645996,0.16708648204803467,0.3544759154319763,-0.34526097774505615,-0.09499648958444595,-0.2985537648200989,0.0787053108215332,0.5106828212738037,0.3012022376060486,0.605472207069397,-0.3152451515197754,0.2012486308813095,0.2392672300338745,0.07395938038825989,-0.35112428665161133,-0.08260023593902588,-0.1506420522928238,-0.21416570246219635,-0.1211862564086914,-0.028887182474136353,-0.2555506229400635,-0.07021403312683105,-0.024661332368850708,-0.41709500551223755,-0.027654021978378296,-0.1519865095615387,0.1443769633769989,0.6798882484436035,0.1216469407081604,-0.13198596239089966,-0.7902891039848328,0.1873624324798584
0.24061176180839539,-0.3442467451095581,0.004056572914123535,-0.44257235527038574,-0.3233928382396698,-0.08833324909210205,-0.2480437457561493,0.3829898238182068,-0.2629829943180084,-0.05994132161140442,-0.1239284873008728,-0.0228920578956604,-0.15257418155670166,0.022020429372787476,-0.22720539569854736,0.030481189489364624,-0.1320130079984665,0.05332463979721069,-0.05590668320655823,0.11052048951387405,0.22030287981033325,0.20630580186843872,0.2760339379310608,0.5554172992706299,0.4869542419910431,0.01649683713912964,-0.23759058117866516,0.4563007354736328,0.4088135063648224,-0.10182853043079376,0.07746033370494843,0.08574682474136353,9.578466415405273e-05,0.04493391513824463,-0.17153850197792053,-0.11565577983856201,0.16313736140727997,0.10905905067920685,0.16725963354110718,-0.25767847895622253,0.010180920362472534,-0.5017833709716797,0.7552319765090942,0.3336210548877716,0.3779884874820709,-0.2257447987794876,0.37852242588996887,-0.07740312814712524,0.11826226115226746,0.11431202292442322,-0.03348076343536377,-0.45998626947402954,0.3099339008331299,0.42953166365623474,-0.24290573596954346,-0.07581844925880432,0.031917545944452286,0.12714070081710815,0.1083984524011612,-0.4905707836151123,-0.19603610038757324,0.24474406242370605,-0.5127065181732178,-0.05889260768890381,-0.5962273478507996,0.12096631526947021,-0.2679283320903778,-0.7064076066017151,0.4844602942466736,0.16856229305267334,0.34950998425483704,-0.3598720133304596,-0.08303472399711609,-0.30508965253829956,0.09073466062545776,0.5265740156173706,0.3191750645637512,0.601051926612854,-0.30489978194236755,0.16703715920448303,0.2532132863998413,0.06372389197349548,-0.35326361656188965,-0.08257544040679932,-0.12637576460838318,-0.1663646399974823,-0.0942888855934143,-0.037355631589889526,-0.25716227293014526,-0.09403359889984131,-0.025438666343688965,-0.4063302278518677,-0.019231528043746948,-0.16222187876701355,0.13575893640518188,0.6489235162734985,0.12094104290008545,-0.11514967679977417,-0.7681466341018677,0.1896815299987793
0.24682959914207458,-0.3309265375137329,-0.00708460807800293,-0.44009217619895935,-0.3263067901134491,-0.08635419607162476,-0.24210453033447266,0.3875558078289032,-0.2585750222206116,-0.053403258323669434,-0.12088590860366821,-0.024239659309387207,-0.17135518789291382,0.029691845178604126,-0.21197295188903809,0.02754715085029602,-0.1268908828496933,0.038440972566604614,-0.05703958868980408,0.1021445021033287,0.21242588758468628,0.20233726501464844,0.2843276858329773,0.5376166105270386,0.47613176703453064,0.006436824798583984,-0.20687350630760193,0.457001268863678,0.41362464427948,-0.09313060343265533,0.08640997111797333,0.08841022849082947,-0.003863513469696045,0.024831771850585938,-0.17554530501365662,-0.11612275242805481,0.15726710855960846,0.1111443042755127,0.15008926391601562,-0.25558245182037354,0.014663904905319214,-0.5229339599609375,0.7662729024887085,0.3305600881576538,0.37666812539100647,-0.22933582961559296,0.37368735671043396,-0.08402013778686523,0.11515834927558899,0.1114346981048584,-0.03041316568851471,-0.4681835174560547,0.3068585693836212,0.4372728765010834,-0.2517325282096863,-0.05969703197479248,0.04397093132138252,0.13114726543426514,0.09209160506725311,-0.4983983039855957,-0.1801741123199463,0.2297307550907135,-0.5048108696937561,-0.0533825159072876,-0.5971725583076477,0.12495255470275879,-0.2749039828777313,-0.7228862643241882,0.4738505184650421,0.16523832082748413,0.35063815116882324,-0.35775476694107056,-0.08411279320716858,-0.3116759657859802,0.07828181982040405,0.5212827324867249,0.3223404884338379,0.6012191772460938,-0.3190494775772095,0.16804717481136322,0.28056132793426514,0.07531702518463135,-0.35664069652557373,-0.0806349515914917,-0.10815310478210449,-0.1667977124452591,-0.09079080820083618,-0.04545164108276367,-0.23847191035747528,-0.0913017988204956,-0.019821852445602417,-0.39630183577537537,-0.007458478212356567,-0.17669007182121277,0.15087753534317017,0.6480982303619385,0.11383083462715149,-0.1324130892753601,-0.7608256340026855,0.18938302993774414
0.22878322005271912,-0.35452523827552795,0.005062699317932129,-0.45971083641052246,-0.3319379985332489,-0.07919842004776001,-0.262401282787323,0.38607436418533325,-0.2535223364830017,-0.05514296889305115,-0.12354201078414917,-0.014353454113006592,-0.14429810643196106,0.03342375159263611,-0.24267029762268066,0.03913030028343201,-0.13852672278881073,0.0632506012916565,-0.06334468722343445,0.1141824796795845,0.22235038876533508,0.21070469915866852,0.2770962715148926,0.5563275814056396,0.49713826179504395,0.021437883377075195,-0.2548728883266449,0.4493710994720459,0.4008256793022156,-0.12163226306438446,0.0787188857793808,0.08946233987808228,0.0087890625,0.05629032850265503,-0.1582086980342865,-0.1291828155517578,0.1620916873216629,0.09625278413295746,0.18700528144836426,-0.2473771572113037,0.020136088132858276,-0.49263399839401245,0.7408784031867981,0.3431834578514099,0.36433154344558716,-0.21716131269931793,0.3729745149612427,-0.09019625186920166,0.13201488554477692,0.12999477982521057,-0.06193633750081062,-0.4454924464225769,0.31530845165252686,0.4338652789592743,-0.2342177927494049,-0.0768599808216095,0.018554095178842545,0.11754868179559708,0.13203196227550507,-0.476238489151001,-0.20318186283111572,0.2579612731933594,-0.5175231695175171,-0.06566751003265381,-0.5927228927612305,0.12308645248413086,-0.2582073211669922,-0.6938056349754333,0.4855737090110779,0.16819900274276733,0.35049358010292053,-0.34893232583999634,-0.08994077891111374,-0.2957201600074768,0.08853262662887573,0.5162013173103333,0.3042728304862976,0.599289059638977,-0.3005322217941284,0.18698035180568695,0.22664296627044678,0.06423476338386536,-0.34894096851348877,-0.08204913139343262,-0.1503828912973404,-0.19436658918857574,-0.11367106437683105,-0.026311427354812622,-0.2650091052055359,-0.07796058058738708,-0.027909934520721436,-0.41677796840667725,-0.0315992534160614,-0.14565852284431458,0.13091617822647095,0.6641589999198914,0.12436655163764954,-0.11511212587356567,-0.7846047282218933,0.1857743263244629
0.2222307324409485,-0.35619282722473145,0.02572256326675415,-0.43210819363594055,-0.31630006432533264,-0.0648876428604126,-0.264559805393219,0.3895789384841919,-0.26665550470352173,-0.07951474189758301,-0.10446576774120331,-0.023870646953582764,-0.1167902946472168,0.014751195907592773,-0.2643979787826538,0.05070662498474121,-0.10225963592529297,0.05473855137825012,-0.060538917779922485,0.10548404604196548,0.2334962785243988,0.21799977123737335,0.25955724716186523,0.5649880170822144,0.4876931309700012,0.0016970932483673096,-0.27142977714538574,0.47052979469299316,0.39290139079093933,-0.1212964802980423,0.07695154845714569,0.07154923677444458,0.007206261157989502,0.049634307622909546,-0.15776965022087097,-0.10881185531616211,0.15556804835796356,0.08715926110744476,0.2003563642501831,-0.26519808173179626,0.028872042894363403,-0.49703750014305115,0.7512156963348389,0.338506817817688,0.3636489510536194,-0.23225799202919006,0.3715539872646332,-0.06501924991607666,0.11903466284275055,0.12096208333969116,-0.05826661363244057,-0.44794344902038574,0.3248395025730133,0.41375723481178284,-0.2568715810775757,-0.08045101165771484,0.03379525616765022,0.14292457699775696,0.13301190733909607,-0.4483250379562378,-0.20008981227874756,0.2582215368747711,-0.5172368288040161,-0.04387998580932617,-0.5741750597953796,0.12503856420516968,-0.2616219222545624,-0.6763920783996582,0.4696938395500183,0.16132009029388428,0.3419724404811859,-0.37381160259246826,-0.06473087519407272,-0.29674333333969116,0.07906442880630493,0.513088583946228,0.3272503614425659,0.5911753177642822,-0.2983383536338806,0.18703950941562653,0.2209017276763916,0.07552212476730347,-0.3105875253677368,-0.08826994895935059,-0.16483783721923828,-0.1901223361492157,-0.10251206159591675,-0.04051652550697327,-0.2608563303947449,-0.09902811050415039,-0.0243358314037323,-0.4051171839237213,-0.038982540369033813,-0.14438769221305847,0.1257971227169037,0.6484150886535645,0.10408401489257812,-0.10799384117126465,-0.7540374398231506,0.16754412651062012
0.24152514338493347,-0.3588523268699646,0.038811326026916504,-0.40478554368019104,-0.29229971766471863,-0.07440999150276184,-0.2532491385936737,0.38005608320236206,-0.2839753031730652,-0.09247395396232605,-0.10384052991867065,-0.03495281934738159,-0.09798678755760193,0.002238661050796509,-0.2577916383743286,0.04276737570762634,-0.09044747054576874,0.06201577186584473,-0.05208352208137512,0.12674623727798462,0.23494815826416016,0.211078941822052,0.25249165296554565,0.578369677066803,0.48187440633773804,0.009899049997329712,-0.2974421977996826,0.4701976776123047,0.3902488052845001,-0.10093237459659576,0.05311034619808197,0.06620219349861145,-0.008932173252105713,0.060454607009887695,-0.1727130115032196,-0.08411914110183716,0.1729165017604828,0.11364050209522247,0.20057064294815063,-0.2935461699962616,0.010908916592597961,-0.4826599657535553,0.7455968856811523,0.3192840814590454,0.38370251655578613,-0.23986351490020752,0.37975749373435974,-0.04065597057342529,0.10041627287864685,0.09223508834838867,-0.02759028971195221,-0.4589945673942566,0.3313972055912018,0.3933042287826538,-0.24861431121826172,-0.09115225076675415,0.03393055871129036,0.15140753984451294,0.1213148832321167,-0.4438002109527588,-0.2167654037475586,0.26705262064933777,-0.5182609558105469,-0.0364152193069458,-0.5749304890632629,0.11924540996551514,-0.26856523752212524,-0.6620218753814697,0.46697720885276794,0.16232633590698242,0.33894240856170654,-0.3972656726837158,-0.05610828101634979,-0.30088722705841064,0.0891309380531311,0.5350726842880249,0.35235798358917236,0.5834556221961975,-0.27631595730781555,0.15424883365631104,0.21963179111480713,0.06057804822921753,-0.31416594982147217,-0.08199429512023926,-0.15711407363414764,-0.14154532551765442,-0.08309447765350342,-0.04234917461872101,-0.27478769421577454,-0.11723151803016663,-0.029723674058914185,-0.407934308052063,-0.040885359048843384,-0.14327159523963928,0.1063866913318634,0.6231657266616821,0.1001313328742981,-0.09100073575973511,-0.7499189376831055,0.1664257049560547
0.241126149892807,-0.3587794303894043,0.03833061456680298,-0.4061300754547119,-0.2926281988620758,-0.07392576336860657,-0.2537250518798828,0.38024836778640747,-0.28308534622192383,-0.09187856316566467,-0.1039692610502243,-0.03401106595993042,-0.0969381332397461,0.004747241735458374,-0.2579296827316284,0.04242202639579773,-0.09094896912574768,0.06304013729095459,-0.05288645625114441,0.1285446286201477,0.23358052968978882,0.21000531315803528,0.25264066457748413,0.5772019028663635,0.4833213686943054,0.011592477560043335,-0.2997347116470337,0.46810853481292725,0.3892028033733368,-0.10195522010326385,0.05271999537944794,0.0667559802532196,-0.008939087390899658,0.06189417839050293,-0.171922504901886,-0.08578965067863464,0.17403192818164825,0.11304862797260284,0.20159423351287842,-0.29237526655197144,0.011969581246376038,-0.48107096552848816,0.7425931692123413,0.3189816474914551,0.3822537660598755,-0.2381930649280548,0.3794199824333191,-0.04215496778488159,0.10170814394950867,0.09292463958263397,-0.030407249927520752,-0.4568786025047302,0.3313080072402954,0.3938411474227905,-0.24626567959785461,-0.09122836589813232,0.03248067572712898,0.1493520438671112,0.12241953611373901,-0.443423867225647,-0.21855664253234863,0.2683679163455963,-0.5189937353134155,-0.03756570816040039,-0.5746396780014038,0.11920565366744995,-0.2674484848976135,-0.6607021689414978,0.4678957164287567,0.16278892755508423,0.33853599429130554,-0.395425945520401,-0.05701359361410141,-0.30082422494888306,0.08911389112472534,0.5347630977630615,0.3509324789047241,0.5825072526931763,-0.2746957540512085,0.1544417440891266,0.21773231029510498,0.06022706627845764,-0.31617605686187744,-0.08067059516906738,-0.15822967886924744,-0.14381688833236694,-0.08418935537338257,-0.040617793798446655,-0.2763402760028839,-0.11524727940559387,-0.03020608425140381,-0.4092620015144348,-0.042517781257629395,-0.14052793383598328,0.10500714182853699,0.624762237071991,0.10027188062667847,-0.09033143520355225,-0.7522854208946228,0.16745638847351074
0.23218929767608643,-0.34133052825927734,-0.0008685588836669922,-0.45315098762512207,-0.33341971039772034,-0.08692139387130737,-0.25284266471862793,0.38407081365585327,-0.25398093461990356,-0.05201283097267151,-0.12639212608337402,-0.019308924674987793,-0.16375568509101868,0.02490687370300293,-0.22896957397460938,0.0330272912979126,-0.1398405134677887,0.05014196038246155,-0.058781832456588745,0.09669741243124008,0.2196483314037323,0.2108713835477829,0.2790922522544861,0.5496470928192139,0.485840767621994,0.011723965406417847,-0.22115686535835266,0.45672881603240967,0.41199618577957153,-0.1089760810136795,0.08942179381847382,0.0877600610256195,0.007472693920135498,0.03933233022689819,-0.1656900942325592,-0.12567612528800964,0.152454674243927,0.09800811111927032,0.16504621505737305,-0.24567845463752747,0.015893876552581787,-0.5077613592147827,0.7578182816505432,0.3416984975337982,0.36851003766059875,-0.222150981426239,0.3731430172920227,-0.08902561664581299,0.1251508742570877,0.1260751485824585,-0.04232433810830116,-0.45566654205322266,0.3045583963394165,0.43591269850730896,-0.24838393926620483,-0.0700245201587677,0.03264652565121651,0.12289346009492874,0.11397644877433777,-0.4935342073440552,-0.18427562713623047,0.2390768826007843,-0.5095998644828796,-0.06360995769500732,-0.5968554019927979,0.12200337648391724,-0.2646847367286682,-0.712856113910675,0.4840565621852875,0.1675843596458435,0.3503352999687195,-0.34834975004196167,-0.0878957062959671,-0.3000403046607971,0.08587449789047241,0.5151442289352417,0.30629801750183105,0.6055285930633545,-0.3171154260635376,0.18170252442359924,0.25391900539398193,0.06975865364074707,-0.3484855890274048,-0.08862334489822388,-0.1261308193206787,-0.18470795452594757,-0.10257470607757568,-0.03717140853404999,-0.24912385642528534,-0.08658716082572937,-0.023148685693740845,-0.4011196792125702,-0.013774454593658447,-0.1669043004512787,0.14624187350273132,0.6555994749069214,0.12582850456237793,-0.12215250730514526,-0.7651588916778564,0.18685007095336914
0.2456354796886444,-0.3329373598098755,-0.0014947056770324707,-0.43749192357063293,-0.3214479982852936,-0.09013381600379944,-0.24156081676483154,0.3842405080795288,-0.2606090307235718,-0.05852043628692627,-0.12285937368869781,-0.024718284606933594,-0.15910817682743073,0.027900487184524536,-0.21452105045318604,0.023639589548110962,-0.1290171891450882,0.045349299907684326,-0.056604355573654175,0.10948612540960312,0.21187341213226318,0.1995292454957962,0.27904802560806274,0.5411190390586853,0.4800136983394623,0.013972610235214233,-0.22330033779144287,0.45190751552581787,0.4090314507484436,-0.09195868670940399,0.07934801280498505,0.08692052960395813,-0.0032532811164855957,0.03481793403625488,-0.17373305559158325,-0.11516982316970825,0.16217119991779327,0.11357873678207397,0.15472453832626343,-0.2579643428325653,0.012688294053077698,-0.5089033842086792,0.7555373311042786,0.32727527618408203,0.37642917037010193,-0.2243964970111847,0.3763056695461273,-0.07795137166976929,0.11515326797962189,0.10939636826515198,-0.029373258352279663,-0.46146219968795776,0.30510982871055603,0.4311734735965729,-0.24360209703445435,-0.06917092204093933,0.037010181695222855,0.12785404920578003,0.09606391191482544,-0.49474895000457764,-0.18983805179595947,0.23497971892356873,-0.5064475536346436,-0.05688202381134033,-0.5945015549659729,0.12149637937545776,-0.2703482508659363,-0.7116708755493164,0.47768521308898926,0.16655981540679932,0.34709984064102173,-0.35763221979141235,-0.08285905420780182,-0.31001293659210205,0.08484303951263428,0.5244995355606079,0.3209834098815918,0.597111701965332,-0.3078329563140869,0.15992075204849243,0.26868653297424316,0.06878545880317688,-0.3586803674697876,-0.07882708311080933,-0.11169299483299255,-0.1614658236503601,-0.08881241083145142,-0.040719494223594666,-0.2474612295627594,-0.0930599570274353,-0.02258247137069702,-0.3970320224761963,-0.012931585311889648,-0.1673366129398346,0.1400691568851471,0.6438908576965332,0.11629334092140198,-0.12025231122970581,-0.7613683938980103,0.18960857391357422
0.23043033480644226,-0.3404064178466797,-0.0033569931983947754,-0.45722371339797974,-0.338005930185318,-0.07897591590881348,-0.2573176920413971,0.39206475019454956,-0.25228989124298096,-0.052776843309402466,-0.11950744688510895,-0.017804443836212158,-0.16555431485176086,0.03295007348060608,-0.23223876953125,0.03683796525001526,-0.1327904462814331,0.044716984033584595,-0.06277784705162048,0.09573451429605484,0.21865490078926086,0.21119321882724762,0.2820976972579956,0.5448263883590698,0.4873480796813965,0.006649881601333618,-0.21958959102630615,0.4598018527030945,0.4107612371444702,-0.11431451141834259,0.09430210292339325,0.08779183030128479,0.00921410322189331,0.03251853585243225,-0.1635732650756836,-0.13002285361289978,0.1512761414051056,0.0921894758939743,0.16830527782440186,-0.24357634782791138,0.025217577815055847,-0.5187872648239136,0.7633510828018188,0.34523823857307434,0.3649560511112213,-0.22348102927207947,0.3726820945739746,-0.09254616498947144,0.12854160368442535,0.13059383630752563,-0.05445939674973488,-0.45705050230026245,0.3097715377807617,0.4430745840072632,-0.25270745158195496,-0.06510630249977112,0.035945016890764236,0.1260688602924347,0.11441625654697418,-0.49054181575775146,-0.18261373043060303,0.23823688924312592,-0.5119734406471252,-0.05973660945892334,-0.5951427817344666,0.12590622901916504,-0.2668672204017639,-0.7179859280586243,0.48129287362098694,0.16650372743606567,0.35212230682373047,-0.3492034673690796,-0.08568479120731354,-0.30458080768585205,0.07800412178039551,0.5118773579597473,0.30837494134902954,0.6059728860855103,-0.32210221886634827,0.1896042823791504,0.25896942615509033,0.07823646068572998,-0.34723448753356934,-0.0866696834564209,-0.13007614016532898,-0.19875232875347137,-0.10564520955085754,-0.03947162628173828,-0.2445821315050125,-0.08214616775512695,-0.02038443088531494,-0.402612566947937,-0.016744554042816162,-0.1653836965560913,0.15102416276931763,0.6652117967605591,0.1196410059928894,-0.1291346549987793,-0.7693295478820801,0.18619155883789062
0.24152514338493347,-0.3588523268699646,0.038811326026916504,-0.40478554368019104,-0.29229971766471863,-0.07440999150276184,-0.2532491385936737,0.38005608320236206,-0.2839753031730652,-0.09247395396232605,-0.10384052991867065,-0.03495281934738159,-0.09798678755760193,0.002238661050796509,-0.2577916383743286,0.04276737570762634,-0.09044747054576874,0.06201577186584473,-0.05208352208137512,0.12674623727798462,0.23494815826416016,0.211078941822052,0.25249165296554565,0.578369677066803,0.48187440633773804,0.009899049997329712,-0.2974421977996826,0.4701976776123047,0.3902488052845001,-0.10093237459659576,0.05311034619808197,0.06620219349861145,-0.008932173252105713,0.060454607009887695,-0.1727130115032196,-0.08411914110183716,0.1729165017604828,0.11364050209522247,0.20057064294815063,-0.2935461699962616,0.010908916592597961,-0.4826599657535553,0.7455968856811523,0.3192840814590454,0.38370251655578613,-0.23986351490020752,0.37975749373435974,-0.04065597057342529,0.10041627287864685,0.09223508834838867,-0.02759028971195221,-0.4589945673942566,0.3313972055912018,0.3933042287826538,-0.24861431121826172,-0.09115225076675415,0.03393055871129036,0.15140753984451294,0.1213148832321167,-0.4438002109527588,-0.2167654037475586,0.26705262064933777,-0.5182609558105469,-0.0364152193069458,-0.5749304890632629,0.11924540996551514,-0.26856523752212524,-0.6620218753814697,0.46697720885276794,0.16232633590698242,0.33894240856170654,-0.3972656726837158,-0.05610828101634979,-0.30088722705841064,0.0891309380531311,0.5350726842880249,0.35235798358917236,0.5834556221961975,-0.27631595730781555,0.15424883365631104,0.21963179111480713,0.06057804822921753,-0.31416594982147217,-0.08199429512023926,-0.15711407363414764,-0.14154532551765442,-0.08309447765350342,-0.04234917461872101,-0.27478769421577454,-0.11723151803016663,-0.029723674058914185,-0.407934308052063,-0.040885359048843384,-0.14327159523963928,0.1063866913318634,0.6231657266616821,0.1001313328742981,-0.09100073575973511,-0.7499189376831055,0.1664257049560547
0.2313188910484314,-0.35351863503456116,-0.0027979016304016113,-0.46871891617774963,-0.34179097414016724,-0.07522463798522949,-0.26686546206474304,0.3943045735359192,-0.2513836622238159,-0.04870304465293884,-0.12266495823860168,-0.012248396873474121,-0.1595359742641449,0.041225969791412354,-0.24219346046447754,0.04278305172920227,-0.13700932264328003,0.05648031830787659,-0.06503626704216003,0.10746697336435318,0.22345396876335144,0.21470367908477783,0.2851775884628296,0.5523934364318848,0.4994167685508728,0.016112923622131348,-0.2411969006061554,0.45516759157180786,0.4068218171596527,-0.12479566037654877,0.08844129741191864,0.09230920672416687,0.009888529777526855,0.044170647859573364,-0.15989220142364502,-0.1332406997680664,0.15873011946678162,0.09126324951648712,0.18439847230911255,-0.24443288147449493,0.028354912996292114,-0.5133813619613647,0.7555990219116211,0.35170280933380127,0.3643154501914978,-0.2224411964416504,0.3728439211845398,-0.09877324104309082,0.13450615108013153,0.13510003685951233,-0.06997810304164886,-0.45394349098205566,0.31942054629325867,0.444923996925354,-0.2441195845603943,-0.06611239910125732,0.024178970605134964,0.1209397092461586,0.1303735375404358,-0.4847146272659302,-0.19576096534729004,0.25610896944999695,-0.5220211148262024,-0.06313669681549072,-0.5981019139289856,0.12912756204605103,-0.2639120817184448,-0.7098848223686218,0.4844639003276825,0.16749459505081177,0.3555920720100403,-0.3512236475944519,-0.09393732994794846,-0.3010052442550659,0.0796499252319336,0.5161994695663452,0.3064373731613159,0.6073900461196899,-0.315379798412323,0.19807177782058716,0.24270367622375488,0.0731852650642395,-0.3520689010620117,-0.08214139938354492,-0.14899887144565582,-0.2080448567867279,-0.11766117811203003,-0.030271455645561218,-0.2570117712020874,-0.07322433590888977,-0.025325804948806763,-0.41772329807281494,-0.026886403560638428,-0.1539393961429596,0.1432758867740631,0.6784296631813049,0.12099999189376831,-0.13140124082565308,-0.7915258407592773,0.18729710578918457
0.22762730717658997,-0.35003653168678284,-0.00563204288482666,-0.46966466307640076,-0.341190367937088,-0.08031761646270752,-0.26354900002479553,0.38846319913864136,-0.24640560150146484,-0.0461689829826355,-0.12829163670539856,-0.00919950008392334,-0.159988135099411,0.04177019000053406,-0.23755574226379395,0.038391679525375366,-0.14747083187103271,0.059720009565353394,-0.06488123536109924,0.1089700385928154,0.2181815803050995,0.2111409455537796,0.28317564725875854,0.547735333442688,0.4991675913333893,0.022808104753494263,-0.23956921696662903,0.44580233097076416,0.40411779284477234,-0.12506960332393646,0.08625708520412445,0.09537065029144287,0.012261569499969482,0.05039948225021362,-0.15777474641799927,-0.13845303654670715,0.15937282145023346,0.09235206246376038,0.18047583103179932,-0.23596036434173584,0.023548394441604614,-0.500251829624176,0.7427558302879333,0.34931468963623047,0.3615933954715729,-0.213948592543602,0.37230780720710754,-0.10134053230285645,0.1373877376317978,0.13694000244140625,-0.06792999804019928,-0.4465410113334656,0.31129980087280273,0.4438621699810028,-0.23386502265930176,-0.07096412777900696,0.018647361546754837,0.11119697242975235,0.1303638219833374,-0.4871201515197754,-0.19793963432312012,0.25375473499298096,-0.5167288780212402,-0.07059597969055176,-0.5960443615913391,0.1246328353881836,-0.25825294852256775,-0.7047417759895325,0.4883762300014496,0.16884362697601318,0.35263848304748535,-0.34047430753707886,-0.09670963138341904,-0.2968119978904724,0.08660262823104858,0.512847900390625,0.2960590124130249,0.6027120351791382,-0.3098106384277344,0.19246810674667358,0.23627567291259766,0.06615331768989563,-0.35806310176849365,-0.08151668310165405,-0.1448921412229538,-0.2049787938594818,-0.11725854873657227,-0.02561819553375244,-0.25864332914352417,-0.06995466351509094,-0.026451200246810913,-0.416800320148468,-0.02640169858932495,-0.14988556504249573,0.13945454359054565,0.6752007603645325,0.1270778477191925,-0.12497574090957642,-0.7900935411453247,0.1918773651123047
0.22779697179794312,-0.3291628062725067,-0.013432502746582031,-0.4511979818344116,-0.3371725380420685,-0.07214492559432983,-0.2554587721824646,0.39016830921173096,-0.23880064487457275,-0.04481533169746399,-0.11718294024467468,-0.012195348739624023,-0.17281986773014069,0.045664966106414795,-0.2232062816619873,0.03804793953895569,-0.13030801713466644,0.03693273663520813,-0.0664425790309906,0.09223533421754837,0.20916905999183655,0.20535233616828918,0.28580039739608765,0.5183872580528259,0.4734453856945038,0.004159718751907349,-0.2031501829624176,0.4445056915283203,0.40224745869636536,-0.11571703851222992,0.0945090502500534,0.09459224343299866,0.008271753787994385,0.022741347551345825,-0.1589793562889099,-0.1334969401359558,0.1474190056324005,0.09081418812274933,0.1621573567390442,-0.2331446409225464,0.03261592984199524,-0.521282434463501,0.7476365566253662,0.34026771783828735,0.35290560126304626,-0.21894493699073792,0.35780006647109985,-0.10238879919052124,0.1279708296060562,0.13028201460838318,-0.06258206069469452,-0.4506038427352905,0.3056591749191284,0.43990856409072876,-0.24864324927330017,-0.05139511823654175,0.03524773195385933,0.12099168449640274,0.11079823970794678,-0.4792519807815552,-0.17550945281982422,0.23107299208641052,-0.49704039096832275,-0.057251691818237305,-0.5823361277580261,0.1275947093963623,-0.26412826776504517,-0.7082409858703613,0.4589713215827942,0.15952372550964355,0.3443131446838379,-0.3388553857803345,-0.08944380283355713,-0.2963184714317322,0.06617975234985352,0.49534285068511963,0.30042850971221924,0.5917185544967651,-0.32252615690231323,0.19238629937171936,0.2633788585662842,0.0844804048538208,-0.34349167346954346,-0.08100515604019165,-0.125751331448555,-0.20147129893302917,-0.11013710498809814,-0.04002882540225983,-0.229533389210701,-0.06844794750213623,-0.01866009831428528,-0.39397430419921875,-0.012739509344100952,-0.16529899835586548,0.154025137424469,0.659260630607605,0.10966670513153076,-0.1440686583518982,-0.7594274282455444,0.18009734153747559
0.21633586287498474,-0.36491936445236206,0.013398945331573486,-0.46708112955093384,-0.33956262469291687,-0.06240534782409668,-0.2773716151714325,0.39876264333724976,-0.25639110803604126,-0.06472232937812805,-0.1119382232427597,-0.012366771697998047,-0.13268348574638367,0.033358633518218994,-0.2684849500656128,0.05436617136001587,-0.12300726771354675,0.06120270490646362,-0.06870517134666443,0.10699332505464554,0.2328709065914154,0.2224574238061905,0.27339595556259155,0.5659067034721375,0.5063985586166382,0.009564399719238281,-0.2690606117248535,0.46580827236175537,0.3977823853492737,-0.13949339091777802,0.0876186341047287,0.08209344744682312,0.017690718173980713,0.05357331037521362,-0.14900216460227966,-0.1334194839000702,0.15521551668643951,0.07660940289497375,0.20739561319351196,-0.24717947840690613,0.03705276548862457,-0.5040600299835205,0.7535186409950256,0.35592174530029297,0.35642507672309875,-0.2227858304977417,0.37400907278060913,-0.08937740325927734,0.13783641159534454,0.14320075511932373,-0.08607815206050873,-0.4431089758872986,0.3277718722820282,0.43852698802948,-0.24936038255691528,-0.07719630002975464,0.022618774324655533,0.1285535991191864,0.1487296223640442,-0.4612382650375366,-0.2033137083053589,0.265433132648468,-0.5276116132736206,-0.05789172649383545,-0.5870674848556519,0.12960314750671387,-0.25782281160354614,-0.692349910736084,0.4854273796081543,0.1663120985031128,0.352997362613678,-0.3564993143081665,-0.08040319383144379,-0.29752713441848755,0.07853645086288452,0.5101945400238037,0.3082628846168518,0.6043864488601685,-0.3082927465438843,0.21025899052619934,0.21619808673858643,0.077639639377594,-0.3285331726074219,-0.08777385950088501,-0.175765261054039,-0.22630575299263,-0.12375813722610474,-0.029680654406547546,-0.2661128044128418,-0.07829016447067261,-0.025128036737442017,-0.4212993085384369,-0.04327040910720825,-0.1387394666671753,0.13469740748405457,0.68170166015625,0.11577451229095459,-0.11772507429122925,-0.7874190211296082,0.17826247215270996
0.22189870476722717,-0.35061317682266235,0.006333291530609131,-0.45904621481895447,-0.3348739743232727,-0.08067852258682251,-0.25999754667282104,0.38746368885040283,-0.25451111793518066,-0.05878439545631409,-0.12254974246025085,-0.015931308269500732,-0.14573746919631958,0.024698764085769653,-0.24343538284301758,0.03693479299545288,-0.13760589063167572,0.05762585997581482,-0.06216457486152649,0.10110031813383102,0.22470951080322266,0.21347388625144958,0.273926317691803,0.5545234680175781,0.4957391321659088,0.0143929123878479,-0.24357840418815613,0.4553821086883545,0.40475723147392273,-0.11861948668956757,0.08659057319164276,0.08572655916213989,0.014632701873779297,0.04980182647705078,-0.1554204225540161,-0.1296418309211731,0.1515241265296936,0.08862420916557312,0.18023604154586792,-0.24380630254745483,0.02349582314491272,-0.49675989151000977,0.7504037618637085,0.3460935354232788,0.36016085743904114,-0.21810153126716614,0.37332096695899963,-0.08677166700363159,0.13023944199085236,0.13504692912101746,-0.058928702026605606,-0.44203293323516846,0.3082508444786072,0.43411770462989807,-0.24458998441696167,-0.07704901695251465,0.023469749838113785,0.12320416420698166,0.12886442244052887,-0.479953408241272,-0.19431650638580322,0.24744148552417755,-0.5153100490570068,-0.06419157981872559,-0.590391993522644,0.12367171049118042,-0.2578052282333374,-0.6988928914070129,0.4862440824508667,0.1669689416885376,0.34813499450683594,-0.34635046124458313,-0.08603847026824951,-0.2972572445869446,0.08710581064224243,0.5102808475494385,0.3011742830276489,0.6029442548751831,-0.30815815925598145,0.1896544098854065,0.23304510116577148,0.07030123472213745,-0.34096407890319824,-0.08892744779586792,-0.14650194346904755,-0.20069552958011627,-0.11240881681442261,-0.031047984957695007,-0.2589368224143982,-0.08449268341064453,-0.024233371019363403,-0.4058212637901306,-0.026650696992874146,-0.15234985947608948,0.13748440146446228,0.661506712436676,0.12483012676239014,-0.11338204145431519,-0.7698564529418945,0.18309760093688965
0.25610247254371643,-0.3374524712562561,-0.01620274782180786,-0.4517705738544464,-0.33116990327835083,-0.087495356798172,-0.247762531042099,0.389321893453598,-0.25377780199050903,-0.041803598403930664,-0.12851373851299286,-0.016618669033050537,-0.17836889624595642,0.04786360263824463,-0.20849502086639404,0.02760431170463562,-0.1371774971485138,0.04717445373535156,-0.060049623250961304,0.11841312795877457,0.2100335955619812,0.1996900737285614,0.2953397035598755,0.5350371599197388,0.4848328232765198,0.020853191614151,-0.2184472382068634,0.44328856468200684,0.4118557572364807,-0.09783916175365448,0.07827310264110565,0.10082057118415833,-0.007040441036224365,0.03138425946235657,-0.17657721042633057,-0.12124118208885193,0.1701223999261856,0.11990059912204742,0.1569097638130188,-0.2547171115875244,0.01567763090133667,-0.5231386423110962,0.7560782432556152,0.3336361050605774,0.3796936273574829,-0.225480854511261,0.3729739487171173,-0.09572923183441162,0.11933064460754395,0.11156725883483887,-0.04086218774318695,-0.4710245132446289,0.3151170611381531,0.4429682791233063,-0.23733758926391602,-0.05542823672294617,0.030630875378847122,0.12057995051145554,0.09855781495571136,-0.5017490386962891,-0.19390976428985596,0.2446037381887436,-0.5107201933860779,-0.059441566467285156,-0.6038140058517456,0.12772393226623535,-0.2758629322052002,-0.7213917374610901,0.4734792411327362,0.16720998287200928,0.3546038269996643,-0.3574680685997009,-0.09843948483467102,-0.3095706105232239,0.07814037799835205,0.5288853645324707,0.32071352005004883,0.6013351082801819,-0.3136223256587982,0.16871657967567444,0.27747929096221924,0.06868690252304077,-0.3757268190383911,-0.07081401348114014,-0.11406996846199036,-0.16722767055034637,-0.10010689496994019,-0.036105766892433167,-0.24624715745449066,-0.07560458779335022,-0.02513161301612854,-0.4110931158065796,-0.011315524578094482,-0.16999658942222595,0.14543908834457397,0.6619918942451477,0.11479896306991577,-0.1430911421775818,-0.788618803024292,0.1953446865081787
0.21439900994300842,-0.36695510149002075,0.012010276317596436,-0.4695975184440613,-0.33821961283683777,-0.06635332107543945,-0.2767166197299957,0.3906790614128113,-0.25117820501327515,-0.05772605538368225,-0.1182803213596344,-0.009004831314086914,-0.1315765082836151,0.033799171447753906,-0.26448285579681396,0.05192270874977112,-0.13343657553195953,0.06931257247924805,-0.06684461236000061,0.11007965356111526,0.2314733862876892,0.2206612229347229,0.27278536558151245,0.5636674761772156,0.5063018798828125,0.018634170293807983,-0.2723081409931183,0.4542244076728821,0.3936469852924347,-0.1405336707830429,0.08252166211605072,0.08623179793357849,0.018035948276519775,0.062916100025177,-0.14642399549484253,-0.13417980074882507,0.1566774547100067,0.07900029420852661,0.20830857753753662,-0.2422817051410675,0.03236958384513855,-0.48904648423194885,0.7377137541770935,0.35451140999794006,0.35360392928123474,-0.21784380078315735,0.3685154616832733,-0.0936431884765625,0.13959580659866333,0.14327290654182434,-0.08688725531101227,-0.4346848726272583,0.3231384754180908,0.43307456374168396,-0.23839187622070312,-0.07814908027648926,0.013142917305231094,0.11963989585638046,0.15497340261936188,-0.45927345752716064,-0.20714318752288818,0.26963770389556885,-0.5246270298957825,-0.06458008289337158,-0.5859882831573486,0.12765264511108398,-0.25197771191596985,-0.6813874840736389,0.4841865301132202,0.1655985713005066,0.3504050374031067,-0.34847044944763184,-0.0892944186925888,-0.28898710012435913,0.08373153209686279,0.5070953965187073,0.29900282621383667,0.5997986197471619,-0.29977887868881226,0.20830626785755157,0.20368337631225586,0.06899133324623108,-0.3320091962814331,-0.08570605516433716,-0.17883162200450897,-0.22220085561275482,-0.1287732720375061,-0.02180473506450653,-0.2710232138633728,-0.07339033484458923,-0.02895835041999817,-0.4238232970237732,-0.0435241162776947,-0.1333823800086975,0.12933558225631714,0.6765509843826294,0.12169909477233887,-0.11550676822662354,-0.7895742058753967,0.17869186401367188
0.23807430267333984,-0.3510277271270752,-0.001983165740966797,-0.45992976427078247,-0.3324311673641205,-0.08369559049606323,-0.2570514678955078,0.3879607021808624,-0.25541046261787415,-0.051002949476242065,-0.1263863742351532,-0.014462411403656006,-0.1541248857975006,0.03789117932319641,-0.23140203952789307,0.03369799256324768,-0.14088012278079987,0.06064426898956299,-0.061520665884017944,0.11994003504514694,0.21893814206123352,0.20654085278511047,0.2826453447341919,0.5519092082977295,0.49761462211608887,0.02478790283203125,-0.2479429543018341,0.4465736746788025,0.40427350997924805,-0.1137334555387497,0.07670997083187103,0.09358227252960205,0.004030823707580566,0.05192750692367554,-0.16442260146141052,-0.12746119499206543,0.16631552577018738,0.10500553250312805,0.1773132085800171,-0.24980437755584717,0.017505228519439697,-0.4999646842479706,0.7458654642105103,0.3408043384552002,0.3710083067417145,-0.2187771052122116,0.3766789734363556,-0.09100991487503052,0.12862417101860046,0.1248379647731781,-0.05519719794392586,-0.45341306924819946,0.31547829508781433,0.4388015866279602,-0.23247486352920532,-0.07286450266838074,0.01999533548951149,0.11758267134428024,0.12141667306423187,-0.4871666431427002,-0.20392370223999023,0.2553771138191223,-0.5184156894683838,-0.06508791446685791,-0.5983213186264038,0.12424212694168091,-0.26348549127578735,-0.7043004035949707,0.48705023527145386,0.1694846749305725,0.35306498408317566,-0.35116374492645264,-0.09313307702541351,-0.30233973264694214,0.0887640118598938,0.523444652557373,0.30869364738464355,0.6014710664749146,-0.30215752124786377,0.17943280935287476,0.24200439453125,0.0629754364490509,-0.3626457452774048,-0.07735556364059448,-0.13974441587924957,-0.18554136157035828,-0.10945135354995728,-0.027611002326011658,-0.263256311416626,-0.07781296968460083,-0.02752479910850525,-0.41810861229896545,-0.027048051357269287,-0.15147534012794495,0.13357797265052795,0.6659128665924072,0.12353768944740295,-0.12092965841293335,-0.7901425361633301,0.19221115112304688
0.2353120744228363,-0.3525012135505676,-6.598234176635742e-05,-0.46130433678627014,-0.33334654569625854,-0.08389464020729065,-0.25836318731307983,0.3858780860900879,-0.25486257672309875,-0.05068400502204895,-0.12660247087478638,-0.014475762844085693,-0.15320536494255066,0.03546416759490967,-0.23187315464019775,0.034113556146621704,-0.14246007800102234,0.06244608759880066,-0.061488062143325806,0.11633794754743576,0.22027570009231567,0.20832288265228271,0.2828948497772217,0.5530954003334045,0.49651414155960083,0.023974448442459106,-0.24634438753128052,0.4461997151374817,0.40491870045661926,-0.11448629200458527,0.07797430455684662,0.09316769242286682,0.006260514259338379,0.053523242473602295,-0.16239574551582336,-0.12812811136245728,0.1635396033525467,0.1035720705986023,0.17873072624206543,-0.24885547161102295,0.016618803143501282,-0.4971848726272583,0.7446034550666809,0.34153783321380615,0.36841002106666565,-0.21797232329845428,0.374406099319458,-0.09204477071762085,0.12886783480644226,0.12668797373771667,-0.056063372641801834,-0.44973087310791016,0.31440067291259766,0.43730467557907104,-0.2323920726776123,-0.07265892624855042,0.018851447850465775,0.11734304577112198,0.12482208013534546,-0.48538804054260254,-0.20288360118865967,0.2545711398124695,-0.5166210532188416,-0.06688261032104492,-0.5977779030799866,0.1242414116859436,-0.2621939182281494,-0.701831579208374,0.48566436767578125,0.16877955198287964,0.3529011011123657,-0.3482855558395386,-0.09476904571056366,-0.2997440695762634,0.08836454153060913,0.5195866823196411,0.30624181032180786,0.6018778085708618,-0.3024919033050537,0.18245673179626465,0.23755311965942383,0.06350764632225037,-0.359022855758667,-0.07995730638504028,-0.14134328067302704,-0.18785111606121063,-0.11314171552658081,-0.026169702410697937,-0.2638216018676758,-0.07832217216491699,-0.027835339307785034,-0.41677045822143555,-0.02593439817428589,-0.15226933360099792,0.13502562046051025,0.6639696955680847,0.1259385347366333,-0.11959850788116455,-0.788013756275177,0.1897592544555664
0.24152514338493347,-0.3588523268699646,0.038811326026916504,-0.40478554368019104,-0.29229971766471863,-0.07440999150276184,-0.2532491385936737,0.38005608320236206,-0.2839753031730652,-0.09247395396232605,-0.10384052991867065,-0.03495281934738159,-0.09798678755760193,0.002238661050796509,-0.2577916383743286,0.04276737570762634,-0.09044747054576874,0.06201577186584473,-0.05208352208137512,0.12674623727798462,0.23494815826416016,0.211078941822052,0.25249165296554565,0.578369677066803,0.48187440633773804,0.009899049997329712,-0.2974421977996826,0.4701976776123047,0.3902488052845001,-0.10093237459659576,0.05311034619808197,0.06620219349861145,-0.008932173252105713,0.060454607009887695,-0.1727130115032196,-0.08411914110183716,0.1729165017604828,0.11364050209522247,0.20057064294815063,-0.2935461699962616,0.010908916592597961,-0.4826599657535553,0.7455968856811523,0.3192840814590454,0.38370251655578613,-0.23986351490020752,0.37975749373435974,-0.04065597057342529,0.10041627287864685,0.09223508834838867,-0.02759028971195221,-0.4589945673942566,0.3313972055912018,0.3933042287826538,-0.24861431121826172,-0.09115225076675415,0.03393055871129036,0.15140753984451294,0.1213148832321167,-0.4438002109527588,-0.2167654037475586,0.26705262064933777,-0.5182609558105469,-0.0364152193069458,-0.5749304890632629,0.11924540996551514,-0.26856523752212524,-0.6620218753814697,0.46697720885276794,0.16232633590698242,0.33894240856170654,-0.3972656726837158,-0.05610828101634979,-0.30088722705841064,0.0891309380531311,0.5350726842880249,0.35235798358917236,0.5834556221961975,-0.27631595730781555,0.15424883365631104,0.21963179111480713,0.06057804822921753,-0.31416594982147217,-0.08199429512023926,-0.15711407363414764,-0.14154532551765442,-0.08309447765350342,-0.04234917461872101,-0.27478769421577454,-0.11723151803016663,-0.029723674058914185,-0.407934308052063,-0.040885359048843384,-0.14327159523963928,0.1063866913318634,0.6231657266616821,0.1001313328742981,-0.09100073575973511,-0.7499189376831055,0.1664257049560547
0.23046505451202393,-0.33918875455856323,0.005031764507293701,-0.437793493270874,-0.325607031583786,-0.07220584154129028,-0.2559903562068939,0.38856449723243713,-0.2547987997531891,-0.05989915132522583,-0.1126323938369751,-0.02085644006729126,-0.15173977613449097,0.02723744511604309,-0.23613059520721436,0.04158055782318115,-0.11513997614383698,0.042975395917892456,-0.060748547315597534,0.09488099068403244,0.22039470076560974,0.21213506162166595,0.2751128673553467,0.5401889681816101,0.47632184624671936,0.00010752677917480469,-0.22659975290298462,0.45949316024780273,0.40193575620651245,-0.11064450442790985,0.08730874955654144,0.0825456976890564,0.00501781702041626,0.030590713024139404,-0.16315707564353943,-0.1165265142917633,0.14975474774837494,0.09390367567539215,0.17360466718673706,-0.2533884644508362,0.027940362691879272,-0.5153372287750244,0.7555354833602905,0.33731597661972046,0.3618580996990204,-0.22989608347415924,0.36429840326309204,-0.08253854513168335,0.11785265803337097,0.11972084641456604,-0.051138464361429214,-0.4546922445297241,0.31373295187950134,0.4261593520641327,-0.25742870569229126,-0.06091243028640747,0.03931555524468422,0.13556981086730957,0.11591970920562744,-0.4704263210296631,-0.1822270154953003,0.24021390080451965,-0.5050234794616699,-0.04921984672546387,-0.581696093082428,0.12677133083343506,-0.26691722869873047,-0.6986475586891174,0.46104711294174194,0.1590157151222229,0.34370121359825134,-0.3592321276664734,-0.07856488972902298,-0.2988385558128357,0.07018494606018066,0.5060974955558777,0.3181973099708557,0.5944653749465942,-0.3153129518032074,0.18645796179771423,0.25339388847351074,0.08096757531166077,-0.3277832269668579,-0.08590000867843628,-0.135934516787529,-0.1880768984556198,-0.10292685031890869,-0.04291725158691406,-0.24114204943180084,-0.08812335133552551,-0.020989179611206055,-0.39479464292526245,-0.017788812518119812,-0.1638008952140808,0.1457521915435791,0.6489191651344299,0.10723572969436646,-0.12982112169265747,-0.7516669631004333,0.1729736328125
0.241126149892807,-0.3587794303894043,0.03833061456680298,-0.4061300754547119,-0.2926281988620758,-0.07392576336860657,-0.2537250518798828,0.38024836778640747,-0.28308534622192383,-0.09187856316566467,-0.1039692610502243,-0.03401106595993042,-0.0969381332397461,0.004747241735458374,-0.2579296827316284,0.04242202639579773,-0.09094896912574768,0.06304013729095459,-0.05288645625114441,0.1285446286201477,0.23358052968978882,0.21000531315803528,0.25264066457748413,0.5772019028663635,0.4833213686943054,0.011592477560043335,-0.2997347116470337,0.46810853481292725,0.3892028033733368,-0.10195522010326385,0.05271999537944794,0.0667559802532196,-0.008939087390899658,0.06189417839050293,-0.171922504901886,-0.08578965067863464,0.17403192818164825,0.11304862797260284,0.20159423351287842,-0.29237526655197144,0.011969581246376038,-0.48107096552848816,0.7425931692123413,0.3189816474914551,0.3822537660598755,-0.2381930649280548,0.3794199824333191,-0.04215496778488159,0.10170814394950867,0.09292463958263397,-0.030407249927520752,-0.4568786025047302,0.3313080072402954,0.3938411474227905,-0.24626567959785461,-0.09122836589813232,0.03248067572712898,0.1493520438671112,0.12241953611373901,-0.443423867225647,-0.21855664253234863,0.2683679163455963,-0.5189937353134155,-0.03756570816040039,-0.5746396780014038,0.11920565366744995,-0.2674484848976135,-0.6607021689414978,0.4678957164287567,0.16278892755508423,0.33853599429130554,-0.395425945520401,-0.05701359361410141,-0.30082422494888306,0.08911389112472534,0.5347630977630615,0.3509324789047241,0.5825072526931763,-0.2746957540512085,0.1544417440891266,0.21773231029510498,0.06022706627845764,-0.31617605686187744,-0.08067059516906738,-0.15822967886924744,-0.14381688833236694,-0.08418935537338257,-0.040617793798446655,-0.2763402760028839,-0.11524727940559387,-0.03020608425140381,-0.4092620015144348,-0.042517781257629395,-0.14052793383598328,0.10500714182853699,0.624762237071991,0.10027188062667847,-0.09033143520355225,-0.7522854208946228,0.16745638847351074
0.24842622876167297,-0.37074941396713257,0.006358325481414795,-0.4674336016178131,-0.3325212299823761,-0.08452808856964111,-0.26592427492141724,0.3958594799041748,-0.26937800645828247,-0.0598299503326416,-0.12843240797519684,-0.016215503215789795,-0.1407395899295807,0.03630387783050537,-0.2472761869430542,0.038076043128967285,-0.13808821141719818,0.07281920313835144,-0.06193050742149353,0.13746675848960876,0.2303447723388672,0.2123856246471405,0.2841997742652893,0.5804662108421326,0.518391489982605,0.03246653079986572,-0.2832811176776886,0.4583359956741333,0.4091803729534149,-0.11715064942836761,0.06781081855297089,0.09224513173103333,0.0014927387237548828,0.06533998250961304,-0.16926217079162598,-0.12256425619125366,0.18119797110557556,0.11115121841430664,0.19627457857131958,-0.2672008275985718,0.01395578682422638,-0.5004122853279114,0.7576902508735657,0.3473156690597534,0.38633787631988525,-0.22551806271076202,0.39198780059814453,-0.08355706930160522,0.13008485734462738,0.12291598320007324,-0.05703480541706085,-0.463639497756958,0.3321240246295929,0.44300195574760437,-0.2304232120513916,-0.08429515361785889,0.014015499502420425,0.1228996142745018,0.13219889998435974,-0.4901992082595825,-0.22375750541687012,0.27739304304122925,-0.5404348969459534,-0.06534147262573242,-0.6119283437728882,0.1276026964187622,-0.26825419068336487,-0.7074339985847473,0.5041437745094299,0.1751219630241394,0.36275720596313477,-0.3716251850128174,-0.09261372685432434,-0.3108482360839844,0.09717047214508057,0.5475257635116577,0.32491064071655273,0.6135621070861816,-0.29590481519699097,0.17768602073192596,0.2327432632446289,0.05554342269897461,-0.37012434005737305,-0.07530468702316284,-0.15699847042560577,-0.1828504204750061,-0.11008352041244507,-0.023926466703414917,-0.284418523311615,-0.08422195911407471,-0.03194248676300049,-0.4386450946331024,-0.03930950164794922,-0.14412769675254822,0.12236598134040833,0.68251633644104,0.12569916248321533,-0.11334574222564697,-0.8194720149040222,0.1982405185699463
0.2256382405757904,-0.34922274947166443,-0.0029022693634033203,-0.4640653133392334,-0.336915522813797,-0.0777902603149414,-0.261516809463501,0.3874073028564453,-0.2466406524181366,-0.049284547567367554,-0.12488391995429993,-0.010118842124938965,-0.15330111980438232,0.03976255655288696,-0.23823022842407227,0.03863885998725891,-0.14267651736736298,0.05888521671295166,-0.06534674763679504,0.10956687480211258,0.21804744005203247,0.20955149829387665,0.28029167652130127,0.5442644953727722,0.49514010548591614,0.020382732152938843,-0.24122458696365356,0.4439162611961365,0.40047013759613037,-0.12344886362552643,0.08369724452495575,0.0939946174621582,0.011436820030212402,0.050833046436309814,-0.15538489818572998,-0.1356685757637024,0.1575435996055603,0.09189705550670624,0.1810089349746704,-0.2373563051223755,0.024062469601631165,-0.49657130241394043,0.738527774810791,0.34535130858421326,0.3579932153224945,-0.21393389999866486,0.3691125214099884,-0.09837871789932251,0.13533544540405273,0.13573884963989258,-0.06763407588005066,-0.4422612190246582,0.31048065423965454,0.43910276889801025,-0.2336466908454895,-0.07036566734313965,0.018487725406885147,0.11322777718305588,0.12961772084236145,-0.47842466831207275,-0.19737839698791504,0.2518778443336487,-0.513007402420044,-0.06742870807647705,-0.5903938412666321,0.12435793876647949,-0.2565144896507263,-0.6973387598991394,0.4824058413505554,0.1668509840965271,0.3492707908153534,-0.339891254901886,-0.09406273812055588,-0.29449325799942017,0.08486950397491455,0.5082709789276123,0.29647713899612427,0.5973354578018188,-0.30600619316101074,0.19179490208625793,0.2323700189590454,0.06801098585128784,-0.35210180282592773,-0.08112412691116333,-0.14645640552043915,-0.20296789705753326,-0.11752602458000183,-0.02616754174232483,-0.25727999210357666,-0.07102718949317932,-0.02590775489807129,-0.41328027844429016,-0.028364956378936768,-0.1479089856147766,0.13643279671669006,0.668131947517395,0.12367695569992065,-0.12273412942886353,-0.7829588055610657,0.18710064888000488
0.22705337405204773,-0.3530454933643341,-0.002943575382232666,-0.4704483449459076,-0.3414468467235565,-0.07711994647979736,-0.2657715380191803,0.39091312885284424,-0.24847857654094696,-0.04824954271316528,-0.12572446465492249,-0.009731173515319824,-0.15621483325958252,0.04114830493927002,-0.2414776086807251,0.04117134213447571,-0.14292509853839874,0.05980530381202698,-0.06596001982688904,0.10918701440095901,0.22089385986328125,0.2132713496685028,0.28357112407684326,0.550669252872467,0.500702977180481,0.019806265830993652,-0.2431860864162445,0.44914400577545166,0.40379148721694946,-0.1264202743768692,0.08670453727245331,0.09375837445259094,0.012387275695800781,0.05022159218788147,-0.15619242191314697,-0.1372612714767456,0.15872226655483246,0.09052413702011108,0.184515118598938,-0.23921170830726624,0.025712937116622925,-0.5028017163276672,0.7458354830741882,0.3502073884010315,0.36069631576538086,-0.21632833778858185,0.3718031346797943,-0.10051912069320679,0.13680648803710938,0.1378624439239502,-0.07174558937549591,-0.44626814126968384,0.3150595724582672,0.44398394227027893,-0.23691627383232117,-0.06965368986129761,0.01930655911564827,0.11500418931245804,0.13305418193340302,-0.4830244779586792,-0.19835972785949707,0.25577911734580994,-0.5189192295074463,-0.06797456741333008,-0.5957939028739929,0.12671804428100586,-0.2594076991081238,-0.7037522792816162,0.48683327436447144,0.16826701164245605,0.35374003648757935,-0.3436034917831421,-0.09572364389896393,-0.2974175810813904,0.0835605263710022,0.5124574303627014,0.2993374466896057,0.6038638949394226,-0.31049466133117676,0.19699734449386597,0.23401343822479248,0.06921282410621643,-0.35373687744140625,-0.08206629753112793,-0.14983020722866058,-0.2094886600971222,-0.12015452980995178,-0.026085197925567627,-0.25961750745773315,-0.07101216912269592,-0.026198089122772217,-0.418020099401474,-0.02884426712989807,-0.14904549717903137,0.14004552364349365,0.6769141554832458,0.1249399483203888,-0.1260269284248352,-0.7913212180137634,0.18880987167358398
0.22577494382858276,-0.3507222533226013,0.017159998416900635,-0.4375514090061188,-0.3234325349330902,-0.06714195013046265,-0.26470884680747986,0.390459805727005,-0.2605026364326477,-0.06907272338867188,-0.10799199342727661,-0.022519707679748535,-0.1349194347858429,0.021202772855758667,-0.2549097537994385,0.04875093698501587,-0.10845024883747101,0.04949811100959778,-0.06215754151344299,0.09771222621202469,0.2297855019569397,0.21818500757217407,0.2691017985343933,0.5567885637283325,0.48280906677246094,-0.000906139612197876,-0.2510785460472107,0.46835505962371826,0.3995746672153473,-0.11917464435100555,0.0839492529630661,0.07696846127510071,0.00759434700012207,0.03935515880584717,-0.15962913632392883,-0.11362040042877197,0.15155068039894104,0.08868780732154846,0.19144219160079956,-0.26080289483070374,0.030147433280944824,-0.509906530380249,0.757339358329773,0.34091928601264954,0.3625396192073822,-0.23218557238578796,0.3671335279941559,-0.07564687728881836,0.1190750002861023,0.12242060899734497,-0.05718347802758217,-0.4530206322669983,0.32267773151397705,0.4205579161643982,-0.260661780834198,-0.07008790969848633,0.03628062084317207,0.14056673645973206,0.12931275367736816,-0.45830047130584717,-0.1905517578125,0.25183820724487305,-0.5132014751434326,-0.046656012535095215,-0.5801478028297424,0.12682366371154785,-0.2653781771659851,-0.6887404322624207,0.46469616889953613,0.16021806001663208,0.3444450795650482,-0.3685658872127533,-0.07182599604129791,-0.29608649015426636,0.07205671072006226,0.5098170042037964,0.3231467008590698,0.596736490726471,-0.3098549246788025,0.1920279562473297,0.23528170585632324,0.08030956983566284,-0.31508123874664307,-0.08999133110046387,-0.1543121486902237,-0.1933242231607437,-0.10582083463668823,-0.04225310683250427,-0.25171881914138794,-0.09196865558624268,-0.022862553596496582,-0.40126991271972656,-0.02814692258834839,-0.15519100427627563,0.13738945126533508,0.6515344381332397,0.10638785362243652,-0.12027788162231445,-0.7554563283920288,0.16706323623657227
0.22619596123695374,-0.3496267795562744,0.008626282215118408,-0.4482261538505554,-0.32761383056640625,-0.07424557209014893,-0.2598983645439148,0.3871947228908539,-0.2558766305446625,-0.061520129442214966,-0.11635002493858337,-0.018368899822235107,-0.14159458875656128,0.026223421096801758,-0.24448275566101074,0.04184502363204956,-0.12535616755485535,0.05441901087760925,-0.061681896448135376,0.10449142009019852,0.22427469491958618,0.21227915585041046,0.27239739894866943,0.5524357557296753,0.4883112609386444,0.010248750448226929,-0.24634888768196106,0.4571540951728821,0.39998242259025574,-0.11820913851261139,0.08248983323574066,0.08322843909263611,0.008271992206573486,0.046424806118011475,-0.1586938500404358,-0.12221646308898926,0.15501920878887177,0.09216947853565216,0.18370282649993896,-0.2505008578300476,0.023825019598007202,-0.500005304813385,0.7483155727386475,0.34088918566703796,0.3623765707015991,-0.22366848587989807,0.3698773682117462,-0.08309429883956909,0.12595772743225098,0.12684601545333862,-0.05756324902176857,-0.447481632232666,0.3145052492618561,0.4282786250114441,-0.2463684380054474,-0.07316896319389343,0.02853282168507576,0.1279558539390564,0.12650834023952484,-0.4695124626159668,-0.19403159618377686,0.2500699758529663,-0.5127226114273071,-0.056632280349731445,-0.5853717923164368,0.12440145015716553,-0.26057881116867065,-0.6928429007530212,0.47589823603630066,0.16382098197937012,0.34665489196777344,-0.3548228144645691,-0.08095844835042953,-0.29682672023773193,0.08183884620666504,0.5109267830848694,0.3110649585723877,0.5964398980140686,-0.3054463565349579,0.18738354742527008,0.23393666744232178,0.07217162847518921,-0.3341928720474243,-0.0851823091506958,-0.1481427699327469,-0.19277451932430267,-0.10815775394439697,-0.03486514091491699,-0.2554932236671448,-0.08578070998191833,-0.02446088194847107,-0.40667837858200073,-0.028387129306793213,-0.15164229273796082,0.1353681981563568,0.6555427312850952,0.11594930291175842,-0.11768209934234619,-0.7662643790245056,0.17862939834594727
0.2123057246208191,-0.3483376204967499,-0.0034667253494262695,-0.4737241268157959,-0.34761103987693787,-0.06909441947937012,-0.26985952258110046,0.39405274391174316,-0.24054884910583496,-0.04917013645172119,-0.12066434323787689,-0.007410764694213867,-0.1558871567249298,0.04053187370300293,-0.24838733673095703,0.04565790295600891,-0.13980522751808167,0.0526907742023468,-0.06931990385055542,0.092992402613163,0.2203780710697174,0.21627017855644226,0.2796957492828369,0.5414111614227295,0.4978080093860626,0.010195672512054443,-0.23140430450439453,0.4519672393798828,0.40091225504875183,-0.1350250393152237,0.0988980382680893,0.09040701389312744,0.02145940065383911,0.04275864362716675,-0.14652138948440552,-0.1451621949672699,0.14527778327465057,0.07306300103664398,0.1847957968711853,-0.2266022264957428,0.03745660185813904,-0.5061837434768677,0.7462862133979797,0.35623180866241455,0.34639567136764526,-0.21380852162837982,0.3647614121437073,-0.10506248474121094,0.1432369500398636,0.1500055491924286,-0.08509926497936249,-0.4357120394706726,0.30849891901016235,0.4461975693702698,-0.24557530879974365,-0.06624594330787659,0.02312702313065529,0.1158876046538353,0.13858473300933838,-0.4758380651473999,-0.1862725019454956,0.2471989393234253,-0.5141521692276001,-0.06707119941711426,-0.5868892669677734,0.12859749794006348,-0.25347083806991577,-0.702280580997467,0.48208579421043396,0.16428792476654053,0.3495049476623535,-0.3334044814109802,-0.0922163873910904,-0.2936205267906189,0.07644397020339966,0.4957391321659088,0.2884305715560913,0.6019061803817749,-0.3186746835708618,0.2109535038471222,0.2311321496963501,0.07978931069374084,-0.33900928497314453,-0.08738285303115845,-0.1551036685705185,-0.23237070441246033,-0.12539035081863403,-0.028576821088790894,-0.2492663413286209,-0.06778386235237122,-0.021929502487182617,-0.40824392437934875,-0.028759315609931946,-0.14785858988761902,0.147341787815094,0.6794606447219849,0.12226614356040955,-0.12887507677078247,-0.7776702642440796,0.18314766883850098
0.2343692183494568,-0.35744720697402954,0.018983304500579834,-0.43621283769607544,-0.3192257583141327,-0.06549465656280518,-0.2659072279930115,0.39419466257095337,-0.26669633388519287,-0.07344338297843933,-0.10645119845867157,-0.022706687450408936,-0.1258837878704071,0.026039332151412964,-0.2568134069442749,0.049017131328582764,-0.10284155607223511,0.05460798740386963,-0.06226465106010437,0.11440562456846237,0.23074489831924438,0.21531453728675842,0.2700105309486389,0.5626504421234131,0.4903210997581482,0.005873441696166992,-0.2710494101047516,0.4670288562774658,0.39613527059555054,-0.11820520460605621,0.0738048404455185,0.07779297232627869,0.0020450353622436523,0.04594084620475769,-0.16314005851745605,-0.10913878679275513,0.163558229804039,0.09678100049495697,0.19901472330093384,-0.27069222927093506,0.02927251160144806,-0.5080690383911133,0.7552483677864075,0.3382210433483124,0.3700680136680603,-0.2346772849559784,0.37309014797210693,-0.07060116529464722,0.11784802377223969,0.1159214973449707,-0.05936216190457344,-0.45727670192718506,0.3319731652736664,0.4207781255245209,-0.2536189556121826,-0.07365530729293823,0.03223102167248726,0.1424243152141571,0.13010388612747192,-0.45539045333862305,-0.20416033267974854,0.26307496428489685,-0.5213961005210876,-0.044063687324523926,-0.5825862884521484,0.1288459300994873,-0.26792681217193604,-0.6851149797439575,0.46714356541633606,0.16129565238952637,0.34683382511138916,-0.37898895144462585,-0.07109537720680237,-0.30195122957229614,0.07458388805389404,0.5215026140213013,0.3339238166809082,0.5951232314109802,-0.2999580502510071,0.1848764717578888,0.23249244689941406,0.07574692368507385,-0.3234063386917114,-0.08184546232223511,-0.16106145083904266,-0.18605363368988037,-0.10389143228530884,-0.03944295644760132,-0.2615150213241577,-0.09296798706054688,-0.02547404170036316,-0.41226691007614136,-0.036705225706100464,-0.14732059836387634,0.1278878152370453,0.656241238117218,0.10198777914047241,-0.11850887537002563,-0.770576536655426,0.17119979858398438
0.22452932596206665,-0.35410478711128235,-0.00956183671951294,-0.4832974970340729,-0.3513253629207611,-0.07360368967056274,-0.27155786752700806,0.3955153822898865,-0.24213653802871704,-0.04059058427810669,-0.12746776640415192,-0.004978358745574951,-0.165924072265625,0.05079382658004761,-0.24249029159545898,0.044292449951171875,-0.148341566324234,0.059400349855422974,-0.06908968091011047,0.10617391020059586,0.21979501843452454,0.2151578813791275,0.2890051603317261,0.5470401048660278,0.5053026676177979,0.02064451575279236,-0.23748764395713806,0.44796913862228394,0.4047311544418335,-0.13472558557987213,0.09317325055599213,0.0973602831363678,0.015970826148986816,0.04694032669067383,-0.15277805924415588,-0.14629888534545898,0.1573510766029358,0.08464124798774719,0.18652498722076416,-0.23101891577243805,0.032803505659103394,-0.5104625225067139,0.7475253343582153,0.3580656349658966,0.35666128993034363,-0.21436014771461487,0.3696269989013672,-0.11151540279388428,0.14414332807064056,0.14571994543075562,-0.08500482141971588,-0.44626837968826294,0.31654199957847595,0.45337459444999695,-0.23753201961517334,-0.06485304236412048,0.017824623733758926,0.11048013716936111,0.13897839188575745,-0.4873265027999878,-0.19596314430236816,0.25766757130622864,-0.5217643976211548,-0.07159554958343506,-0.5990030765533447,0.12956774234771729,-0.2581702470779419,-0.7108851075172424,0.4881014823913574,0.16845065355300903,0.35700368881225586,-0.337654173374176,-0.10182523727416992,-0.29693132638931274,0.07939130067825317,0.5095158219337463,0.29204803705215454,0.6081271171569824,-0.31775856018066406,0.20848645269870758,0.23621952533721924,0.07296136021614075,-0.35797858238220215,-0.08146411180496216,-0.1539602428674698,-0.22583574056625366,-0.12768220901489258,-0.02354048192501068,-0.25710874795913696,-0.06119978427886963,-0.025999635457992554,-0.42197051644325256,-0.028874963521957397,-0.14810216426849365,0.1465882956981659,0.6904515027999878,0.12588372826576233,-0.13544076681137085,-0.8015912771224976,0.19165778160095215
0.24390488862991333,-0.3330742418766022,-0.007756829261779785,-0.44601017236709595,-0.3291599452495575,-0.08679413795471191,-0.24497559666633606,0.3876591920852661,-0.25534141063690186,-0.051884979009628296,-0.12371060252189636,-0.02158677577972412,-0.1687820553779602,0.03297129273414612,-0.2146841287612915,0.027120083570480347,-0.1314854472875595,0.04235091805458069,-0.05907902121543884,0.10337815433740616,0.21179190278053284,0.20244209468364716,0.28447073698043823,0.5368924736976624,0.4810492992401123,0.010507047176361084,-0.21226981282234192,0.45275038480758667,0.4119040369987488,-0.09683103859424591,0.08667145669460297,0.09001511335372925,-0.0007736682891845703,0.028748542070388794,-0.17134639620780945,-0.12121284008026123,0.15775565803050995,0.10774403810501099,0.15373682975769043,-0.25166404247283936,0.017531096935272217,-0.5179879069328308,0.7602162957191467,0.33340588212013245,0.37251508235931396,-0.22536253929138184,0.3726104497909546,-0.0876164436340332,0.11966997385025024,0.11614367365837097,-0.037546709179878235,-0.4618699550628662,0.3052215278148651,0.4385482668876648,-0.24778532981872559,-0.06146684288978577,0.03822915628552437,0.12649467587471008,0.09853160381317139,-0.4977668523788452,-0.1832430362701416,0.23357635736465454,-0.5070375800132751,-0.05761408805847168,-0.5970451831817627,0.12546205520629883,-0.2705087959766388,-0.7187251448631287,0.4763907492160797,0.1651599407196045,0.34981364011764526,-0.35324713587760925,-0.08803719282150269,-0.30935293436050415,0.07987338304519653,0.5197224617004395,0.3160051107406616,0.6011103987693787,-0.3169958293437958,0.17096859216690063,0.273567795753479,0.07398554682731628,-0.3585789203643799,-0.07978802919387817,-0.11315274238586426,-0.1740318238735199,-0.09553265571594238,-0.040707483887672424,-0.24166883528232574,-0.08647739887237549,-0.02127167582511902,-0.3981974422931671,-0.010368764400482178,-0.1712494194507599,0.14774495363235474,0.652720034122467,0.11616858839988708,-0.13102012872695923,-0.7662651538848877,0.18984651565551758
0.24152514338493347,-0.3588523268699646,0.038811326026916504,-0.40478554368019104,-0.29229971766471863,-0.07440999150276184,-0.2532491385936737,0.38005608320236206,-0.2839753031730652,-0.09247395396232605,-0.10384052991867065,-0.03495281934738159,-0.09798678755760193,0.002238661050796509,-0.2577916383743286,0.04276737570762634,-0.09044747054576874,0.06201577186584473,-0.05208352208137512,0.12674623727798462,0.23494815826416016,0.211078941822052,0.25249165296554565,0.578369677066803,0.48187440633773804,0.009899049997329712,-0.2974421977996826,0.4701976776123047,0.3902488052845001,-0.10093237459659576,0.05311034619808197,0.06620219349861145,-0.008932173252105713,0.060454607009887695,-0.1727130115032196,-0.08411914110183716,0.1729165017604828,0.11364050209522247,0.20057064294815063,-0.2935461699962616,0.010908916592597961,-0.4826599657535553,0.7455968856811523,0.3192840814590454,0.38370251655578613,-0.23986351490020752,0.37975749373435974,-0.04065597057342529,0.10041627287864685,0.09223508834838867,-0.02759028971195221,-0.4589945673942566,0.3313972055912018,0.3933042287826538,-0.24861431121826172,-0.09115225076675415,0.03393055871129036,0.15140753984451294,0.1213148832321167,-0.4438002109527588,-0.2167654037475586,0.26705262064933777,-0.5182609558105469,-0.0364152193069458,-0.5749304890632629,0.11924540996551514,-0.26856523752212524,-0.6620218753814697,0.46697720885276794,0.16232633590698242,0.33894240856170654,-0.3972656726837158,-0.05610828101634979,-0.30088722705841064,0.0891309380531311,0.5350726842880249,0.35235798358917236,0.5834556221961975,-0.27631595730781555,0.15424883365631104,0.21963179111480713,0.06057804822921753,-0.31416594982147217,-0.08199429512023926,-0.15711407363414764,-0.14154532551765442,-0.08309447765350342,-0.04234917461872101,-0.27478769421577454,-0.11723151803016663,-0.029723674058914185,-0.407934308052063,-0.040885359048843384,-0.14327159523963928,0.1063866913318634,0.6231657266616821,0.1001313328742981,-0.09100073575973511,-0.7499189376831055,0.1664257049560547
0.23866203427314758,-0.3345259726047516,-0.005261600017547607,-0.4404065012931824,-0.3270595371723175,-0.0747155249118805,-0.2533501386642456,0.38842400908470154,-0.2504124641418457,-0.05207034945487976,-0.11623179912567139,-0.017929792404174805,-0.16323041915893555,0.03931474685668945,-0.22457945346832275,0.03710907697677612,-0.12070724368095398,0.04097148776054382,-0.0620652437210083,0.10186957567930222,0.21339836716651917,0.20590107142925262,0.2832392454147339,0.5305938124656677,0.47485220432281494,0.006351739168167114,-0.21910029649734497,0.4501820206642151,0.40271300077438354,-0.10734345018863678,0.08439730107784271,0.09058395028114319,9.721517562866211e-05,0.027417033910751343,-0.16680511832237244,-0.11939376592636108,0.1562863290309906,0.10212533175945282,0.1665838360786438,-0.25110766291618347,0.02647930383682251,-0.5197875499725342,0.7511727809906006,0.3341681957244873,0.36462825536727905,-0.22687114775180817,0.3629287779331207,-0.08966183662414551,0.11875514686107635,0.11689051985740662,-0.05084164813160896,-0.45935189723968506,0.31306084990501404,0.4310154616832733,-0.24970018863677979,-0.055219441652297974,0.03716686740517616,0.1288965344429016,0.10792438685894012,-0.47753965854644775,-0.18435204029083252,0.23974981904029846,-0.5028670430183411,-0.051699042320251465,-0.5855112075805664,0.12754911184310913,-0.26993435621261597,-0.7038161754608154,0.4589565396308899,0.1603689193725586,0.3453878164291382,-0.35636577010154724,-0.08561255037784576,-0.300517737865448,0.06856650114059448,0.5096085667610168,0.31816011667251587,0.5921362638473511,-0.3148796558380127,0.1805034875869751,0.26324307918548584,0.07922255992889404,-0.3434157371520996,-0.07900571823120117,-0.1268642246723175,-0.18192391097545624,-0.10205134749412537,-0.04150187969207764,-0.2379327118396759,-0.07985740900039673,-0.021727442741394043,-0.39792516827583313,-0.014812886714935303,-0.16560056805610657,0.14642685651779175,0.6522486209869385,0.10613733530044556,-0.13878798484802246,-0.7615736126899719,0.17911314964294434
0.24152514338493347,-0.3588523268699646,0.038811326026916504,-0.40478554368019104,-0.29229971766471863,-0.07440999150276184,-0.2532491385936737,0.38005608320236206,-0.2839753031730652,-0.09247395396232605,-0.10384052991867065,-0.03495281934738159,-0.09798678755760193,0.002238661050796509,-0.2577916383743286,0.04276737570762634,-0.09044747054576874,0.06201577186584473,-0.05208352208137512,0.12674623727798462,0.23494815826416016,0.211078941822052,0.25249165296554565,0.578369677066803,0.48187440633773804,0.009899049997329712,-0.2974421977996826,0.4701976776123047,0.3902488052845001,-0.10093237459659576,0.05311034619808197,0.06620219349861145,-0.008932173252105713,0.060454607009887695,-0.1727130115032196,-0.08411914110183716,0.1729165017604828,0.11364050209522247,0.20057064294815063,-0.2935461699962616,0.010908916592597961,-0.4826599657535553,0.7455968856811523,0.3192840814590454,0.38370251655578613,-0.23986351490020752,0.37975749373435974,-0.04065597057342529,0.10041627287864685,0.09223508834838867,-0.02759028971195221,-0.4589945673942566,0.3313972055912018,0.3933042287826538,-0.24861431121826172,-0.09115225076675415,0.03393055871129036,0.15140753984451294,0.1213148832321167,-0.4438002109527588,-0.2167654037475586,0.26705262064933777,-0.5182609558105469,-0.0364152193069458,-0.5749304890632629,0.11924540996551514,-0.26856523752212524,-0.6620218753814697,0.46697720885276794,0.16232633590698242,0.33894240856170654,-0.3972656726837158,-0.05610828101634979,-0.30088722705841064,0.0891309380531311,0.5350726842880249,0.35235798358917236,0.5834556221961975,-0.27631595730781555,0.15424883365631104,0.21963179111480713,0.06057804822921753,-0.31416594982147217,-0.08199429512023926,-0.15711407363414764,-0.14154532551765442,-0.08309447765350342,-0.04234917461872101,-0.27478769421577454,-0.11723151803016663,-0.029723674058914185,-0.407934308052063,-0.040885359048843384,-0.14327159523963928,0.1063866913318634,0.6231657266616821,0.1001313328742981,-0.09100073575973511,-0.7499189376831055,0.1664257049560547
0.22188249230384827,-0.3564531207084656,0.008388876914978027,-0.460977703332901,-0.3325451612472534,-0.07919907569885254,-0.2626740038394928,0.38472437858581543,-0.25415366888046265,-0.05821114778518677,-0.12359282374382019,-0.013735413551330566,-0.13876503705978394,0.027513086795806885,-0.24771428108215332,0.039710938930511475,-0.1397668570280075,0.0648171603679657,-0.06279611587524414,0.11018813401460648,0.22472581267356873,0.2131100744009018,0.2723430395126343,0.5591388940811157,0.4996802508831024,0.020588070154190063,-0.2569369673728943,0.4512544274330139,0.39995741844177246,-0.12396080791950226,0.08053301274776459,0.08701038360595703,0.013126552104949951,0.059764713048934937,-0.1543014943599701,-0.13091138005256653,0.15762105584144592,0.09024854004383087,0.18857622146606445,-0.2437153458595276,0.020222440361976624,-0.48615220189094543,0.7398589849472046,0.3452291786670685,0.3605552017688751,-0.215556338429451,0.37340548634529114,-0.08829396963119507,0.1334083378314972,0.13487252593040466,-0.06394621729850769,-0.43890172243118286,0.3116105794906616,0.43223148584365845,-0.23541811108589172,-0.08091351389884949,0.017459530383348465,0.11743045598268509,0.1360148787498474,-0.4740544557571411,-0.20275282859802246,0.2564951181411743,-0.5176777839660645,-0.0670541524887085,-0.5899733304977417,0.12212198972702026,-0.25442206859588623,-0.6900662779808044,0.48952800035476685,0.16843736171722412,0.3489692509174347,-0.34534499049186707,-0.0881122499704361,-0.2940572500228882,0.09160536527633667,0.5124636292457581,0.29995375871658325,0.5995604395866394,-0.29964202642440796,0.18964600563049316,0.21922147274017334,0.06396615505218506,-0.3437693119049072,-0.08576732873916626,-0.15480740368366241,-0.2002490609884262,-0.11566776037216187,-0.025112107396125793,-0.267053484916687,-0.08113628625869751,-0.02772235870361328,-0.4152192771434784,-0.03364211320877075,-0.14331156015396118,0.12996745109558105,0.6634035110473633,0.1270008683204651,-0.10892468690872192,-0.7795301079750061,0.1851210594177246
0.24097570776939392,-0.34020838141441345,0.011060059070587158,-0.4319653809070587,-0.3186711370944977,-0.08102095127105713,-0.2462397813796997,0.3918180465698242,-0.27037352323532104,-0.07349291443824768,-0.11215244233608246,-0.030237138271331787,-0.14217740297317505,0.016593843698501587,-0.23246228694915771,0.0316254198551178,-0.11050145328044891,0.04235637187957764,-0.0571422278881073,0.10482346266508102,0.2218433916568756,0.20672670006752014,0.2712627053260803,0.5541634559631348,0.48365309834480286,0.00167885422706604,-0.23647946119308472,0.4702414274215698,0.40907108783721924,-0.09506554901599884,0.08222977817058563,0.07586506009101868,-0.0010432600975036621,0.03286707401275635,-0.17134597897529602,-0.10865059494972229,0.1573246866464615,0.10419245064258575,0.1658104658126831,-0.26832979917526245,0.019378751516342163,-0.5152387619018555,0.7707105875015259,0.33076682686805725,0.37617185711860657,-0.23362568020820618,0.3806278705596924,-0.06605207920074463,0.1129019558429718,0.11100029945373535,-0.03291487693786621,-0.46256178617477417,0.31260251998901367,0.42841264605522156,-0.2589930295944214,-0.07332220673561096,0.04487157240509987,0.14353647828102112,0.10141928493976593,-0.4831085205078125,-0.18860697746276855,0.23730039596557617,-0.5140845775604248,-0.04631698131561279,-0.5907049775123596,0.12518072128295898,-0.2719103991985321,-0.7099542021751404,0.4784114956855774,0.1646612286567688,0.3475285768508911,-0.3713003098964691,-0.06935451924800873,-0.31496375799179077,0.08125746250152588,0.5256699323654175,0.3326624631881714,0.6010203957557678,-0.3104601204395294,0.16715651750564575,0.26431405544281006,0.07738494873046875,-0.33893489837646484,-0.0845787525177002,-0.12540319561958313,-0.17004695534706116,-0.08714771270751953,-0.047132477164268494,-0.2495710402727127,-0.10528185963630676,-0.019870340824127197,-0.39571285247802734,-0.02040061354637146,-0.16600850224494934,0.1389470100402832,0.6450045108795166,0.10890376567840576,-0.11431640386581421,-0.7541877031326294,0.18178105354309082
0.241126149892807,-0.3587794303894043,0.03833061456680298,-0.4061300754547119,-0.2926281988620758,-0.07392576336860657,-0.2537250518798828,0.38024836778640747,-0.28308534622192383,-0.09187856316566467,-0.1039692610502243,-0.03401106595993042,-0.0969381332397461,0.004747241735458374,-0.2579296827316284,0.04242202639579773,-0.09094896912574768,0.06304013729095459,-0.05288645625114441,0.1285446286201477,0.23358052968978882,0.21000531315803528,0.25264066457748413,0.5772019028663635,0.4833213686943054,0.011592477560043335,-0.2997347116470337,0.46810853481292725,0.3892028033733368,-0.10195522010326385,0.05271999537944794,0.0667559802532196,-0.008939087390899658,0.06189417839050293,-0.171922504901886,-0.08578965067863464,0.17403192818164825,0.11304862797260284,0.20159423351287842,-0.29237526655197144,0.011969581246376038,-0.48107096552848816,0.7425931692123413,0.3189816474914551,0.3822537660598755,-0.2381930649280548,0.3794199824333191,-0.04215496778488159,0.10170814394950867,0.09292463958263397,-0.030407249927520752,-0.4568786025047302,0.3313080072402954,0.3938411474227905,-0.24626567959785461,-0.09122836589813232,0.03248067572712898,0.1493520438671112,0.12241953611373901,-0.443423867225647,-0.21855664253234863,0.2683679163455963,-0.5189937353134155,-0.03756570816040039,-0.5746396780014038,0.11920565366744995,-0.2674484848976135,-0.6607021689414978,0.4678957164287567,0.16278892755508423,0.33853599429130554,-0.395425945520401,-0.05701359361410141,-0.30082422494888306,0.08911389112472534,0.5347630977630615,0.3509324789047241,0.5825072526931763,-0.2746957540512085,0.1544417440891266,0.21773231029510498,0.06022706627845764,-0.31617605686187744,-0.08067059516906738,-0.15822967886924744,-0.14381688833236694,-0.08418935537338257,-0.040617793798446655,-0.2763402760028839,-0.11524727940559387,-0.03020608425140381,-0.4092620015144348,-0.042517781257629395,-0.14052793383598328,0.10500714182853699,0.624762237071991,0.10027188062667847,-0.09033143520355225,-0.7522854208946228,0.16745638847351074
0.241126149892807,-0.3587794303894043,0.03833061456680298,-0.4061300754547119,-0.2926281988620758,-0.07392576336860657,-0.2537250518798828,0.38024836778640747,-0.28308534622192383,-0.09187856316566467,-0.1039692610502243,-0.03401106595993042,-0.0969381332397461,0.004747241735458374,-0.2579296827316284,0.04242202639579773,-0.09094896912574768,0.06304013729095459,-0.05288645625114441,0.1285446286201477,0.23358052968978882,0.21000531315803528,0.25264066457748413,0.5772019028663635,0.4833213686943054,0.011592477560043335,-0.2997347116470337,0.46810853481292725,0.3892028033733368,-0.10195522010326385,0.05271999537944794,0.0667559802532196,-0.008939087390899658,0.06189417839050293,-0.171922504901886,-0.08578965067863464,0.17403192818164825,0.11304862797260284,0.20159423351287842,-0.29237526655197144,0.011969581246376038,-0.48107096552848816,0.7425931692123413,0.3189816474914551,0.3822537660598755,-0.2381930649280548,0.3794199824333191,-0.04215496778488159,0.10170814394950867,0.09292463958263397,-0.030407249927520752,-0.4568786025047302,0.3313080072402954,0.3938411474227905,-0.24626567959785461,-0.09122836589813232,0.03248067572712898,0.1493520438671112,0.12241953611373901,-0.443423867225647,-0.21855664253234863,0.2683679163455963,-0.5189937353134155,-0.03756570816040039,-0.5746396780014038,0.11920565366744995,-0.2674484848976135,-0.6607021689414978,0.4678957164287567,0.16278892755508423,0.33853599429130554,-0.395425945520401,-0.05701359361410141,-0.30082422494888306,0.08911389112472534,0.5347630977630615,0.3509324789047241,0.5825072526931763,-0.2746957540512085,0.1544417440891266,0.21773231029510498,0.06022706627845764,-0.31617605686187744,-0.08067059516906738,-0.15822967886924744,-0.14381688833236694,-0.08418935537338257,-0.040617793798446655,-0.2763402760028839,-0.11524727940559387,-0.03020608425140381,-0.4092620015144348,-0.042517781257629395,-0.14052793383598328,0.10500714182853699,0.624762237071991,0.10027188062667847,-0.09033143520355225,-0.7522854208946228,0.16745638847351074
0.2320210039615631,-0.3532760739326477,0.024837017059326172,-0.43409380316734314,-0.3198648691177368,-0.08248764276504517,-0.25623854994773865,0.38329216837882996,-0.27528882026672363,-0.07352188229560852,-0.11463874578475952,-0.032048046588897705,-0.13846522569656372,-0.0012157857418060303,-0.24902641773223877,0.04146909713745117,-0.11452877521514893,0.05315011739730835,-0.05181869864463806,0.09319665282964706,0.23604774475097656,0.22153793275356293,0.2645372152328491,0.5800586342811584,0.4849654734134674,-0.0005237758159637451,-0.24676784873008728,0.48331230878829956,0.41269680857658386,-0.10651542246341705,0.08466897904872894,0.06846213340759277,0.004069626331329346,0.04382121562957764,-0.17129236459732056,-0.10352402925491333,0.15223976969718933,0.09806233644485474,0.1813487410545349,-0.2715759873390198,0.012241348624229431,-0.5065399408340454,0.7749302387237549,0.3389846384525299,0.3801598846912384,-0.23864471912384033,0.37993359565734863,-0.06256568431854248,0.11183473467826843,0.11345455050468445,-0.028443798422813416,-0.46468329429626465,0.31741300225257874,0.41791149973869324,-0.2673480808734894,-0.0819091796875,0.04415777698159218,0.14629822969436646,0.1198267787694931,-0.479636549949646,-0.18799090385437012,0.24744048714637756,-0.5183545351028442,-0.04972267150878906,-0.5942672491073608,0.1214066743850708,-0.27111855149269104,-0.7037906050682068,0.48416435718536377,0.16698890924453735,0.35022491216659546,-0.3767036199569702,-0.06807910650968552,-0.30319344997406006,0.08695369958877563,0.5263024568557739,0.33199238777160645,0.6103487014770508,-0.3125688433647156,0.17889952659606934,0.24324989318847656,0.0706905722618103,-0.31982576847076416,-0.0986514687538147,-0.14004671573638916,-0.17129293084144592,-0.091665118932724,-0.04601368308067322,-0.2600252032279968,-0.11356687545776367,-0.024268388748168945,-0.40043699741363525,-0.019650816917419434,-0.1678600013256073,0.14045608043670654,0.6419796943664551,0.119778573513031,-0.10592228174209595,-0.7494143843650818,0.175140380859375
0.241126149892807,-0.3587794303894043,0.03833061456680298,-0.4061300754547119,-0.2926281988620758,-0.07392576336860657,-0.2537250518798828,0.38024836778640747,-0.28308534622192383,-0.09187856316566467,-0.1039692610502243,-0.03401106595993042,-0.0969381332397461,0.004747241735458374,-0.2579296827316284,0.04242202639579773,-0.09094896912574768,0.06304013729095459,-0.05288645625114441,0.1285446286201477,0.23358052968978882,0.21000531315803528,0.25264066457748413,0.5772019028663635,0.4833213686943054,0.011592477560043335,-0.2997347116470337,0.46810853481292725,0.3892028033733368,-0.10195522010326385,0.05271999537944794,0.0667559802532196,-0.008939087390899658,0.06189417839050293,-0.171922504901886,-0.08578965067863464,0.17403192818164825,0.11304862797260284,0.20159423351287842,-0.29237526655197144,0.011969581246376038,-0.48107096552848816,0.7425931692123413,0.3189816474914551,0.3822537660598755,-0.2381930649280548,0.3794199824333191,-0.04215496778488159,0.10170814394950867,0.09292463958263397,-0.030407249927520752,-0.4568786025047302,0.3313080072402954,0.3938411474227905,-0.24626567959785461,-0.09122836589813232,0.03248067572712898,0.1493520438671112,0.12241953611373901,-0.443423867225647,-0.21855664253234863,0.2683679163455963,-0.5189937353134155,-0.03756570816040039,-0.5746396780014038,0.11920565366744995,-0.2674484848976135,-0.6607021689414978,0.4678957164287567,0.16278892755508423,0.33853599429130554,-0.395425945520401,-0.05701359361410141,-0.30082422494888306,0.08911389112472534,0.5347630977630615,0.3509324789047241,0.5825072526931763,-0.2746957540512085,0.1544417440891266,0.21773231029510498,0.06022706627845764,-0.31617605686187744,-0.08067059516906738,-0.15822967886924744,-0.14381688833236694,-0.08418935537338257,-0.040617793798446655,-0.2763402760028839,-0.11524727940559387,-0.03020608425140381,-0.4092620015144348,-0.042517781257629395,-0.14052793383598328,0.10500714182853699,0.624762237071991,0.10027188062667847,-0.09033143520355225,-0.7522854208946228,0.16745638847351074
0.229434996843338,-0.3443186283111572,0.014956235885620117,-0.4279986619949341,-0.3135903775691986,-0.07057985663414001,-0.2556912302970886,0.3843594789505005,-0.2597499191761017,-0.0702652633190155,-0.10910077393054962,-0.021936476230621338,-0.12877890467643738,0.024805277585983276,-0.24455738067626953,0.04187589883804321,-0.10903437435626984,0.05165323615074158,-0.0598396360874176,0.11032461374998093,0.2216256558895111,0.20831188559532166,0.2651633024215698,0.5460153818130493,0.47892698645591736,0.008126825094223022,-0.256474107503891,0.4545414447784424,0.3907836377620697,-0.11167655885219574,0.07302026450634003,0.07888773083686829,0.0017343759536743164,0.0452536940574646,-0.16145560145378113,-0.11010187864303589,0.1588604897260666,0.09779714047908783,0.18559741973876953,-0.2606362998485565,0.02522258460521698,-0.49562788009643555,0.7391162514686584,0.3295978307723999,0.36278432607650757,-0.2267746925354004,0.3667227327823639,-0.07099717855453491,0.1157606691122055,0.11357247829437256,-0.05191570892930031,-0.44775038957595825,0.31806421279907227,0.4136908948421478,-0.24629700183868408,-0.07267332077026367,0.03218570724129677,0.13477832078933716,0.12079726159572601,-0.4545222520828247,-0.19836461544036865,0.25115445256233215,-0.5070330500602722,-0.04676854610443115,-0.5728693604469299,0.12273603677749634,-0.2621475160121918,-0.6766582727432251,0.461780846118927,0.15991991758346558,0.33888059854507446,-0.36516040563583374,-0.07176852226257324,-0.2960771918296814,0.0774267315864563,0.5106096863746643,0.3226991891860962,0.5829999446868896,-0.29527074098587036,0.17572958767414093,0.23280799388885498,0.07240480184555054,-0.3250129222869873,-0.08074671030044556,-0.14758245646953583,-0.17736022174358368,-0.09950029850006104,-0.038617298007011414,-0.25385940074920654,-0.09136039018630981,-0.024631887674331665,-0.4005771577358246,-0.03125771880149841,-0.14773449301719666,0.12697657942771912,0.640805721282959,0.10361629724502563,-0.11441320180892944,-0.7522050142288208,0.17127013206481934
0.24152514338493347,-0.3588523268699646,0.038811326026916504,-0.40478554368019104,-0.29229971766471863,-0.07440999150276184,-0.2532491385936737,0.38005608320236206,-0.2839753031730652,-0.09247395396232605,-0.10384052991867065,-0.03495281934738159,-0.09798678755760193,0.002238661050796509,-0.2577916383743286,0.04276737570762634,-0.09044747054576874,0.06201577186584473,-0.05208352208137512,0.12674623727798462,0.23494815826416016,0.211078941822052,0.25249165296554565,0.578369677066803,0.48187440633773804,0.009899049997329712,-0.2974421977996826,0.4701976776123047,0.3902488052845001,-0.10093237459659576,0.05311034619808197,0.06620219349861145,-0.008932173252105713,0.060454607009887695,-0.1727130115032196,-0.08411914110183716,0.1729165017604828,0.11364050209522247,0.20057064294815063,-0.2935461699962616,0.010908916592597961,-0.4826599657535553,0.7455968856811523,0.3192840814590454,0.38370251655578613,-0.23986351490020752,0.37975749373435974,-0.04065597057342529,0.10041627287864685,0.09223508834838867,-0.02759028971195221,-0.4589945673942566,0.3313972055912018,0.3933042287826538,-0.24861431121826172,-0.09115225076675415,0.03393055871129036,0.15140753984451294,0.1213148832321167,-0.4438002109527588,-0.2167654037475586,0.26705262064933777,-0.5182609558105469,-0.0364152193069458,-0.5749304890632629,0.11924540996551514,-0.26856523752212524,-0.6620218753814697,0.46697720885276794,0.16232633590698242,0.33894240856170654,-0.3972656726837158,-0.05610828101634979,-0.30088722705841064,0.0891309380531311,0.5350726842880249,0.35235798358917236,0.5834556221961975,-0.27631595730781555,0.15424883365631104,0.21963179111480713,0.06057804822921753,-0.31416594982147217,-0.08199429512023926,-0.15711407363414764,-0.14154532551765442,-0.08309447765350342,-0.04234917461872101,-0.27478769421577454,-0.11723151803016663,-0.029723674058914185,-0.407934308052063,-0.040885359048843384,-0.14327159523963928,0.1063866913318634,0.6231657266616821,0.1001313328742981,-0.09100073575973511,-0.7499189376831055,0.1664257049560547
0.23332765698432922,-0.3391929268836975,-0.0022710561752319336,-0.44841453433036804,-0.3267214000225067,-0.07544925808906555,-0.2538745403289795,0.39015814661979675,-0.2493617832660675,-0.05770760774612427,-0.1170770674943924,-0.016144096851348877,-0.14673978090286255,0.04230380058288574,-0.23089516162872314,0.03416392207145691,-0.12674905359745026,0.04942181706428528,-0.06526830792427063,0.11413449794054031,0.21101438999176025,0.2005532830953598,0.27686184644699097,0.5339518785476685,0.4873078465461731,0.016075938940048218,-0.23979485034942627,0.44434505701065063,0.39625394344329834,-0.11234806478023529,0.07997266948223114,0.08925402164459229,0.0035039186477661133,0.04186245799064636,-0.16012796759605408,-0.1282188892364502,0.1617611199617386,0.09773439168930054,0.17348092794418335,-0.24618297815322876,0.027293577790260315,-0.5019497871398926,0.7384167909622192,0.3348599672317505,0.360026091337204,-0.21745836734771729,0.3692494332790375,-0.08829963207244873,0.129546120762825,0.1237528920173645,-0.06138553097844124,-0.44619178771972656,0.30950939655303955,0.4354209005832672,-0.23601630330085754,-0.06830853223800659,0.027338359504938126,0.12001612037420273,0.11554382741451263,-0.47435104846954346,-0.19577479362487793,0.24597187340259552,-0.5097340941429138,-0.05885803699493408,-0.584210216999054,0.12466531991958618,-0.25914227962493896,-0.6958677768707275,0.4741683900356293,0.16334807872772217,0.3447038531303406,-0.34807050228118896,-0.08500179648399353,-0.3028310537338257,0.08042532205581665,0.5116449594497681,0.30825722217559814,0.5888872146606445,-0.30223149061203003,0.1776553988456726,0.2458934783935547,0.0727592408657074,-0.3520547151565552,-0.07395845651626587,-0.13634736835956573,-0.19046826660633087,-0.10359954833984375,-0.032280489802360535,-0.24981659650802612,-0.07679229974746704,-0.023267388343811035,-0.40528473258018494,-0.02830168604850769,-0.1474704146385193,0.1329399049282074,0.658139705657959,0.11168739199638367,-0.12282049655914307,-0.7728229761123657,0.18585586547851562
0.24719074368476868,-0.3443641662597656,0.009662330150604248,-0.4314365088939667,-0.31298521161079407,-0.09216693043708801,-0.242277592420578,0.3777748644351959,-0.2694993019104004,-0.06425797939300537,-0.12400472164154053,-0.027448296546936035,-0.1448194980621338,0.016344040632247925,-0.2236788272857666,0.027093470096588135,-0.1274442821741104,0.05647498369216919,-0.051949530839920044,0.11751861125230789,0.2203209400177002,0.20346768200397491,0.27219003438949585,0.5589886903762817,0.48315054178237915,0.018681585788726807,-0.24537521600723267,0.4555056691169739,0.4072360098361969,-0.09252513945102692,0.06868408620357513,0.0829530656337738,-0.006561994552612305,0.04916965961456299,-0.17631012201309204,-0.10515701770782471,0.16796942055225372,0.11903633177280426,0.16611820459365845,-0.26836714148521423,0.0031717121601104736,-0.49464648962020874,0.7515383958816528,0.32478755712509155,0.3837064504623413,-0.22815510630607605,0.3799312710762024,-0.06833326816558838,0.11048755049705505,0.10310326516628265,-0.021094098687171936,-0.4622238278388977,0.3110319674015045,0.4197094440460205,-0.23997598886489868,-0.07873055338859558,0.03253128007054329,0.13021281361579895,0.10339447855949402,-0.48725342750549316,-0.20057082176208496,0.24679037928581238,-0.5111755132675171,-0.0557018518447876,-0.5950057506561279,0.11832082271575928,-0.26944050192832947,-0.699061930179596,0.4819433093070984,0.16869086027145386,0.34742462635040283,-0.36712247133255005,-0.08025428652763367,-0.30549997091293335,0.09395354986190796,0.5327077507972717,0.3277519941329956,0.596554160118103,-0.29648470878601074,0.15509474277496338,0.25143706798553467,0.058558642864227295,-0.35298383235931396,-0.08071035146713257,-0.12245726585388184,-0.1472850888967514,-0.08780640363693237,-0.037584275007247925,-0.26165080070495605,-0.10151436924934387,-0.027584105730056763,-0.40520018339157104,-0.01945340633392334,-0.16234204173088074,0.12861180305480957,0.6363903284072876,0.11946621537208557,-0.10843563079833984,-0.7634401321411133,0.18767905235290527
0.2274417281150818,-0.3542718291282654,0.015553534030914307,-0.44226518273353577,-0.3239585757255554,-0.06673282384872437,-0.26575812697410583,0.3927755653858185,-0.26075902581214905,-0.06922498345375061,-0.10912500321865082,-0.01966679096221924,-0.12992897629737854,0.027305305004119873,-0.25520241260528564,0.047403037548065186,-0.11066232621669769,0.05452290177345276,-0.06336596608161926,0.10832469910383224,0.22816655039787292,0.21526850759983063,0.2697645425796509,0.5561102032661438,0.49036481976509094,0.006332814693450928,-0.2623055577278137,0.46236687898635864,0.39590293169021606,-0.12075866758823395,0.07924102246761322,0.07969614863395691,0.007181107997894287,0.04618766903877258,-0.15819397568702698,-0.11628782749176025,0.15719223022460938,0.09033191204071045,0.1951785683631897,-0.26029109954833984,0.03133478760719299,-0.5044533610343933,0.7507202625274658,0.3408447504043579,0.3623223602771759,-0.22905157506465912,0.3702313005924225,-0.07691377401351929,0.12266711890697479,0.12354522943496704,-0.06409822404384613,-0.44931626319885254,0.3247816264629364,0.4235018789768219,-0.25175049901008606,-0.07240042090415955,0.029890719801187515,0.13663411140441895,0.13215580582618713,-0.45712435245513916,-0.19942426681518555,0.2579197585582733,-0.5177981853485107,-0.04910099506378174,-0.5807350277900696,0.12780505418777466,-0.26293641328811646,-0.685589075088501,0.4688636064529419,0.16126680374145508,0.34518641233444214,-0.3670734465122223,-0.0747663602232933,-0.298581063747406,0.07512044906616211,0.5130571126937866,0.32216161489486694,0.5945714712142944,-0.30270296335220337,0.19004493951797485,0.22979891300201416,0.07687526941299438,-0.32411980628967285,-0.08397668600082397,-0.1593277007341385,-0.1958884596824646,-0.10885459184646606,-0.03687126934528351,-0.2587149739265442,-0.08840048313140869,-0.024449199438095093,-0.4082210063934326,-0.034750282764434814,-0.14697638154029846,0.13115045428276062,0.6577455997467041,0.10662546753883362,-0.11805945634841919,-0.7668877840042114,0.17165350914001465
0.24152514338493347,-0.3588523268699646,0.038811326026916504,-0.40478554368019104,-0.29229971766471863,-0.07440999150276184,-0.2532491385936737,0.38005608320236206,-0.2839753031730652,-0.09247395396232605,-0.10384052991867065,-0.03495281934738159,-0.09798678755760193,0.002238661050796509,-0.2577916383743286,0.04276737570762634,-0.09044747054576874,0.06201577186584473,-0.05208352208137512,0.12674623727798462,0.23494815826416016,0.211078941822052,0.25249165296554565,0.578369677066803,0.48187440633773804,0.009899049997329712,-0.2974421977996826,0.4701976776123047,0.3902488052845001,-0.10093237459659576,0.05311034619808197,0.06620219349861145,-0.008932173252105713,0.060454607009887695,-0.1727130115032196,-0.08411914110183716,0.1729165017604828,0.11364050209522247,0.20057064294815063,-0.2935461699962616,0.010908916592597961,-0.4826599657535553,0.7455968856811523,0.3192840814590454,0.38370251655578613,-0.23986351490020752,0.37975749373435974,-0.04065597057342529,0.10041627287864685,0.09223508834838867,-0.02759028971195221,-0.4589945673942566,0.3313972055912018,0.3933042287826538,-0.24861431121826172,-0.09115225076675415,0.03393055871129036,0.15140753984451294,0.1213148832321167,-0.4438002109527588,-0.2167654037475586,0.26705262064933777,-0.5182609558105469,-0.0364152193069458,-0.5749304890632629,0.11924540996551514,-0.26856523752212524,-0.6620218753814697,0.46697720885276794,0.16232633590698242,0.33894240856170654,-0.3972656726837158,-0.05610828101634979,-0.30088722705841064,0.0891309380531311,0.5350726842880249,0.35235798358917236,0.5834556221961975,-0.27631595730781555,0.15424883365631104,0.21963179111480713,0.06057804822921753,-0.31416594982147217,-0.08199429512023926,-0.15711407363414764,-0.14154532551765442,-0.08309447765350342,-0.04234917461872101,-0.27478769421577454,-0.11723151803016663,-0.029723674058914185,-0.407934308052063,-0.040885359048843384,-0.14327159523963928,0.1063866913318634,0.6231657266616821,0.1001313328742981,-0.09100073575973511,-0.7499189376831055,0.1664257049560547
0.241126149892807,-0.3587794303894043,0.03833061456680298,-0.4061300754547119,-0.2926281988620758,-0.07392576336860657,-0.2537250518798828,0.38024836778640747,-0.28308534622192383,-0.09187856316566467,-0.1039692610502243,-0.03401106595993042,-0.0969381332397461,0.004747241735458374,-0.2579296827316284,0.04242202639579773,-0.09094896912574768,0.06304013729095459,-0.05288645625114441,0.1285446286201477,0.23358052968978882,0.21000531315803528,0.25264066457748413,0.5772019028663635,0.4833213686943054,0.011592477560043335,-0.2997347116470337,0.46810853481292725,0.3892028033733368,-0.10195522010326385,0.05271999537944794,0.0667559802532196,-0.008939087390899658,0.06189417839050293,-0.171922504901886,-0.08578965067863464,0.17403192818164825,0.11304862797260284,0.20159423351287842,-0.29237526655197144,0.011969581246376038,-0.48107096552848816,0.7425931692123413,0.3189816474914551,0.3822537660598755,-0.2381930649280548,0.3794199824333191,-0.04215496778488159,0.10170814394950867,0.09292463958263397,-0.030407249927520752,-0.4568786025047302,0.3313080072402954,0.3938411474227905,-0.24626567959785461,-0.09122836589813232,0.03248067572712898,0.1493520438671112,0.12241953611373901,-0.443423867225647,-0.21855664253234863,0.2683679163455963,-0.5189937353134155,-0.03756570816040039,-0.5746396780014038,0.11920565366744995,-0.2674484848976135,-0.6607021689414978,0.4678957164287567,0.16278892755508423,0.33853599429130554,-0.395425945520401,-0.05701359361410141,-0.30082422494888306,0.08911389112472534,0.5347630977630615,0.3509324789047241,0.5825072526931763,-0.2746957540512085,0.1544417440891266,0.21773231029510498,0.06022706627845764,-0.31617605686187744,-0.08067059516906738,-0.15822967886924744,-0.14381688833236694,-0.08418935537338257,-0.040617793798446655,-0.2763402760028839,-0.11524727940559387,-0.03020608425140381,-0.4092620015144348,-0.042517781257629395,-0.14052793383598328,0.10500714182853699,0.624762237071991,0.10027188062667847,-0.09033143520355225,-0.7522854208946228,0.16745638847351074
0.24152514338493347,-0.3588523268699646,0.038811326026916504,-0.40478554368019104,-0.29229971766471863,-0.07440999150276184,-0.2532491385936737,0.38005608320236206,-0.2839753031730652,-0.09247395396232605,-0.10384052991867065,-0.03495281934738159,-0.09798678755760193,0.002238661050796509,-0.2577916383743286,0.04276737570762634,-0.09044747054576874,0.06201577186584473,-0.05208352208137512,0.12674623727798462,0.23494815826416016,0.211078941822052,0.25249165296554565,0.578369677066803,0.48187440633773804,0.009899049997329712,-0.2974421977996826,0.4701976776123047,0.3902488052845001,-0.10093237459659576,0.05311034619808197,0.06620219349861145,-0.008932173252105713,0.060454607009887695,-0.1727130115032196,-0.08411914110183716,0.1729165017604828,0.11364050209522247,0.20057064294815063,-0.2935461699962616,0.010908916592597961,-0.4826599657535553,0.7455968856811523,0.3192840814590454,0.38370251655578613,-0.23986351490020752,0.37975749373435974,-0.04065597057342529,0.10041627287864685,0.09223508834838867,-0.02759028971195221,-0.4589945673942566,0.3313972055912018,0.3933042287826538,-0.24861431121826172,-0.09115225076675415,0.03393055871129036,0.15140753984451294,0.1213148832321167,-0.4438002109527588,-0.2167654037475586,0.26705262064933777,-0.5182609558105469,-0.0364152193069458,-0.5749304890632629,0.11924540996551514,-0.26856523752212524,-0.6620218753814697,0.46697720885276794,0.16232633590698242,0.33894240856170654,-0.3972656726837158,-0.05610828101634979,-0.30088722705841064,0.0891309380531311,0.5350726842880249,0.35235798358917236,0.5834556221961975,-0.27631595730781555,0.15424883365631104,0.21963179111480713,0.06057804822921753,-0.31416594982147217,-0.08199429512023926,-0.15711407363414764,-0.14154532551765442,-0.08309447765350342,-0.04234917461872101,-0.27478769421577454,-0.11723151803016663,-0.029723674058914185,-0.407934308052063,-0.040885359048843384,-0.14327159523963928,0.1063866913318634,0.6231657266616821,0.1001313328742981,-0.09100073575973511,-0.7499189376831055,0.1664257049560547
0.234768807888031,-0.35209569334983826,-0.0026916861534118652,-0.4633057415485382,-0.3388778269290924,-0.07642191648483276,-0.2641063332557678,0.3955000638961792,-0.25347936153411865,-0.05196070671081543,-0.12181125581264496,-0.013459563255310059,-0.15792906284332275,0.03998243808746338,-0.2390073537826538,0.040402740240097046,-0.1351374089717865,0.05446910858154297,-0.06568381190299988,0.11109403520822525,0.22196176648139954,0.21204714477062225,0.28636884689331055,0.5511999726295471,0.49744585156440735,0.015239357948303223,-0.24138644337654114,0.45414358377456665,0.40756943821907043,-0.1198471337556839,0.08509837090969086,0.09375688433647156,0.008567988872528076,0.04354944825172424,-0.16161078214645386,-0.13097164034843445,0.15980708599090576,0.09695163369178772,0.18129903078079224,-0.24845026433467865,0.025434046983718872,-0.5142602920532227,0.7571240067481995,0.3473595380783081,0.3670620322227478,-0.22216805815696716,0.37519657611846924,-0.09533733129501343,0.13089294731616974,0.13182297348976135,-0.06322585046291351,-0.45591676235198975,0.320061057806015,0.44449010491371155,-0.2427295446395874,-0.06686818599700928,0.024558473378419876,0.12308724969625473,0.12512964010238647,-0.4836796522140503,-0.1970151662826538,0.25322791934013367,-0.5191971063613892,-0.061533451080322266,-0.5983609557151794,0.1286252737045288,-0.2662319540977478,-0.7109915018081665,0.4823906421661377,0.16740316152572632,0.3551766872406006,-0.3530552387237549,-0.09040799736976624,-0.30310457944869995,0.07941079139709473,0.5177735090255737,0.310333251953125,0.6062120199203491,-0.31312039494514465,0.1919272094964981,0.24626851081848145,0.07311314344406128,-0.35304391384124756,-0.08152168989181519,-0.1443193107843399,-0.2002260982990265,-0.11476531624794006,-0.032461777329444885,-0.2566069960594177,-0.07568702101707458,-0.02402213215827942,-0.41622141003608704,-0.025791853666305542,-0.15663966536521912,0.1417892575263977,0.6743408441543579,0.11953282356262207,-0.12928014993667603,-0.7897125482559204,0.18731021881103516
0.24152514338493347,-0.3588523268699646,0.038811326026916504,-0.40478554368019104,-0.29229971766471863,-0.07440999150276184,-0.2532491385936737,0.38005608320236206,-0.2839753031730652,-0.09247395396232605,-0.10384052991867065,-0.03495281934738159,-0.09798678755760193,0.002238661050796509,-0.2577916383743286,0.04276737570762634,-0.09044747054576874,0.06201577186584473,-0.05208352208137512,0.12674623727798462,0.23494815826416016,0.211078941822052,0.25249165296554565,0.578369677066803,0.48187440633773804,0.009899049997329712,-0.2974421977996826,0.4701976776123047,0.3902488052845001,-0.10093237459659576,0.05311034619808197,0.06620219349861145,-0.008932173252105713,0.060454607009887695,-0.1727130115032196,-0.08411914110183716,0.1729165017604828,0.11364050209522247,0.20057064294815063,-0.2935461699962616,0.010908916592597961,-0.4826599657535553,0.7455968856811523,0.3192840814590454,0.38370251655578613,-0.23986351490020752,0.37975749373435974,-0.04065597057342529,0.10041627287864685,0.09223508834838867,-0.02759028971195221,-0.4589945673942566,0.3313972055912018,0.3933042287826538,-0.24861431121826172,-0.09115225076675415,0.03393055871129036,0.15140753984451294,0.1213148832321167,-0.4438002109527588,-0.2167654037475586,0.26705262064933777,-0.5182609558105469,-0.0364152193069458,-0.5749304890632629,0.11924540996551514,-0.26856523752212524,-0.6620218753814697,0.46697720885276794,0.16232633590698242,0.33894240856170654,-0.3972656726837158,-0.05610828101634979,-0.30088722705841064,0.0891309380531311,0.5350726842880249,0.35235798358917236,0.5834556221961975,-0.27631595730781555,0.15424883365631104,0.21963179111480713,0.06057804822921753,-0.31416594982147217,-0.08199429512023926,-0.15711407363414764,-0.14154532551765442,-0.08309447765350342,-0.04234917461872101,-0.27478769421577454,-0.11723151803016663,-0.029723674058914185,-0.407934308052063,-0.040885359048843384,-0.14327159523963928,0.1063866913318634,0.6231657266616821,0.1001313328742981,-0.09100073575973511,-0.7499189376831055,0.1664257049560547
0.241126149892807,-0.3587794303894043,0.03833061456680298,-0.4061300754547119,-0.2926281988620758,-0.07392576336860657,-0.2537250518798828,0.38024836778640747,-0.28308534622192383,-0.09187856316566467,-0.1039692610502243,-0.03401106595993042,-0.0969381332397461,0.004747241735458374,-0.2579296827316284,0.04242202639579773,-0.09094896912574768,0.06304013729095459,-0.05288645625114441,0.1285446286201477,0.23358052968978882,0.21000531315803528,0.25264066457748413,0.5772019028663635,0.4833213686943054,0.011592477560043335,-0.2997347116470337,0.46810853481292725,0.3892028033733368,-0.10195522010326385,0.05271999537944794,0.0667559802532196,-0.008939087390899658,0.06189417839050293,-0.171922504901886,-0.08578965067863464,0.17403192818164825,0.11304862797260284,0.20159423351287842,-0.29237526655197144,0.011969581246376038,-0.48107096552848816,0.7425931692123413,0.3189816474914551,0.3822537660598755,-0.2381930649280548,0.3794199824333191,-0.04215496778488159,0.10170814394950867,0.09292463958263397,-0.030407249927520752,-0.4568786025047302,0.3313080072402954,0.3938411474227905,-0.24626567959785461,-0.09122836589813232,0.03248067572712898,0.1493520438671112,0.12241953611373901,-0.443423867225647,-0.21855664253234863,0.2683679163455963,-0.5189937353134155,-0.03756570816040039,-0.5746396780014038,0.11920565366744995,-0.2674484848976135,-0.6607021689414978,0.4678957164287567,0.16278892755508423,0.33853599429130554,-0.395425945520401,-0.05701359361410141,-0.30082422494888306,0.08911389112472534,0.5347630977630615,0.3509324789047241,0.5825072526931763,-0.2746957540512085,0.1544417440891266,0.21773231029510498,0.06022706627845764,-0.31617605686187744,-0.08067059516906738,-0.15822967886924744,-0.14381688833236694,-0.08418935537338257,-0.040617793798446655,-0.2763402760028839,-0.11524727940559387,-0.03020608425140381,-0.4092620015144348,-0.042517781257629395,-0.14052793383598328,0.10500714182853699,0.624762237071991,0.10027188062667847,-0.09033143520355225,-0.7522854208946228,0.16745638847351074
0.23312082886695862,-0.34726589918136597,0.00033080577850341797,-0.4572686553001404,-0.33496221899986267,-0.08771651983261108,-0.2564113140106201,0.3821136951446533,-0.2543536126613617,-0.048496097326278687,-0.12883441150188446,-0.017717957496643066,-0.16436609625816345,0.025027424097061157,-0.23079216480255127,0.03449887037277222,-0.1441594958305359,0.05587303638458252,-0.05849045515060425,0.09957950562238693,0.2225373387336731,0.21348963677883148,0.2818220853805542,0.5560109615325928,0.4882083237171173,0.015402555465698242,-0.22723999619483948,0.45545828342437744,0.4129074513912201,-0.11229519546031952,0.08637027442455292,0.09009096026420593,0.007748544216156006,0.044723331928253174,-0.16609510779380798,-0.12581926584243774,0.15483763813972473,0.10068564116954803,0.17057359218597412,-0.24726322293281555,0.01258164644241333,-0.5045072436332703,0.7560495138168335,0.34349924325942993,0.370740681886673,-0.22212764620780945,0.3727605938911438,-0.09170722961425781,0.12514930963516235,0.1261785924434662,-0.04361184313893318,-0.45635563135147095,0.3084731698036194,0.435433030128479,-0.24520400166511536,-0.07087019085884094,0.027821842581033707,0.12095766514539719,0.12048041820526123,-0.49350452423095703,-0.18866980075836182,0.24508219957351685,-0.5119266510009766,-0.06651544570922852,-0.6005403995513916,0.12218654155731201,-0.26549240946769714,-0.7109896540641785,0.4850313663482666,0.1686074137687683,0.3528501093387604,-0.34907692670822144,-0.09225969016551971,-0.2965925931930542,0.08718830347061157,0.5171056985855103,0.3056493401527405,0.6082196235656738,-0.3147982060909271,0.18446025252342224,0.24725651741027832,0.06583565473556519,-0.3494516611099243,-0.0897858738899231,-0.13154609501361847,-0.18390175700187683,-0.1074337363243103,-0.03360144793987274,-0.2550240159034729,-0.08432936668395996,-0.02539852261543274,-0.4073992073535919,-0.014331400394439697,-0.16594603657722473,0.14509758353233337,0.6574506759643555,0.12986862659454346,-0.12175512313842773,-0.7729063630104065,0.18640446662902832
0.20368868112564087,-0.36438417434692383,0.012526988983154297,-0.47514817118644714,-0.3481716811656952,-0.05985438823699951,-0.28312036395072937,0.3960700035095215,-0.2474229633808136,-0.05711755156517029,-0.11326749622821808,-0.008526027202606201,-0.13963013887405396,0.031582653522491455,-0.27240025997161865,0.0585159957408905,-0.12983308732509613,0.06062629818916321,-0.07017132639884949,0.09047684818506241,0.23521554470062256,0.228886678814888,0.27410250902175903,0.5616861581802368,0.5025348663330078,0.004444152116775513,-0.2554780840873718,0.46479886770248413,0.39826756715774536,-0.1488262265920639,0.09768430888652802,0.08304628729820251,0.026483893394470215,0.05102020502090454,-0.14092814922332764,-0.1407979130744934,0.14245399832725525,0.06406174600124359,0.20864850282669067,-0.23501232266426086,0.042230308055877686,-0.5041758418083191,0.7514979243278503,0.3633953332901001,0.34489989280700684,-0.21971309185028076,0.364416241645813,-0.09912294149398804,0.1424541473388672,0.15466830134391785,-0.09528250992298126,-0.4345901608467102,0.3222571313381195,0.438779354095459,-0.2552122473716736,-0.07227575778961182,0.020934466272592545,0.12539762258529663,0.15901005268096924,-0.45843303203582764,-0.19239330291748047,0.26073557138442993,-0.5221949815750122,-0.06221210956573486,-0.5838941931724548,0.13033998012542725,-0.2532985806465149,-0.6906917691230774,0.4799351394176483,0.16363322734832764,0.35103365778923035,-0.34445661306381226,-0.08540771901607513,-0.28719329833984375,0.07338583469390869,0.4944618344306946,0.2939750552177429,0.6068153381347656,-0.3170871436595917,0.22680220007896423,0.2091381549835205,0.08259636163711548,-0.3165440559387207,-0.09579545259475708,-0.18066419661045074,-0.24381667375564575,-0.1347472369670868,-0.028280794620513916,-0.25972938537597656,-0.07221227884292603,-0.02406039834022522,-0.4147719442844391,-0.038308799266815186,-0.14161038398742676,0.14389896392822266,0.6825845241546631,0.12068241834640503,-0.12301570177078247,-0.7783347368240356,0.17088532447814941
0.241126149892807,-0.3587794303894043,0.03833061456680298,-0.4061300754547119,-0.2926281988620758,-0.07392576336860657,-0.2537250518798828,0.38024836778640747,-0.28308534622192383,-0.09187856316566467,-0.1039692610502243,-0.03401106595993042,-0.0969381332397461,0.004747241735458374,-0.2579296827316284,0.04242202639579773,-0.09094896912574768,0.06304013729095459,-0.05288645625114441,0.1285446286201477,0.23358052968978882,0.21000531315803528,0.25264066457748413,0.5772019028663635,0.4833213686943054,0.011592477560043335,-0.2997347116470337,0.46810853481292725,0.3892028033733368,-0.10195522010326385,0.05271999537944794,0.0667559802532196,-0.008939087390899658,0.06189417839050293,-0.171922504901886,-0.08578965067863464,0.17403192818164825,0.11304862797260284,0.20159423351287842,-0.29237526655197144,0.011969581246376038,-0.48107096552848816,0.7425931692123413,0.3189816474914551,0.3822537660598755,-0.2381930649280548,0.3794199824333191,-0.04215496778488159,0.10170814394950867,0.09292463958263397,-0.030407249927520752,-0.4568786025047302,0.3313080072402954,0.3938411474227905,-0.24626567959785461,-0.09122836589813232,0.03248067572712898,0.1493520438671112,0.12241953611373901,-0.443423867225647,-0.21855664253234863,0.2683679163455963,-0.5189937353134155,-0.03756570816040039,-0.5746396780014038,0.11920565366744995,-0.2674484848976135,-0.6607021689414978,0.4678957164287567,0.16278892755508423,0.33853599429130554,-0.395425945520401,-0.05701359361410141,-0.30082422494888306,0.08911389112472534,0.5347630977630615,0.3509324789047241,0.5825072526931763,-0.2746957540512085,0.1544417440891266,0.21773231029510498,0.06022706627845764,-0.31617605686187744,-0.08067059516906738,-0.15822967886924744,-0.14381688833236694,-0.08418935537338257,-0.040617793798446655,-0.2763402760028839,-0.11524727940559387,-0.03020608425140381,-0.4092620015144348,-0.042517781257629395,-0.14052793383598328,0.10500714182853699,0.624762237071991,0.10027188062667847,-0.09033143520355225,-0.7522854208946228,0.16745638847351074
0.24657312035560608,-0.337002158164978,-0.000760197639465332,-0.43666326999664307,-0.32416442036628723,-0.07861870527267456,-0.24936383962631226,0.39294904470443726,-0.2625817060470581,-0.06035739183425903,-0.11453008651733398,-0.024388670921325684,-0.1603451669216156,0.031731754541397095,-0.22419464588165283,0.03414753079414368,-0.11424551904201508,0.039613157510757446,-0.058886975049972534,0.1057952418923378,0.21752417087554932,0.20576775074005127,0.28190702199935913,0.5427300930023193,0.4795664846897125,0.004376471042633057,-0.22448360919952393,0.462019145488739,0.4091830253601074,-0.09876881539821625,0.08299730718135834,0.08516672253608704,-0.00389939546585083,0.025456756353378296,-0.1743355691432953,-0.11214929819107056,0.16070380806922913,0.10834017395973206,0.16375893354415894,-0.2632215619087219,0.022684454917907715,-0.5269024968147278,0.7678502202033997,0.3329727053642273,0.37656930088996887,-0.23394274711608887,0.37404999136924744,-0.07860565185546875,0.11322909593582153,0.11006861925125122,-0.039037272334098816,-0.4700096845626831,0.31719911098480225,0.4332347512245178,-0.2563307285308838,-0.060749948024749756,0.043749112635850906,0.13837039470672607,0.09976030886173248,-0.4869692325592041,-0.18731164932250977,0.23930752277374268,-0.5107603073120117,-0.047236084938049316,-0.5926288962364197,0.12802261114120483,-0.27646398544311523,-0.7151067852973938,0.46835505962371826,0.16326647996902466,0.3495430052280426,-0.36933860182762146,-0.07869184017181396,-0.3122398257255554,0.07278817892074585,0.5236997008323669,0.3317415714263916,0.5999388694763184,-0.31625455617904663,0.17185716331005096,0.27474451065063477,0.07921344041824341,-0.34757399559020996,-0.0793691873550415,-0.12201812863349915,-0.171835795044899,-0.09212803840637207,-0.04656405746936798,-0.2421957105398178,-0.09229305386543274,-0.020836561918258667,-0.39979907870292664,-0.014877945184707642,-0.1705731451511383,0.14612826704978943,0.652699887752533,0.1050795316696167,-0.13354909420013428,-0.76366126537323,0.1839754581451416
0.23720327019691467,-0.3430783748626709,0.008464157581329346,-0.43892982602119446,-0.3199976980686188,-0.08364951610565186,-0.25005319714546204,0.3851792514324188,-0.262271523475647,-0.06569811701774597,-0.11920326948165894,-0.023421823978424072,-0.14143991470336914,0.023708760738372803,-0.2341066598892212,0.03171896934509277,-0.12387800216674805,0.0521886944770813,-0.058387547731399536,0.11137592047452927,0.21894517540931702,0.20618033409118652,0.2712514400482178,0.552418053150177,0.48772570490837097,0.014034777879714966,-0.24627524614334106,0.4567520022392273,0.40321898460388184,-0.1037217527627945,0.076605424284935,0.08243262767791748,0.0012381672859191895,0.04567667841911316,-0.16768640279769897,-0.1157194972038269,0.1621454507112503,0.10363312065601349,0.17262381315231323,-0.2593960464000702,0.016660183668136597,-0.4988269805908203,0.7501718997955322,0.3323320746421814,0.37185195088386536,-0.22471457719802856,0.3771846890449524,-0.07415974140167236,0.11944319307804108,0.11526179313659668,-0.04103529453277588,-0.4539353847503662,0.31002312898635864,0.42651280760765076,-0.24389392137527466,-0.07667684555053711,0.03201379254460335,0.12920188903808594,0.11214345693588257,-0.48064136505126953,-0.1971292495727539,0.24652519822120667,-0.5137443542480469,-0.056148648262023926,-0.5896620750427246,0.12158173322677612,-0.2648003101348877,-0.6977578997612,0.4814072847366333,0.16640794277191162,0.3458789885044098,-0.3612883687019348,-0.07892993837594986,-0.3050207495689392,0.08752655982971191,0.5228114128112793,0.3202131986618042,0.5959334373474121,-0.30144140124320984,0.16800516843795776,0.24680817127227783,0.06684359908103943,-0.3460996150970459,-0.08168601989746094,-0.13247211277484894,-0.17265181243419647,-0.09424984455108643,-0.03681747615337372,-0.25708287954330444,-0.09443360567092896,-0.024466633796691895,-0.4030601978302002,-0.024419337511062622,-0.1552465260028839,0.1311737596988678,0.6482160091400146,0.11641961336135864,-0.11112552881240845,-0.76397305727005,0.1843562126159668
0.2433147430419922,-0.3568927049636841,0.002394258975982666,-0.45332828164100647,-0.3280649781227112,-0.07327795028686523,-0.265089750289917,0.39462217688560486,-0.25942856073379517,-0.057572364807128906,-0.11845117807388306,-0.014231562614440918,-0.1441749632358551,0.044694989919662476,-0.24310684204101562,0.04235813021659851,-0.12412913143634796,0.060446977615356445,-0.06421121954917908,0.12824863195419312,0.22258228063583374,0.20932088792324066,0.28315573930740356,0.5547491312026978,0.4996209144592285,0.022488713264465332,-0.2668077349662781,0.45059120655059814,0.3990729749202728,-0.11861561238765717,0.07060013711452484,0.09292283654212952,5.733966827392578e-05,0.05104607343673706,-0.16602158546447754,-0.1205102801322937,0.1736953854560852,0.10575835406780243,0.19237929582595825,-0.2611759901046753,0.025201842188835144,-0.5076168179512024,0.7468299865722656,0.3407362103462219,0.3735508918762207,-0.22596357762813568,0.3765994608402252,-0.08688712120056152,0.1256379783153534,0.1196889579296112,-0.06442701816558838,-0.45952314138412476,0.330752968788147,0.434804767370224,-0.23517626523971558,-0.06926444172859192,0.021001089364290237,0.12560021877288818,0.1269102841615677,-0.4727987051010132,-0.21281766891479492,0.2679787874221802,-0.5246905088424683,-0.05574941635131836,-0.5940167903900146,0.12897711992263794,-0.2683362364768982,-0.6958526372909546,0.47719913721084595,0.16685855388641357,0.35318902134895325,-0.36765146255493164,-0.08844920992851257,-0.30408310890197754,0.08008891344070435,0.5283315181732178,0.32431215047836304,0.5974454879760742,-0.2984309196472168,0.18163058161735535,0.2386610507965088,0.06681385636329651,-0.35543298721313477,-0.07227843999862671,-0.15335144102573395,-0.18648695945739746,-0.11055928468704224,-0.029911920428276062,-0.26609379053115845,-0.07698506116867065,-0.028306245803833008,-0.42496222257614136,-0.03534457087516785,-0.14579299092292786,0.12795960903167725,0.6720208525657654,0.1104382872581482,-0.1271941065788269,-0.7978764176368713,0.1865088939666748
0.241126149892807,-0.3587794303894043,0.03833061456680298,-0.4061300754547119,-0.2926281988620758,-0.07392576336860657,-0.2537250518798828,0.38024836778640747,-0.28308534622192383,-0.09187856316566467,-0.1039692610502243,-0.03401106595993042,-0.0969381332397461,0.004747241735458374,-0.2579296827316284,0.04242202639579773,-0.09094896912574768,0.06304013729095459,-0.05288645625114441,0.1285446286201477,0.23358052968978882,0.21000531315803528,0.25264066457748413,0.5772019028663635,0.4833213686943054,0.011592477560043335,-0.2997347116470337,0.46810853481292725,0.3892028033733368,-0.10195522010326385,0.05271999537944794,0.0667559802532196,-0.008939087390899658,0.06189417839050293,-0.171922504901886,-0.08578965067863464,0.17403192818164825,0.11304862797260284,0.20159423351287842,-0.29237526655197144,0.011969581246376038,-0.48107096552848816,0.7425931692123413,0.3189816474914551,0.3822537660598755,-0.2381930649280548,0.3794199824333191,-0.04215496778488159,0.10170814394950867,0.09292463958263397,-0.030407249927520752,-0.4568786025047302,0.3313080072402954,0.3938411474227905,-0.24626567959785461,-0.09122836589813232,0.03248067572712898,0.1493520438671112,0.12241953611373901,-0.443423867225647,-0.21855664253234863,0.2683679163455963,-0.5189937353134155,-0.03756570816040039,-0.5746396780014038,0.11920565366744995,-0.2674484848976135,-0.6607021689414978,0.4678957164287567,0.16278892755508423,0.33853599429130554,-0.395425945520401,-0.05701359361410141,-0.30082422494888306,0.08911389112472534,0.5347630977630615,0.3509324789047241,0.5825072526931763,-0.2746957540512085,0.1544417440891266,0.21773231029510498,0.06022706627845764,-0.31617605686187744,-0.08067059516906738,-0.15822967886924744,-0.14381688833236694,-0.08418935537338257,-0.040617793798446655,-0.2763402760028839,-0.11524727940559387,-0.03020608425140381,-0.4092620015144348,-0.042517781257629395,-0.14052793383598328,0.10500714182853699,0.624762237071991,0.10027188062667847,-0.09033143520355225,-0.7522854208946228,0.16745638847351074
0.23372769355773926,-0.34864142537117004,-0.0011898279190063477,-0.4577564597129822,-0.33580705523490906,-0.0786251425743103,-0.25905781984329224,0.39062944054603577,-0.2558334171772003,-0.05209335684776306,-0.1211080402135849,-0.015905797481536865,-0.16063076257705688,0.03327515721321106,-0.234352707862854,0.03919720649719238,-0.13359695672988892,0.052442342042922974,-0.061696022748947144,0.10569950193166733,0.22259759902954102,0.21222041547298431,0.28341144323349,0.5509934425354004,0.49112197756767273,0.012262612581253052,-0.2329617440700531,0.4564790725708008,0.4084256589412689,-0.11542119085788727,0.0860348790884018,0.09037956595420837,0.006558120250701904,0.04064458608627319,-0.16383501887321472,-0.12591183185577393,0.15682269632816315,0.09808124601840973,0.17532247304916382,-0.24885830283164978,0.02179396152496338,-0.513227105140686,0.7588553428649902,0.3438701033592224,0.36872491240501404,-0.22449542582035065,0.3730642795562744,-0.09170389175415039,0.12571513652801514,0.12775376439094543,-0.05526885762810707,-0.4574073553085327,0.31692326068878174,0.4391731917858124,-0.24673819541931152,-0.06608492136001587,0.02960636094212532,0.12595698237419128,0.11940677464008331,-0.48564672470092773,-0.1924726963043213,0.24753406643867493,-0.5147399306297302,-0.05909538269042969,-0.5962181687355042,0.1267431378364563,-0.26784706115722656,-0.7108035087585449,0.47991323471069336,0.167192280292511,0.35360461473464966,-0.3534219264984131,-0.0885305404663086,-0.30230778455734253,0.07993453741073608,0.516291618347168,0.31179672479629517,0.605034589767456,-0.31441235542297363,0.1891803741455078,0.25016701221466064,0.07315033674240112,-0.34934747219085693,-0.08393436670303345,-0.13843373954296112,-0.19304469227790833,-0.110862135887146,-0.03556196391582489,-0.2532818913459778,-0.0812254250049591,-0.023888826370239258,-0.4113273620605469,-0.02160465717315674,-0.1615760624408722,0.14508125185966492,0.6656246781349182,0.11907729506492615,-0.12884891033172607,-0.7785088419914246,0.1863415241241455
0.22183313965797424,-0.34772515296936035,0.01617497205734253,-0.44040587544441223,-0.32103148102760315,-0.07306131720542908,-0.259544312953949,0.38394802808761597,-0.2561906576156616,-0.06695660948753357,-0.11287018656730652,-0.020532727241516113,-0.1288832724094391,0.023008912801742554,-0.24708259105682373,0.04038730263710022,-0.11897039413452148,0.05639153718948364,-0.06126996874809265,0.1039750948548317,0.2234233319759369,0.21086306869983673,0.2653126120567322,0.549935519695282,0.48447731137275696,0.009932398796081543,-0.2549808919429779,0.45432567596435547,0.3932564854621887,-0.11656562983989716,0.07908235490322113,0.07808983325958252,0.008958995342254639,0.04974937438964844,-0.15524056553840637,-0.11858296394348145,0.1532660871744156,0.09047479927539825,0.18751901388168335,-0.25381040573120117,0.0267036110162735,-0.4905514121055603,0.7383721470832825,0.3363339304924011,0.35648268461227417,-0.22182872891426086,0.36581283807754517,-0.07633888721466064,0.12303042411804199,0.12345710396766663,-0.05881533399224281,-0.43904268741607666,0.3123725950717926,0.41834014654159546,-0.24577930569648743,-0.07630756497383118,0.02730386331677437,0.1299593150615692,0.1303805261850357,-0.45857489109039307,-0.19579148292541504,0.2505854666233063,-0.5094962120056152,-0.05531203746795654,-0.5765312314033508,0.12251585721969604,-0.25612950325012207,-0.6787815093994141,0.46941280364990234,0.1607615351676941,0.34023991227149963,-0.3548234701156616,-0.07693822681903839,-0.2931782007217407,0.08048880100250244,0.5056511163711548,0.3104209303855896,0.5892590880393982,-0.29811930656433105,0.1845388114452362,0.2244952917098999,0.07270398736000061,-0.32454514503479004,-0.08571326732635498,-0.15208609402179718,-0.1912272870540619,-0.10667908191680908,-0.03318658471107483,-0.2569897770881653,-0.08888310194015503,-0.025036364793777466,-0.39978456497192383,-0.030874863266944885,-0.14542028307914734,0.1296209692955017,0.645165205001831,0.1132657527923584,-0.10959219932556152,-0.7546666860580444,0.17129039764404297
0.24611327052116394,-0.3341284394264221,0.008987665176391602,-0.4229065477848053,-0.3137398660182953,-0.08295375108718872,-0.2424021065235138,0.3875303268432617,-0.26969265937805176,-0.07073730230331421,-0.11230206489562988,-0.031904757022857666,-0.1486111432313919,0.016936838626861572,-0.22479665279388428,0.03061676025390625,-0.10828937590122223,0.03926911950111389,-0.054215848445892334,0.10439460724592209,0.2185000777244568,0.20449946820735931,0.271511435508728,0.5491487383842468,0.47479334473609924,0.0015527904033660889,-0.22854110598564148,0.4678534269332886,0.4082649350166321,-0.09036557376384735,0.08009950816631317,0.07618895173072815,-0.006410956382751465,0.02882373332977295,-0.17752358317375183,-0.1030750572681427,0.15937376022338867,0.11051982641220093,0.15995991230010986,-0.27054113149642944,0.015345364809036255,-0.5171869993209839,0.767935037612915,0.3254963159561157,0.3803572952747345,-0.2363540530204773,0.37807029485702515,-0.06460458040237427,0.10763198137283325,0.1022443175315857,-0.023705482482910156,-0.4691140651702881,0.3120197355747223,0.4236369729042053,-0.2589520812034607,-0.06936559081077576,0.049272600561380386,0.14364999532699585,0.09423492848873138,-0.4844951629638672,-0.18566179275512695,0.23499028384685516,-0.5086504817008972,-0.04432523250579834,-0.5893650650978088,0.1231488585472107,-0.27509212493896484,-0.7099066972732544,0.47188258171081543,0.16325974464416504,0.34580737352371216,-0.37418216466903687,-0.06878678500652313,-0.31391632556915283,0.07981812953948975,0.5268903970718384,0.3370131254196167,0.5970194339752197,-0.3104901909828186,0.16021089255809784,0.27207112312316895,0.07537403702735901,-0.34012746810913086,-0.08245867490768433,-0.11635532975196838,-0.15699893236160278,-0.08023053407669067,-0.050361379981040955,-0.24458737671375275,-0.10645872354507446,-0.020179301500320435,-0.3926912248134613,-0.014569491147994995,-0.17091557383537292,0.14061865210533142,0.6370095014572144,0.1063467264175415,-0.11849403381347656,-0.7473336458206177,0.18169116973876953
0.2130127251148224,-0.3501591682434082,-0.001469731330871582,-0.4712788760662079,-0.34495362639427185,-0.06976503133773804,-0.26997366547584534,0.39095669984817505,-0.24036534130573273,-0.048147737979888916,-0.12084536254405975,-0.007052600383758545,-0.15335682034492493,0.04017668962478638,-0.24917066097259521,0.04591068625450134,-0.14082767069339752,0.0560590922832489,-0.06885692477226257,0.09622878581285477,0.22114601731300354,0.21628893911838531,0.27861660718917847,0.5418318510055542,0.49564409255981445,0.012736350297927856,-0.2365017533302307,0.44833219051361084,0.3988778591156006,-0.1352582424879074,0.09419701993465424,0.09183463454246521,0.02020484209060669,0.04693219065666199,-0.14656606316566467,-0.1426999866962433,0.14662684500217438,0.0758190006017685,0.18766182661056519,-0.22847406566143036,0.0352993905544281,-0.5011107921600342,0.7407885193824768,0.3539571166038513,0.3464082181453705,-0.21322166919708252,0.363205224275589,-0.10453802347183228,0.14145570993423462,0.1476137340068817,-0.08338142931461334,-0.4349580407142639,0.3099852502346039,0.4414716064929962,-0.24249863624572754,-0.06670555472373962,0.01967010274529457,0.11462292820215225,0.1410657912492752,-0.4710582494735718,-0.18930625915527344,0.2502363920211792,-0.5126893520355225,-0.06706750392913818,-0.5853103399276733,0.12695634365081787,-0.2526248097419739,-0.6959416270256042,0.47855985164642334,0.16418588161468506,0.3480851948261261,-0.33390411734580994,-0.09325219690799713,-0.2892351746559143,0.07721620798110962,0.4953177571296692,0.2879159450531006,0.5992365479469299,-0.3142320513725281,0.20951299369335175,0.22549569606781006,0.07670390605926514,-0.33760714530944824,-0.08721417188644409,-0.157252237200737,-0.2268037348985672,-0.1267768144607544,-0.02672015130519867,-0.2521976828575134,-0.066447913646698,-0.023545920848846436,-0.40923207998275757,-0.029664576053619385,-0.14617279171943665,0.14347609877586365,0.6750727891921997,0.12278300523757935,-0.12710338830947876,-0.7770102620124817,0.18005752563476562
0.2425738275051117,-0.34694772958755493,0.009817302227020264,-0.4371933341026306,-0.32003694772720337,-0.08233404159545898,-0.25283700227737427,0.38580700755119324,-0.26681140065193176,-0.06307905912399292,-0.11868885159492493,-0.025327205657958984,-0.1485159993171692,0.021584630012512207,-0.23435568809509277,0.03702700138092041,-0.11967380344867706,0.05256369709968567,-0.055527955293655396,0.10954142361879349,0.22427842020988464,0.2110382467508316,0.27434903383255005,0.5600041747093201,0.4847336411476135,0.010693788528442383,-0.24436253309249878,0.4639832377433777,0.4067736566066742,-0.10360120236873627,0.07701818645000458,0.08085650205612183,-0.0022348761558532715,0.041512519121170044,-0.17322394251823425,-0.1087384819984436,0.163503035902977,0.10882705450057983,0.17554932832717896,-0.2669445872306824,0.014914363622665405,-0.5093060731887817,0.7603371143341064,0.3343600034713745,0.3796103000640869,-0.23277193307876587,0.3769863247871399,-0.07337623834609985,0.11333164572715759,0.1090441346168518,-0.03607293963432312,-0.46602797508239746,0.31953635811805725,0.4243621826171875,-0.251394659280777,-0.0726032555103302,0.03715004399418831,0.1358485221862793,0.11274181306362152,-0.4822268486022949,-0.19588088989257812,0.2503354549407959,-0.5150044560432434,-0.05173754692077637,-0.5936616063117981,0.12324613332748413,-0.2714865803718567,-0.7033470869064331,0.4765383303165436,0.16602832078933716,0.3498570919036865,-0.3715285658836365,-0.0781945064663887,-0.3053082823753357,0.08323854207992554,0.5281572937965393,0.3292350172996521,0.6011061668395996,-0.30724093317985535,0.17169903218746185,0.25305426120758057,0.06832247972488403,-0.34190988540649414,-0.08384156227111816,-0.13350453972816467,-0.1669153869152069,-0.0938839316368103,-0.04081892967224121,-0.25661373138427734,-0.09707704186439514,-0.02574789524078369,-0.4065047800540924,-0.02052217721939087,-0.16327187418937683,0.13717535138130188,0.64884352684021,0.11352330446243286,-0.11927652359008789,-0.766015887260437,0.18262100219726562
0.24152514338493347,-0.3588523268699646,0.038811326026916504,-0.40478554368019104,-0.29229971766471863,-0.07440999150276184,-0.2532491385936737,0.38005608320236206,-0.2839753031730652,-0.09247395396232605,-0.10384052991867065,-0.03495281934738159,-0.09798678755760193,0.002238661050796509,-0.2577916383743286,0.04276737570762634,-0.09044747054576874,0.06201577186584473,-0.05208352208137512,0.12674623727798462,0.23494815826416016,0.211078941822052,0.25249165296554565,0.578369677066803,0.48187440633773804,0.009899049997329712,-0.2974421977996826,0.4701976776123047,0.3902488052845001,-0.10093237459659576,0.05311034619808197,0.06620219349861145,-0.008932173252105713,0.060454607009887695,-0.1727130115032196,-0.08411914110183716,0.1729165017604828,0.11364050209522247,0.20057064294815063,-0.2935461699962616,0.010908916592597961,-0.4826599657535553,0.7455968856811523,0.3192840814590454,0.38370251655578613,-0.23986351490020752,0.37975749373435974,-0.04065597057342529,0.10041627287864685,0.09223508834838867,-0.02759028971195221,-0.4589945673942566,0.3313972055912018,0.3933042287826538,-0.24861431121826172,-0.09115225076675415,0.03393055871129036,0.15140753984451294,0.1213148832321167,-0.4438002109527588,-0.2167654037475586,0.26705262064933777,-0.5182609558105469,-0.0364152193069458,-0.5749304890632629,0.11924540996551514,-0.26856523752212524,-0.6620218753814697,0.46697720885276794,0.16232633590698242,0.33894240856170654,-0.3972656726837158,-0.05610828101634979,-0.30088722705841064,0.0891309380531311,0.5350726842880249,0.35235798358917236,0.5834556221961975,-0.27631595730781555,0.15424883365631104,0.21963179111480713,0.06057804822921753,-0.31416594982147217,-0.08199429512023926,-0.15711407363414764,-0.14154532551765442,-0.08309447765350342,-0.04234917461872101,-0.27478769421577454,-0.11723151803016663,-0.029723674058914185,-0.407934308052063,-0.040885359048843384,-0.14327159523963928,0.1063866913318634,0.6231657266616821,0.1001313328742981,-0.09100073575973511,-0.7499189376831055,0.1664257049560547
0.24836274981498718,-0.3558594286441803,0.012433648109436035,-0.4402552545070648,-0.3168710172176361,-0.08420047163963318,-0.25422006845474243,0.38993608951568604,-0.2715086042881012,-0.07029920816421509,-0.11928759515285492,-0.024335861206054688,-0.13150259852409363,0.02666175365447998,-0.23913121223449707,0.032377272844314575,-0.12178283929824829,0.061697185039520264,-0.058730095624923706,0.13137516379356384,0.22392770648002625,0.20477135479450226,0.2743861675262451,0.5673367977142334,0.49888187646865845,0.02314472198486328,-0.27412065863609314,0.4575992822647095,0.40377816557884216,-0.1032908707857132,0.06440220773220062,0.08438768982887268,-0.003804802894592285,0.056405335664749146,-0.17285451292991638,-0.11070382595062256,0.17647406458854675,0.1152355968952179,0.18477857112884521,-0.2734469175338745,0.012206673622131348,-0.4970630705356598,0.7526333332061768,0.3319234251976013,0.3838213086128235,-0.2277199625968933,0.38680437207221985,-0.06877624988555908,0.11805540323257446,0.10904966294765472,-0.039640337228775024,-0.4616224765777588,0.3239896893501282,0.42769482731819153,-0.23569422960281372,-0.08387881517410278,0.024606693536043167,0.13139957189559937,0.11643235385417938,-0.47950589656829834,-0.21500515937805176,0.26240143179893494,-0.5259339809417725,-0.05560791492462158,-0.59767085313797,0.12316471338272095,-0.26891666650772095,-0.6969132423400879,0.4882984161376953,0.1696041226387024,0.3512464761734009,-0.3748995065689087,-0.07857131958007812,-0.3106951117515564,0.09297937154769897,0.5401251912117004,0.33255791664123535,0.5998790264129639,-0.290554940700531,0.16122135519981384,0.24106192588806152,0.05962419509887695,-0.35586631298065186,-0.0756182074546814,-0.14209885895252228,-0.16259679198265076,-0.09403136372566223,-0.03316120803356171,-0.27314749360084534,-0.09563407301902771,-0.02831113338470459,-0.4192301332950592,-0.033559203147888184,-0.14834550023078918,0.11960062384605408,0.6551335453987122,0.11610612273216248,-0.10591840744018555,-0.7866672277450562,0.18895864486694336
0.23240926861763,-0.35017430782318115,-0.00403827428817749,-0.4640518128871918,-0.3383208215236664,-0.08046972751617432,-0.2613394260406494,0.39022600650787354,-0.2511809170246124,-0.04953458905220032,-0.12566669285297394,-0.0123787522315979,-0.1596435308456421,0.03855833411216736,-0.23666810989379883,0.03811478614807129,-0.1420329511165619,0.056634366512298584,-0.06410300731658936,0.11007323116064072,0.22042199969291687,0.21093344688415527,0.28397440910339355,0.5500760078430176,0.496502548456192,0.019059866666793823,-0.23888155817985535,0.4502376317977905,0.40690094232559204,-0.1197928935289383,0.08445130288600922,0.09459665417671204,0.009055852890014648,0.04688212275505066,-0.16108137369155884,-0.13266688585281372,0.15974324941635132,0.09672991931438446,0.17832523584365845,-0.2431527078151703,0.021948322653770447,-0.5066184401512146,0.7509839534759521,0.34653496742248535,0.3661312460899353,-0.21828337013721466,0.3743762671947479,-0.09640264511108398,0.13226163387298584,0.13263896107673645,-0.06061210110783577,-0.4528696537017822,0.31452810764312744,0.4422953426837921,-0.2386091947555542,-0.06972077488899231,0.022337857633829117,0.11743565648794174,0.12444347143173218,-0.4865884780883789,-0.19714176654815674,0.25191736221313477,-0.516564667224884,-0.06531631946563721,-0.5973888039588928,0.12537604570388794,-0.2630133032798767,-0.7081603407859802,0.48556777834892273,0.16898542642593384,0.35361266136169434,-0.34763509035110474,-0.09274046868085861,-0.2997146248817444,0.08470815420150757,0.5167096257209778,0.3042640686035156,0.6042299866676331,-0.3111167550086975,0.18893112242221832,0.2429260015487671,0.06846076250076294,-0.3561055660247803,-0.08209836483001709,-0.1413927525281906,-0.19709351658821106,-0.11373588442802429,-0.03025372326374054,-0.2571796774864197,-0.07466840744018555,-0.02539399266242981,-0.41527843475341797,-0.024879485368728638,-0.15527436137199402,0.1399858295917511,0.6714423894882202,0.12365710735321045,-0.12619775533676147,-0.7872639894485474,0.1897754669189453
0.23127543926239014,-0.3524700403213501,0.008058428764343262,-0.4496825933456421,-0.3286091387271881,-0.07551109790802002,-0.2606271505355835,0.38983434438705444,-0.25952252745628357,-0.060451507568359375,-0.11774496734142303,-0.017991483211517334,-0.14371371269226074,0.027756482362747192,-0.2434018850326538,0.04087704420089722,-0.12362095713615417,0.055937498807907104,-0.06118875741958618,0.10767479985952377,0.22587263584136963,0.21385608613491058,0.2756859064102173,0.5546429753303528,0.49239230155944824,0.0116557776927948,-0.24957561492919922,0.4579225778579712,0.4024195671081543,-0.1151319295167923,0.0807371586561203,0.08487644791603088,0.006742954254150391,0.0454944372177124,-0.16106227040290833,-0.11912155151367188,0.1572195291519165,0.09582488238811493,0.18436115980148315,-0.2561805546283722,0.025040417909622192,-0.5051414966583252,0.7532207369804382,0.3416442275047302,0.36617395281791687,-0.227214515209198,0.37151211500167847,-0.0826297402381897,0.1223343014717102,0.12411379814147949,-0.05712348595261574,-0.451515257358551,0.3189164996147156,0.42902693152427673,-0.2485196888446808,-0.0701497495174408,0.027694646269083023,0.1313457190990448,0.12647110223770142,-0.4730522632598877,-0.19737935066223145,0.2538470923900604,-0.5173370838165283,-0.05511319637298584,-0.5893975496292114,0.12732023000717163,-0.26461055874824524,-0.6958490014076233,0.4751131236553192,0.16398870944976807,0.3484329283237457,-0.36073964834213257,-0.08391927927732468,-0.29980266094207764,0.07921946048736572,0.5163326263427734,0.3167034387588501,0.6001060009002686,-0.30649715662002563,0.1871306300163269,0.2389512062072754,0.07275626063346863,-0.33761298656463623,-0.08428269624710083,-0.1489541381597519,-0.19141624867916107,-0.10972386598587036,-0.034387439489364624,-0.25838059186935425,-0.08672228455543518,-0.02536618709564209,-0.4091078042984009,-0.027522504329681396,-0.15412679314613342,0.1363394856452942,0.6593625545501709,0.11421376466751099,-0.12135010957717896,-0.7720187902450562,0.17889738082885742
0.24180155992507935,-0.34523066878318787,0.006957352161407471,-0.4363359212875366,-0.31974613666534424,-0.07846987247467041,-0.2521885633468628,0.3889927268028259,-0.2643294036388397,-0.06548306345939636,-0.11537712812423706,-0.023465335369110107,-0.14473503828048706,0.026889532804489136,-0.23443734645843506,0.03689303994178772,-0.11695000529289246,0.04977291822433472,-0.058828264474868774,0.11382099241018295,0.22106415033340454,0.2069726139307022,0.27479231357574463,0.5522706508636475,0.4851277768611908,0.01057550311088562,-0.24565982818603516,0.4595811367034912,0.40350160002708435,-0.10436539351940155,0.07582460343837738,0.08329537510871887,-0.002098381519317627,0.04064139723777771,-0.17025494575500488,-0.11166158318519592,0.1639387607574463,0.10706058144569397,0.17521512508392334,-0.26404669880867004,0.018417835235595703,-0.508895754814148,0.756298303604126,0.3322254419326782,0.3755454421043396,-0.23011896014213562,0.3762432634830475,-0.07462280988693237,0.11623340845108032,0.11186909675598145,-0.04155345261096954,-0.46191585063934326,0.3189146816730499,0.42685434222221375,-0.24749797582626343,-0.07120797038078308,0.03553656116127968,0.13440820574760437,0.1103372871875763,-0.47662901878356934,-0.1973590850830078,0.24884307384490967,-0.5136229395866394,-0.0500950813293457,-0.5896260142326355,0.12454986572265625,-0.2697669267654419,-0.7005992531776428,0.47422346472740173,0.1649220585823059,0.3481058180332184,-0.36847999691963196,-0.07670924812555313,-0.3068559169769287,0.08152323961257935,0.5248754024505615,0.3280707001686096,0.5960142612457275,-0.30414819717407227,0.17092248797416687,0.2526073455810547,0.07093966007232666,-0.343896746635437,-0.07962441444396973,-0.13450008630752563,-0.17055322229862213,-0.09514015913009644,-0.0407090038061142,-0.2544727325439453,-0.09324714541435242,-0.024221271276474,-0.4067138135433197,-0.024723678827285767,-0.15893110632896423,0.13387197256088257,0.6505591869354248,0.10919809341430664,-0.12007009983062744,-0.7675033807754517,0.18320894241333008
0.241126149892807,-0.3587794303894043,0.03833061456680298,-0.4061300754547119,-0.2926281988620758,-0.07392576336860657,-0.2537250518798828,0.38024836778640747,-0.28308534622192383,-0.09187856316566467,-0.1039692610502243,-0.03401106595993042,-0.0969381332397461,0.004747241735458374,-0.2579296827316284,0.04242202639579773,-0.09094896912574768,0.06304013729095459,-0.05288645625114441,0.1285446286201477,0.23358052968978882,0.21000531315803528,0.25264066457748413,0.5772019028663635,0.4833213686943054,0.011592477560043335,-0.2997347116470337,0.46810853481292725,0.3892028033733368,-0.10195522010326385,0.05271999537944794,0.0667559802532196,-0.008939087390899658,0.06189417839050293,-0.171922504901886,-0.08578965067863464,0.17403192818164825,0.11304862797260284,0.20159423351287842,-0.29237526655197144,0.011969581246376038,-0.48107096552848816,0.7425931692123413,0.3189816474914551,0.3822537660598755,-0.2381930649280548,0.3794199824333191,-0.04215496778488159,0.10170814394950867,0.09292463958263397,-0.030407249927520752,-0.4568786025047302,0.3313080072402954,0.3938411474227905,-0.24626567959785461,-0.09122836589813232,0.03248067572712898,0.1493520438671112,0.12241953611373901,-0.443423867225647,-0.21855664253234863,0.2683679163455963,-0.5189937353134155,-0.03756570816040039,-0.5746396780014038,0.11920565366744995,-0.2674484848976135,-0.6607021689414978,0.4678957164287567,0.16278892755508423,0.33853599429130554,-0.395425945520401,-0.05701359361410141,-0.30082422494888306,0.08911389112472534,0.5347630977630615,0.3509324789047241,0.5825072526931763,-0.2746957540512085,0.1544417440891266,0.21773231029510498,0.06022706627845764,-0.31617605686187744,-0.08067059516906738,-0.15822967886924744,-0.14381688833236694,-0.08418935537338257,-0.040617793798446655,-0.2763402760028839,-0.11524727940559387,-0.03020608425140381,-0.4092620015144348,-0.042517781257629395,-0.14052793383598328,0.10500714182853699,0.624762237071991,0.10027188062667847,-0.09033143520355225,-0.7522854208946228,0.16745638847351074
0.22842809557914734,-0.3646831810474396,0.0023690462112426758,-0.4757091701030731,-0.34409186244010925,-0.07388752698898315,-0.2725732624530792,0.39726364612579346,-0.2555215358734131,-0.05335935950279236,-0.12345798313617706,-0.009890496730804443,-0.14961281418800354,0.03937920928001404,-0.25385582447052,0.046488046646118164,-0.13967038691043854,0.06441465020179749,-0.06706511974334717,0.1153617575764656,0.22900855541229248,0.21857987344264984,0.28389275074005127,0.5656474828720093,0.5110909342765808,0.020036697387695312,-0.26077350974082947,0.45805293321609497,0.4061397314071655,-0.13210515677928925,0.08437566459178925,0.09257104992866516,0.013605117797851562,0.05551844835281372,-0.15619251132011414,-0.13623133301734924,0.16211426258087158,0.08964364230632782,0.19632601737976074,-0.24639210104942322,0.0272655189037323,-0.5067305564880371,0.7560197114944458,0.3557013273239136,0.36609265208244324,-0.22021745145320892,0.3792901635169983,-0.09727340936660767,0.13797633349895477,0.140787273645401,-0.07618694007396698,-0.4513556957244873,0.3257654011249542,0.4473307430744171,-0.2402329444885254,-0.07485860586166382,0.017256084829568863,0.12017720192670822,0.14062251150608063,-0.4809868335723877,-0.20644474029541016,0.26574522256851196,-0.5297545194625854,-0.06556963920593262,-0.6012193560600281,0.12910032272338867,-0.2620852291584015,-0.7066717147827148,0.49410831928253174,0.1710222363471985,0.35910162329673767,-0.3532242178916931,-0.0922669768333435,-0.30102044343948364,0.08511781692504883,0.520997941493988,0.3061882257461548,0.6115569472312927,-0.30990320444107056,0.20214179158210754,0.22828638553619385,0.06909391283988953,-0.3521714210510254,-0.0838744044303894,-0.162432000041008,-0.21435979008674622,-0.1236986517906189,-0.025950610637664795,-0.26928627490997314,-0.07353293895721436,-0.0271511971950531,-0.42822742462158203,-0.036229848861694336,-0.1462227702140808,0.13671693205833435,0.6871463656425476,0.12475472688674927,-0.12310290336608887,-0.8040891289710999,0.1893622875213623
0.23413187265396118,-0.34728848934173584,-0.005334317684173584,-0.4622887372970581,-0.3343859910964966,-0.08591440320014954,-0.25638526678085327,0.38515815138816833,-0.24927489459514618,-0.04794436693191528,-0.13022549450397491,-0.011784732341766357,-0.15660303831100464,0.03949981927871704,-0.22846996784210205,0.03145390748977661,-0.14734463393688202,0.06061866879463196,-0.06239178776741028,0.1156463548541069,0.21526458859443665,0.20525367558002472,0.2826404571533203,0.5459263324737549,0.49688997864723206,0.027111589908599854,-0.24186497926712036,0.440787136554718,0.4034986197948456,-0.11473007500171661,0.07880549132823944,0.09570619463920593,0.007293999195098877,0.05243682861328125,-0.16155743598937988,-0.1324094831943512,0.16422705352306366,0.1021748036146164,0.17430859804153442,-0.2423473596572876,0.017423957586288452,-0.49469077587127686,0.7386162877082825,0.34142351150512695,0.3662317991256714,-0.21398571133613586,0.37331870198249817,-0.09533423185348511,0.13158245384693146,0.12800532579421997,-0.057368237525224686,-0.44690024852752686,0.30880463123321533,0.43940049409866333,-0.22853350639343262,-0.07278057932853699,0.01737811043858528,0.11179149895906448,0.12302607297897339,-0.4893554449081421,-0.20161044597625732,0.2522808313369751,-0.5147509574890137,-0.07038426399230957,-0.5966372489929199,0.12298744916915894,-0.2594161629676819,-0.7015524506568909,0.48678088188171387,0.16846966743469238,0.3505849838256836,-0.3431546092033386,-0.09707047045230865,-0.2986583113670349,0.09004473686218262,0.5181262493133545,0.300275981426239,0.5993413925170898,-0.3023070991039276,0.1793791949748993,0.2398775815963745,0.0612606406211853,-0.3635481595993042,-0.07770347595214844,-0.13756345212459564,-0.18894058465957642,-0.11104261875152588,-0.025032207369804382,-0.26072579622268677,-0.0742688775062561,-0.027214735746383667,-0.4148994982242584,-0.024627089500427246,-0.15014368295669556,0.1344653069972992,0.6654212474822998,0.12686944007873535,-0.12072157859802246,-0.7875853776931763,0.19319605827331543
0.23668810725212097,-0.3448987901210785,-0.00851595401763916,-0.4629461169242859,-0.3377639651298523,-0.07952719926834106,-0.257958322763443,0.3912084698677063,-0.24918198585510254,-0.046679943799972534,-0.12491129338741302,-0.012746572494506836,-0.16434535384178162,0.044075340032577515,-0.22831356525421143,0.03572419285774231,-0.13919568061828613,0.05250173807144165,-0.0643259584903717,0.11119783669710159,0.21493786573410034,0.20682957768440247,0.2866498827934265,0.5417095422744751,0.49351850152015686,0.018282949924468994,-0.23011690378189087,0.44743967056274414,0.40615662932395935,-0.11574359238147736,0.08541505038738251,0.09521147608757019,0.0051898956298828125,0.04128265380859375,-0.1629820168018341,-0.13238117098808289,0.1611998826265335,0.0993511974811554,0.1720064878463745,-0.2433284968137741,0.023115485906600952,-0.5110478401184082,0.7496300935745239,0.3430398404598236,0.3659824728965759,-0.21948999166488647,0.3717975914478302,-0.09887069463729858,0.13207651674747467,0.12897038459777832,-0.061392832547426224,-0.45437145233154297,0.31276190280914307,0.4451863169670105,-0.23798120021820068,-0.06386801600456238,0.025914672762155533,0.11695968359708786,0.11848071217536926,-0.48928725719451904,-0.19348859786987305,0.24868860840797424,-0.5148892402648926,-0.0643531084060669,-0.5976507663726807,0.12701934576034546,-0.2641928791999817,-0.7115903496742249,0.4818737804889679,0.1671518087387085,0.353583961725235,-0.34654808044433594,-0.09511230885982513,-0.30308306217193604,0.08093297481536865,0.516405463218689,0.3060759902000427,0.6017435193061829,-0.31274881958961487,0.1867905557155609,0.2518671751022339,0.07090479135513306,-0.36113274097442627,-0.0774490237236023,-0.13485898077487946,-0.19581128656864166,-0.11111605167388916,-0.030675679445266724,-0.2519800066947937,-0.07304367423057556,-0.024328887462615967,-0.41351431608200073,-0.02237701416015625,-0.15660688281059265,0.14306184649467468,0.6706377863883972,0.12025070190429688,-0.1321386694908142,-0.7875650525093079,0.1915605068206787
0.23912927508354187,-0.35217389464378357,0.010350048542022705,-0.44104504585266113,-0.3217543959617615,-0.0741545557975769,-0.2587529420852661,0.39289504289627075,-0.2650962471961975,-0.06784504652023315,-0.11325418949127197,-0.021477580070495605,-0.13666534423828125,0.029560446739196777,-0.24330508708953857,0.04006993770599365,-0.11396139860153198,0.0538957417011261,-0.06164562702178955,0.11727320402860641,0.22483351826667786,0.2098851054906845,0.27505356073379517,0.5563057661056519,0.49184173345565796,0.01177242398262024,-0.2597128748893738,0.460152268409729,0.40068328380584717,-0.11022897064685822,0.07424692809581757,0.08307656645774841,0.0010482072830200195,0.044497162103652954,-0.16573339700698853,-0.11346161365509033,0.16512508690357208,0.10328193008899689,0.18616127967834473,-0.26621484756469727,0.024284303188323975,-0.5078949928283691,0.7551023364067078,0.3363334536552429,0.37254202365875244,-0.23002716898918152,0.37612101435661316,-0.07465583086013794,0.11823301017284393,0.11587995290756226,-0.052490949630737305,-0.4579508304595947,0.32481279969215393,0.42707014083862305,-0.24739748239517212,-0.07265818119049072,0.030383039265871048,0.1362287998199463,0.1201132982969284,-0.46974635124206543,-0.20375990867614746,0.25673043727874756,-0.5193583965301514,-0.049638986587524414,-0.5884259939193726,0.12748491764068604,-0.26849615573883057,-0.6946535706520081,0.4738422632217407,0.1640242338180542,0.3485566973686218,-0.37152355909347534,-0.07723107188940048,-0.30605489015579224,0.07915449142456055,0.5247972011566162,0.3287932872772217,0.5969557762145996,-0.30112260580062866,0.17719393968582153,0.24345529079437256,0.072479248046875,-0.34002983570098877,-0.07931369543075562,-0.14736978709697723,-0.18038344383239746,-0.10181468725204468,-0.03749978542327881,-0.2598899006843567,-0.0906442403793335,-0.025302112102508545,-0.41147154569625854,-0.031159162521362305,-0.15219035744667053,0.13016223907470703,0.6573003530502319,0.10723179578781128,-0.11941951513290405,-0.7750546932220459,0.18001675605773926
0.2362443208694458,-0.34511497616767883,-0.007542967796325684,-0.4603745639324188,-0.337307333946228,-0.07468646764755249,-0.2619711756706238,0.3947593569755554,-0.24917080998420715,-0.04952111840248108,-0.12053999304771423,-0.012585103511810303,-0.16183078289031982,0.047046780586242676,-0.2336972951889038,0.039393872022628784,-0.1324850469827652,0.049658626317977905,-0.06670889258384705,0.11128582805395126,0.2157401442527771,0.2079959511756897,0.28712308406829834,0.5411099195480347,0.49263495206832886,0.014706462621688843,-0.2341153919696808,0.45007383823394775,0.4043527841567993,-0.1187625378370285,0.085863396525383,0.09498733282089233,0.005497872829437256,0.03803125023841858,-0.16232746839523315,-0.13215219974517822,0.16140469908714294,0.09708459675312042,0.17670845985412598,-0.2451784312725067,0.027965843677520752,-0.516346275806427,0.75180983543396,0.3439009189605713,0.3649785816669464,-0.22071857750415802,0.3710912764072418,-0.09831851720809937,0.1316368281841278,0.12967020273208618,-0.06579819321632385,-0.45635437965393066,0.31777921319007874,0.4446236789226532,-0.2411906123161316,-0.06211823225021362,0.027446094900369644,0.12031736224889755,0.11985117197036743,-0.4831181764602661,-0.19422638416290283,0.25043368339538574,-0.5152797698974609,-0.06039071083068848,-0.5947256684303284,0.12893450260162354,-0.2663055956363678,-0.7099046111106873,0.47752898931503296,0.16601938009262085,0.3531581461429596,-0.3510405719280243,-0.09122391045093536,-0.3036847710609436,0.07596832513809204,0.5154988765716553,0.3104701042175293,0.6004006862640381,-0.31368449330329895,0.18938130140304565,0.25183355808258057,0.07516747713088989,-0.3560119867324829,-0.0771515965461731,-0.1388862580060959,-0.19979235529899597,-0.11173856258392334,-0.03354576230049133,-0.24988774955272675,-0.07148218154907227,-0.0232774019241333,-0.41377273201942444,-0.02465936541557312,-0.15564975142478943,0.14286133646965027,0.6735590696334839,0.11484375596046448,-0.13498461246490479,-0.7877774238586426,0.1882038116455078
0.242385596036911,-0.3430097997188568,0.000432431697845459,-0.4442923367023468,-0.32369741797447205,-0.0878935158252716,-0.24930405616760254,0.38202911615371704,-0.25952327251434326,-0.05481940507888794,-0.1257207691669464,-0.020246684551239014,-0.15634089708328247,0.029204577207565308,-0.22389566898345947,0.030752718448638916,-0.1345479041337967,0.05528134107589722,-0.056355565786361694,0.1138618215918541,0.21712535619735718,0.20492155849933624,0.27844035625457764,0.549883246421814,0.48620840907096863,0.020254552364349365,-0.2373691201210022,0.44999372959136963,0.4060053825378418,-0.1029452532529831,0.07589583098888397,0.08884412050247192,-0.0010890960693359375,0.0454581081867218,-0.17149072885513306,-0.11692613363265991,0.16554410755634308,0.11156848073005676,0.168071448802948,-0.2557750642299652,0.011570915579795837,-0.5012233257293701,0.7485845685005188,0.3331685960292816,0.37649646401405334,-0.2235778272151947,0.3757860064506531,-0.08211445808410645,0.11897745728492737,0.11295071244239807,-0.03739963471889496,-0.45971351861953735,0.3116651177406311,0.429097980260849,-0.23780593276023865,-0.0720973014831543,0.02933887019753456,0.12310626357793808,0.10985173285007477,-0.4893289804458618,-0.19794726371765137,0.24770143628120422,-0.5108554363250732,-0.06029629707336426,-0.595147430896759,0.12095296382904053,-0.2672080993652344,-0.7038909196853638,0.4805627465248108,0.16808873414993286,0.349300354719162,-0.3574341833591461,-0.08723201602697372,-0.30307459831237793,0.08851510286331177,0.5253052711486816,0.3171970844268799,0.5976606011390686,-0.3034646809101105,0.16768042743206024,0.2524237632751465,0.06248435378074646,-0.3574289083480835,-0.07914561033248901,-0.12630495429039001,-0.1667037159204483,-0.0972428023815155,-0.03452783823013306,-0.2569074034690857,-0.08798804879188538,-0.02698490023612976,-0.4082728326320648,-0.019120454788208008,-0.16047754883766174,0.13576626777648926,0.6509256362915039,0.11996129155158997,-0.11996835470199585,-0.7727330923080444,0.19044041633605957
0.24152514338493347,-0.3588523268699646,0.038811326026916504,-0.40478554368019104,-0.29229971766471863,-0.07440999150276184,-0.2532491385936737,0.38005608320236206,-0.2839753031730652,-0.09247395396232605,-0.10384052991867065,-0.03495281934738159,-0.09798678755760193,0.002238661050796509,-0.2577916383743286,0.04276737570762634,-0.09044747054576874,0.06201577186584473,-0.05208352208137512,0.12674623727798462,0.23494815826416016,0.211078941822052,0.25249165296554565,0.578369677066803,0.48187440633773804,0.009899049997329712,-0.2974421977996826,0.4701976776123047,0.3902488052845001,-0.10093237459659576,0.05311034619808197,0.06620219349861145,-0.008932173252105713,0.060454607009887695,-0.1727130115032196,-0.08411914110183716,0.1729165017604828,0.11364050209522247,0.20057064294815063,-0.2935461699962616,0.010908916592597961,-0.4826599657535553,0.7455968856811523,0.3192840814590454,0.38370251655578613,-0.23986351490020752,0.37975749373435974,-0.04065597057342529,0.10041627287864685,0.09223508834838867,-0.02759028971195221,-0.4589945673942566,0.3313972055912018,0.3933042287826538,-0.24861431121826172,-0.09115225076675415,0.03393055871129036,0.15140753984451294,0.1213148832321167,-0.4438002109527588,-0.2167654037475586,0.26705262064933777,-0.5182609558105469,-0.0364152193069458,-0.5749304890632629,0.11924540996551514,-0.26856523752212524,-0.6620218753814697,0.46697720885276794,0.16232633590698242,0.33894240856170654,-0.3972656726837158,-0.05610828101634979,-0.30088722705841064,0.0891309380531311,0.5350726842880249,0.35235798358917236,0.5834556221961975,-0.27631595730781555,0.15424883365631104,0.21963179111480713,0.06057804822921753,-0.31416594982147217,-0.08199429512023926,-0.15711407363414764,-0.14154532551765442,-0.08309447765350342,-0.04234917461872101,-0.27478769421577454,-0.11723151803016663,-0.029723674058914185,-0.407934308052063,-0.040885359048843384,-0.14327159523963928,0.1063866913318634,0.6231657266616821,0.1001313328742981,-0.09100073575973511,-0.7499189376831055,0.1664257049560547
0.25406092405319214,-0.3286728262901306,0.0012336373329162598,-0.42258429527282715,-0.30865785479545593,-0.09864231944084167,-0.22931835055351257,0.3763878345489502,-0.266680508852005,-0.0625169575214386,-0.12449240684509277,-0.029987871646881104,-0.1533791720867157,0.020132482051849365,-0.2029280662536621,0.014532417058944702,-0.12760479748249054,0.04679456353187561,-0.051378995180130005,0.11789993196725845,0.20878270268440247,0.19215330481529236,0.27514588832855225,0.540069580078125,0.47316452860832214,0.01853698492050171,-0.22579720616340637,0.44643276929855347,0.4081795811653137,-0.07650865614414215,0.06797413527965546,0.0858006477355957,-0.011332929134368896,0.03857547044754028,-0.1805092990398407,-0.10401076078414917,0.16737772524356842,0.12795421481132507,0.1452266275882721,-0.2674967348575592,0.0012721121311187744,-0.498272180557251,0.7493799328804016,0.3143351078033447,0.3837168514728546,-0.225112184882164,0.3782234489917755,-0.06668245792388916,0.10499805212020874,0.09535835683345795,-0.008909881114959717,-0.4629632830619812,0.3003944754600525,0.4207695424556732,-0.23738718032836914,-0.07306018471717834,0.037113506346940994,0.12926742434501648,0.08340997993946075,-0.4958456754684448,-0.19406509399414062,0.2315484881401062,-0.5011798143386841,-0.05477607250213623,-0.5931257009506226,0.11710113286972046,-0.27172958850860596,-0.7053852081298828,0.47581207752227783,0.16678982973098755,0.3432011604309082,-0.36163705587387085,-0.08039265871047974,-0.31124240159988403,0.09191924333572388,0.5310877561569214,0.3273909091949463,0.5904496312141418,-0.296636164188385,0.139632910490036,0.27236056327819824,0.060893625020980835,-0.36390846967697144,-0.07566148042678833,-0.09962716698646545,-0.1332947462797165,-0.07760417461395264,-0.041168585419654846,-0.25026100873947144,-0.10199779272079468,-0.024149030447006226,-0.39277422428131104,-0.0100117027759552,-0.16979804635047913,0.13150396943092346,0.6248718500137329,0.11610347032546997,-0.11110270023345947,-0.7520424127578735,0.19071435928344727
0.23031112551689148,-0.350229412317276,-0.004938900470733643,-0.4666152596473694,-0.3411317765712738,-0.07751184701919556,-0.2634153664112091,0.3918621838092804,-0.2498813271522522,-0.04863956570625305,-0.12450261414051056,-0.012003302574157715,-0.1621006429195404,0.0391518771648407,-0.23792099952697754,0.040971994400024414,-0.14069758355617523,0.054764509201049805,-0.06425440311431885,0.10562159866094589,0.22102925181388855,0.21256327629089355,0.28448277711868286,0.5497074127197266,0.49666115641593933,0.016217172145843506,-0.23400291800498962,0.4531380534172058,0.4072761535644531,-0.12272374331951141,0.08890508115291595,0.09334772825241089,0.010204315185546875,0.04413086175918579,-0.16019707918167114,-0.13417768478393555,0.1573270708322525,0.09264659881591797,0.17875850200653076,-0.2406044751405716,0.024679064750671387,-0.5107161998748779,0.7538830041885376,0.34950047731399536,0.36456918716430664,-0.22000698745250702,0.3730201721191406,-0.09865421056747437,0.13459937274456024,0.13522809743881226,-0.06482541561126709,-0.45319664478302,0.314567506313324,0.44496914744377136,-0.24177652597427368,-0.06737467646598816,0.02519548311829567,0.1183464303612709,0.12605053186416626,-0.4869496822357178,-0.19344377517700195,0.25102898478507996,-0.5170763731002808,-0.06502938270568848,-0.5974835157394409,0.12699151039123535,-0.2628699839115143,-0.7111524939537048,0.48528534173965454,0.1679888367652893,0.3547201454639435,-0.34659337997436523,-0.0929616317152977,-0.3003994822502136,0.082347571849823,0.5143533945083618,0.3037278652191162,0.6058154106140137,-0.3152632415294647,0.19422924518585205,0.2442532777786255,0.07149788737297058,-0.3539159297943115,-0.08265173435211182,-0.14306814968585968,-0.20382201671600342,-0.1151551604270935,-0.031163454055786133,-0.2543642520904541,-0.0743708610534668,-0.024630725383758545,-0.41520804166793823,-0.02445659041404724,-0.1562059223651886,0.14428433775901794,0.674736738204956,0.12298369407653809,-0.12988275289535522,-0.786985456943512,0.19019460678100586
0.241126149892807,-0.3587794303894043,0.03833061456680298,-0.4061300754547119,-0.2926281988620758,-0.07392576336860657,-0.2537250518798828,0.38024836778640747,-0.28308534622192383,-0.09187856316566467,-0.1039692610502243,-0.03401106595993042,-0.0969381332397461,0.004747241735458374,-0.2579296827316284,0.04242202639579773,-0.09094896912574768,0.06304013729095459,-0.05288645625114441,0.1285446286201477,0.23358052968978882,0.21000531315803528,0.25264066457748413,0.5772019028663635,0.4833213686943054,0.011592477560043335,-0.2997347116470337,0.46810853481292725,0.3892028033733368,-0.10195522010326385,0.05271999537944794,0.0667559802532196,-0.008939087390899658,0.06189417839050293,-0.171922504901886,-0.08578965067863464,0.17403192818164825,0.11304862797260284,0.20159423351287842,-0.29237526655197144,0.011969581246376038,-0.48107096552848816,0.7425931692123413,0.3189816474914551,0.3822537660598755,-0.2381930649280548,0.3794199824333191,-0.04215496778488159,0.10170814394950867,0.09292463958263397,-0.030407249927520752,-0.4568786025047302,0.3313080072402954,0.3938411474227905,-0.24626567959785461,-0.09122836589813232,0.03248067572712898,0.1493520438671112,0.12241953611373901,-0.443423867225647,-0.21855664253234863,0.2683679163455963,-0.5189937353134155,-0.03756570816040039,-0.5746396780014038,0.11920565366744995,-0.2674484848976135,-0.6607021689414978,0.4678957164287567,0.16278892755508423,0.33853599429130554,-0.395425945520401,-0.05701359361410141,-0.30082422494888306,0.08911389112472534,0.5347630977630615,0.3509324789047241,0.5825072526931763,-0.2746957540512085,0.1544417440891266,0.21773231029510498,0.06022706627845764,-0.31617605686187744,-0.08067059516906738,-0.15822967886924744,-0.14381688833236694,-0.08418935537338257,-0.040617793798446655,-0.2763402760028839,-0.11524727940559387,-0.03020608425140381,-0.4092620015144348,-0.042517781257629395,-0.14052793383598328,0.10500714182853699,0.624762237071991,0.10027188062667847,-0.09033143520355225,-0.7522854208946228,0.16745638847351074
0.24622288346290588,-0.33993250131607056,0.00597989559173584,-0.43231332302093506,-0.3163139224052429,-0.0867750346660614,-0.24350452423095703,0.38492411375045776,-0.2663356065750122,-0.06537830829620361,-0.11915118992328644,-0.026430785655975342,-0.14669319987297058,0.022788703441619873,-0.22301948070526123,0.02747321128845215,-0.12062042951583862,0.04866638779640198,-0.05644217133522034,0.11403193324804306,0.21731621026992798,0.20217525959014893,0.2756478786468506,0.5493966937065125,0.48214176297187805,0.012540638446807861,-0.23862844705581665,0.4561469554901123,0.4070419669151306,-0.09249962866306305,0.07362549006938934,0.08377674221992493,-0.0045670270919799805,0.0393979549407959,-0.17330855131149292,-0.10877302289009094,0.16456587612628937,0.11452727019786835,0.16400146484375,-0.2667866051197052,0.012282401323318481,-0.5054807662963867,0.7562617659568787,0.32588785886764526,0.3784237802028656,-0.2286062389612198,0.3771836459636688,-0.07118761539459229,0.11119034886360168,0.10623110830783844,-0.029332831501960754,-0.46104979515075684,0.31188446283340454,0.4251651465892792,-0.24543678760528564,-0.07219985127449036,0.03593144193291664,0.13415008783340454,0.10088883340358734,-0.48524606227874756,-0.19601619243621826,0.241715669631958,-0.5102074146270752,-0.05198073387145996,-0.5921751856803894,0.12275707721710205,-0.2710951864719391,-0.7030335068702698,0.4753992557525635,0.16554802656173706,0.3465003967285156,-0.36685633659362793,-0.07865886390209198,-0.3094021677970886,0.08489710092544556,0.5276707410812378,0.32848095893859863,0.596079409122467,-0.3022657632827759,0.1597825288772583,0.260526180267334,0.06815439462661743,-0.35020387172698975,-0.07949721813201904,-0.12179973721504211,-0.15795058012008667,-0.08958226442337036,-0.040795400738716125,-0.253683865070343,-0.09794628620147705,-0.02377420663833618,-0.40061047673225403,-0.018836021423339844,-0.16362178325653076,0.13367202877998352,0.6412444114685059,0.11238256096839905,-0.11587375402450562,-0.7620718479156494,0.18488001823425293
0.24152514338493347,-0.3588523268699646,0.038811326026916504,-0.40478554368019104,-0.29229971766471863,-0.07440999150276184,-0.2532491385936737,0.38005608320236206,-0.2839753031730652,-0.09247395396232605,-0.10384052991867065,-0.03495281934738159,-0.09798678755760193,0.002238661050796509,-0.2577916383743286,0.04276737570762634,-0.09044747054576874,0.06201577186584473,-0.05208352208137512,0.12674623727798462,0.23494815826416016,0.211078941822052,0.25249165296554565,0.578369677066803,0.48187440633773804,0.009899049997329712,-0.2974421977996826,0.4701976776123047,0.3902488052845001,-0.10093237459659576,0.05311034619808197,0.06620219349861145,-0.008932173252105713,0.060454607009887695,-0.1727130115032196,-0.08411914110183716,0.1729165017604828,0.11364050209522247,0.20057064294815063,-0.2935461699962616,0.010908916592597961,-0.4826599657535553,0.7455968856811523,0.3192840814590454,0.38370251655578613,-0.23986351490020752,0.37975749373435974,-0.04065597057342529,0.10041627287864685,0.09223508834838867,-0.02759028971195221,-0.4589945673942566,0.3313972055912018,0.3933042287826538,-0.24861431121826172,-0.09115225076675415,0.03393055871129036,0.15140753984451294,0.1213148832321167,-0.4438002109527588,-0.2167654037475586,0.26705262064933777,-0.5182609558105469,-0.0364152193069458,-0.5749304890632629,0.11924540996551514,-0.26856523752212524,-0.6620218753814697,0.46697720885276794,0.16232633590698242,0.33894240856170654,-0.3972656726837158,-0.05610828101634979,-0.30088722705841064,0.0891309380531311,0.5350726842880249,0.35235798358917236,0.5834556221961975,-0.27631595730781555,0.15424883365631104,0.21963179111480713,0.06057804822921753,-0.31416594982147217,-0.08199429512023926,-0.15711407363414764,-0.14154532551765442,-0.08309447765350342,-0.04234917461872101,-0.27478769421577454,-0.11723151803016663,-0.029723674058914185,-0.407934308052063,-0.040885359048843384,-0.14327159523963928,0.1063866913318634,0.6231657266616821,0.1001313328742981,-0.09100073575973511,-0.7499189376831055,0.1664257049560547
0.2235080599784851,-0.33542418479919434,-0.000764012336730957,-0.45131319761276245,-0.33561989665031433,-0.07189971208572388,-0.25671252608299255,0.3949446976184845,-0.25056058168411255,-0.060692816972732544,-0.11216959357261658,-0.01900029182434082,-0.15662595629692078,0.03186073899269104,-0.2374095916748047,0.03922930359840393,-0.12240569293498993,0.03759273886680603,-0.06573671102523804,0.09033381193876266,0.21637272834777832,0.2099168747663498,0.27643847465515137,0.5379821062088013,0.48349881172180176,-0.0015549957752227783,-0.2167617380619049,0.46290069818496704,0.4059397280216217,-0.1159362643957138,0.09832493960857391,0.08320251107215881,0.011386215686798096,0.027554988861083984,-0.15845122933387756,-0.13166269659996033,0.14579017460346222,0.08313843607902527,0.16796821355819702,-0.2403818815946579,0.032244473695755005,-0.519106924533844,0.7620764970779419,0.3432493209838867,0.3567814528942108,-0.2225235551595688,0.37011080980300903,-0.08939260244369507,0.130400151014328,0.13391560316085815,-0.0607067234814167,-0.45014047622680664,0.3059442937374115,0.44182321429252625,-0.25726640224456787,-0.06454607844352722,0.0412956066429615,0.12947964668273926,0.11321105062961578,-0.48051345348358154,-0.1774744987487793,0.23163114488124847,-0.507871150970459,-0.05492877960205078,-0.5856623649597168,0.12688475847244263,-0.2635814845561981,-0.7128967642784119,0.47686851024627686,0.16363543272018433,0.3476772606372833,-0.3467313051223755,-0.0775061547756195,-0.3058827519416809,0.07357972860336304,0.5030486583709717,0.3079582452774048,0.5995347499847412,-0.3227376341819763,0.1917261779308319,0.25740206241607666,0.08613976836204529,-0.336869478225708,-0.08709448575973511,-0.13207316398620605,-0.20770345628261566,-0.1036376953125,-0.04310347139835358,-0.2377239614725113,-0.08421152830123901,-0.01681569218635559,-0.3950442969799042,-0.020450681447982788,-0.16178905963897705,0.1508253514766693,0.662627100944519,0.11263689398765564,-0.126936137676239,-0.7573197484016418,0.18221306800842285
0.2281612753868103,-0.3526955246925354,-0.0028287768363952637,-0.46749213337898254,-0.3407764732837677,-0.07476019859313965,-0.26664191484451294,0.3939547538757324,-0.24975422024726868,-0.05116221308708191,-0.12181825935840607,-0.01064079999923706,-0.15528693795204163,0.042006462812423706,-0.24314367771148682,0.04214504361152649,-0.13832511007785797,0.05673801898956299,-0.06689107418060303,0.10986679047346115,0.22174546122550964,0.21234528720378876,0.2837491035461426,0.5501725077629089,0.4991927444934845,0.01729986071586609,-0.2443985641002655,0.45144057273864746,0.40415436029434204,-0.1262490302324295,0.08615420758724213,0.09372791647911072,0.011735320091247559,0.047137558460235596,-0.157120019197464,-0.1358356773853302,0.15885743498802185,0.09074759483337402,0.18523073196411133,-0.24150650203227997,0.027859047055244446,-0.5077788829803467,0.7502307891845703,0.34973812103271484,0.3617892563343048,-0.21773585677146912,0.37285035848617554,-0.09829121828079224,0.1358867883682251,0.1375323235988617,-0.07108047604560852,-0.44952553510665894,0.31786516308784485,0.4442152678966522,-0.2394949197769165,-0.06929612159729004,0.021267909556627274,0.11833939701318741,0.13047684729099274,-0.4803297519683838,-0.1984788179397583,0.2548597455024719,-0.5189473628997803,-0.06448984146118164,-0.5946276187896729,0.12763601541519165,-0.26155054569244385,-0.7053843140602112,0.48445823788642883,0.16798537969589233,0.3537096679210663,-0.3470878005027771,-0.09172551333904266,-0.29939550161361694,0.08145725727081299,0.5130870938301086,0.30325937271118164,0.6035087704658508,-0.31114447116851807,0.19608771800994873,0.2374880313873291,0.07237431406974792,-0.3518317937850952,-0.08168458938598633,-0.15001745522022247,-0.20841297507286072,-0.11829608678817749,-0.029303327202796936,-0.25768840312957764,-0.07154420018196106,-0.02476903796195984,-0.4174375534057617,-0.02969023585319519,-0.15033528208732605,0.13972175121307373,0.6771254539489746,0.12101224064826965,-0.1273549199104309,-0.7901962399482727,0.1877272129058838
0.2303682267665863,-0.35266897082328796,-0.00826716423034668,-0.4737277925014496,-0.34389248490333557,-0.07859599590301514,-0.26434412598609924,0.3914175033569336,-0.2464599609375,-0.043321698904037476,-0.12775558233261108,-0.007610738277435303,-0.1625508964061737,0.045997053384780884,-0.23500967025756836,0.038798511028289795,-0.14833272993564606,0.06026008725166321,-0.06668245792388916,0.11332640796899796,0.21855676174163818,0.21040202677249908,0.2889751195907593,0.5462774038314819,0.5005807876586914,0.02300289273262024,-0.23926758766174316,0.44343632459640503,0.40510842204093933,-0.12493111193180084,0.0850217193365097,0.0991634726524353,0.01145249605178833,0.049778640270233154,-0.1569739580154419,-0.13961616158485413,0.16029509902000427,0.09517428278923035,0.1806604266166687,-0.2371467500925064,0.02418401837348938,-0.5045297741889954,0.744939386844635,0.3492489457130432,0.36168399453163147,-0.2142581343650818,0.3717445433139801,-0.10517066717147827,0.13725362718105316,0.13814648985862732,-0.07115334272384644,-0.4474020004272461,0.3154171407222748,0.44794920086860657,-0.2320091724395752,-0.06659239530563354,0.016203109174966812,0.11161074787378311,0.13028210401535034,-0.4865792989730835,-0.1996704339981079,0.25476837158203125,-0.5172853469848633,-0.06976461410522461,-0.5986966490745544,0.12726545333862305,-0.2606273889541626,-0.7076902389526367,0.4860685467720032,0.16891634464263916,0.3554239571094513,-0.33965450525283813,-0.09993462264537811,-0.2978823781013489,0.08344125747680664,0.5126745700836182,0.2967747449874878,0.6041906476020813,-0.3099561333656311,0.19594591856002808,0.23807835578918457,0.06815072894096375,-0.3619241714477539,-0.07942628860473633,-0.1460724025964737,-0.2072727233171463,-0.12297692894935608,-0.024433985352516174,-0.25939613580703735,-0.06594115495681763,-0.02623957395553589,-0.42064613103866577,-0.027103841304779053,-0.1509380042552948,0.14100924134254456,0.6786351203918457,0.12613868713378906,-0.1298883557319641,-0.7975126504898071,0.19185805320739746
0.2365446388721466,-0.35582637786865234,0.016832590103149414,-0.44004374742507935,-0.3221142590045929,-0.07365977764129639,-0.26149219274520874,0.3917531967163086,-0.2687492370605469,-0.0703309178352356,-0.11251482367515564,-0.024140894412994385,-0.1349528729915619,0.02084997296333313,-0.2504829168319702,0.04423680901527405,-0.112150177359581,0.05492281913757324,-0.05966910719871521,0.1108463779091835,0.23039919137954712,0.21599842607975006,0.27208179235458374,0.5670144557952881,0.49161818623542786,0.006940901279449463,-0.26072171330451965,0.4694679379463196,0.4039762616157532,-0.11312125623226166,0.07721035182476044,0.07851719856262207,0.002322256565093994,0.04602634906768799,-0.16681480407714844,-0.11050635576248169,0.16180390119552612,0.09981438517570496,0.1900584101676941,-0.2692207098007202,0.02187243103981018,-0.508777379989624,0.7620832324028015,0.33879536390304565,0.37477195262908936,-0.2339731901884079,0.37776660919189453,-0.07185924053192139,0.11746382713317871,0.11633750796318054,-0.04888838529586792,-0.4607201814651489,0.3265291154384613,0.4249844551086426,-0.2543395757675171,-0.07541075348854065,0.03413555398583412,0.14012277126312256,0.12453150749206543,-0.4694439172744751,-0.2003096342086792,0.2577125132083893,-0.5215423703193665,-0.04885578155517578,-0.5907112956047058,0.12640845775604248,-0.26961541175842285,-0.6965458989143372,0.47676143050193787,0.16499722003936768,0.35015758872032166,-0.375335156917572,-0.07373211532831192,-0.304352343082428,0.08020550012588501,0.5254207849502563,0.33121490478515625,0.6023157238960266,-0.30494600534439087,0.18192526698112488,0.2395486831665039,0.07242706418037415,-0.3309582471847534,-0.08570641279220581,-0.1505565196275711,-0.18119874596595764,-0.10129135847091675,-0.039908722043037415,-0.26217663288116455,-0.09680876135826111,-0.025095045566558838,-0.4111253619194031,-0.030166983604431152,-0.15512794256210327,0.13275477290153503,0.6558929681777954,0.1106063723564148,-0.11560118198394775,-0.7705981135368347,0.17681193351745605
0.2371608018875122,-0.34685462713241577,-0.003787398338317871,-0.4567660987377167,-0.32975587248802185,-0.08740952610969543,-0.2524212598800659,0.3836931586265564,-0.2531605660915375,-0.050870299339294434,-0.12926572561264038,-0.014128625392913818,-0.1547878384590149,0.03632429242134094,-0.22773408889770508,0.03094807267189026,-0.14576834440231323,0.06034448742866516,-0.06083571910858154,0.11993441730737686,0.215440034866333,0.20360000431537628,0.28034722805023193,0.5483791828155518,0.4946785271167755,0.026993930339813232,-0.2437613308429718,0.44232308864593506,0.40375572443008423,-0.1114191859960556,0.07543985545635223,0.09483730792999268,0.0037221312522888184,0.05379191040992737,-0.16502323746681213,-0.1286744773387909,0.16661740839481354,0.10641440749168396,0.17219918966293335,-0.24531978368759155,0.012547984719276428,-0.4928968548774719,0.7397080659866333,0.3376461863517761,0.3705565929412842,-0.21493905782699585,0.3768974840641022,-0.09099102020263672,0.1291656345129013,0.12419942021369934,-0.049467165023088455,-0.4507707357406616,0.3093630075454712,0.43719497323036194,-0.2274036407470703,-0.07553654909133911,0.019218776375055313,0.11255881935358047,0.11722815036773682,-0.48905086517333984,-0.2031620740890503,0.25135737657546997,-0.5136975049972534,-0.06781506538391113,-0.5964147448539734,0.12057894468307495,-0.2607353925704956,-0.7020699977874756,0.48920297622680664,0.17050039768218994,0.35072219371795654,-0.3459593951702118,-0.09308620542287827,-0.30041539669036865,0.09387838840484619,0.521919846534729,0.30410999059677124,0.5975640416145325,-0.29977405071258545,0.1734219193458557,0.24126207828521729,0.05884465575218201,-0.3657052516937256,-0.07707810401916504,-0.1335752159357071,-0.179307222366333,-0.10589733719825745,-0.0272122323513031,-0.261932373046875,-0.07771465182304382,-0.027497977018356323,-0.415665864944458,-0.025636494159698486,-0.15122738480567932,0.1309979259967804,0.6609808206558228,0.12626907229423523,-0.11672723293304443,-0.7858054637908936,0.19492459297180176
0.21781304478645325,-0.3574806749820709,0.006873428821563721,-0.4660605788230896,-0.3409474790096283,-0.07053285837173462,-0.27188482880592346,0.39228004217147827,-0.25064897537231445,-0.05572482943534851,-0.11847826838493347,-0.012230217456817627,-0.14687544107437134,0.030823558568954468,-0.25684797763824463,0.04865351319313049,-0.1342301070690155,0.057961851358413696,-0.06660950183868408,0.09886588901281357,0.2288667857646942,0.22081902623176575,0.27683210372924805,0.5590534210205078,0.49819761514663696,0.00999915599822998,-0.24870538711547852,0.46040695905685425,0.4035288095474243,-0.13369770348072052,0.09056393802165985,0.08717450499534607,0.017640292644500732,0.04967135190963745,-0.15242823958396912,-0.13489621877670288,0.15048077702522278,0.08021795749664307,0.19414037466049194,-0.2410547286272049,0.029624968767166138,-0.5039086937904358,0.7527382373809814,0.35440847277641296,0.3567069172859192,-0.22026889026165009,0.3705698251724243,-0.09521323442459106,0.13625098764896393,0.14226767420768738,-0.07401241362094879,-0.444416344165802,0.31794285774230957,0.4385867416858673,-0.24840044975280762,-0.07307493686676025,0.022908706218004227,0.12317188829183578,0.1416054666042328,-0.4713326692581177,-0.19356870651245117,0.25544774532318115,-0.5193940997123718,-0.06288802623748779,-0.5905861258506775,0.12677103281021118,-0.2584475874900818,-0.698738694190979,0.4836759865283966,0.16640323400497437,0.3517543375492096,-0.348121702671051,-0.08650318533182144,-0.2928587794303894,0.08050143718719482,0.5061110258102417,0.3007515072822571,0.6058149933815002,-0.31363898515701294,0.20624685287475586,0.22484374046325684,0.07455563545227051,-0.33239638805389404,-0.0911063551902771,-0.1608475148677826,-0.21747538447380066,-0.12161868810653687,-0.030781537294387817,-0.2591620087623596,-0.07661464810371399,-0.024263441562652588,-0.41403162479400635,-0.031245678663253784,-0.14929518103599548,0.1407470405101776,0.6738809943199158,0.1233380138874054,-0.12067949771881104,-0.7795599699020386,0.17872190475463867
0.2175500988960266,-0.3591057062149048,0.007233083248138428,-0.4708731472492218,-0.3433038890361786,-0.07057642936706543,-0.27324721217155457,0.3925229012966156,-0.25206366181373596,-0.05413129925727844,-0.12044587731361389,-0.0121346116065979,-0.149277001619339,0.030996352434158325,-0.2576051950454712,0.0503043532371521,-0.13457047939300537,0.06011316180229187,-0.06479659676551819,0.09694256633520126,0.22993820905685425,0.22335177659988403,0.2761716842651367,0.5629874467849731,0.5021388530731201,0.01048976182937622,-0.24800366163253784,0.4639602303504944,0.40399715304374695,-0.13545970618724823,0.09381888806819916,0.08435878157615662,0.01730179786682129,0.04997462034225464,-0.1527496874332428,-0.13474971055984497,0.1511792689561844,0.07796038687229156,0.1954309344291687,-0.24084293842315674,0.031165480613708496,-0.5054700374603271,0.7547945976257324,0.35734453797340393,0.3580937385559082,-0.22238729894161224,0.37107712030410767,-0.09615600109100342,0.1380590945482254,0.14251771569252014,-0.07747338712215424,-0.44587844610214233,0.3187585473060608,0.4401959180831909,-0.2508574426174164,-0.07281708717346191,0.025270018726587296,0.12313104420900345,0.14422866702079773,-0.47587811946868896,-0.19310498237609863,0.25858110189437866,-0.5234782695770264,-0.06413018703460693,-0.5931114554405212,0.12773102521896362,-0.25813722610473633,-0.7016107439994812,0.48771932721138,0.1671816110610962,0.3538925051689148,-0.34937798976898193,-0.08880111575126648,-0.29469674825668335,0.08091884851455688,0.5088953971862793,0.30139732360839844,0.6089761853218079,-0.31664788722991943,0.2099834382534027,0.2251298427581787,0.07435601949691772,-0.3340038061141968,-0.09105843305587769,-0.1628570854663849,-0.22215749323368073,-0.12206259369850159,-0.02947993576526642,-0.26060134172439575,-0.07806500792503357,-0.025454580783843994,-0.4162549376487732,-0.03163957595825195,-0.14853578805923462,0.14376282691955566,0.6788923740386963,0.1240915060043335,-0.12288820743560791,-0.782850980758667,0.18161630630493164
0.2375505268573761,-0.3386441469192505,-0.012085258960723877,-0.4578540325164795,-0.33870410919189453,-0.07671433687210083,-0.25754880905151367,0.39561522006988525,-0.24810132384300232,-0.04747962951660156,-0.12160663306713104,-0.013390064239501953,-0.171219140291214,0.04553213715553284,-0.22733187675476074,0.03763476014137268,-0.13274654746055603,0.04339241981506348,-0.06530404090881348,0.10425139218568802,0.21369466185569763,0.20765504240989685,0.2883853316307068,0.5346367359161377,0.48811832070350647,0.010430365800857544,-0.21884441375732422,0.4513546824455261,0.4080529510974884,-0.11386965215206146,0.09049497544765472,0.09542503952980042,0.0054926276206970215,0.029656171798706055,-0.1649455428123474,-0.13138073682785034,0.15695619583129883,0.09734593331813812,0.16698938608169556,-0.24281838536262512,0.028340071439743042,-0.5243921875953674,0.7585331797599792,0.34397581219673157,0.36547935009002686,-0.22286605834960938,0.37088003754615784,-0.09898990392684937,0.1287236511707306,0.1281052529811859,-0.05935359373688698,-0.4603272080421448,0.31390970945358276,0.4467101991176605,-0.24672120809555054,-0.05734166502952576,0.03304188326001167,0.12266016751527786,0.11199264228343964,-0.4898064136505127,-0.18617486953735352,0.24191999435424805,-0.5112110376358032,-0.058597445487976074,-0.5950655341148376,0.12900519371032715,-0.26860177516937256,-0.7182672619819641,0.4745510220527649,0.16491180658340454,0.35233229398727417,-0.3499755859375,-0.09061181545257568,-0.3057047724723816,0.07352536916732788,0.513555645942688,0.31009334325790405,0.6019889116287231,-0.32122406363487244,0.18816106021404266,0.26535749435424805,0.07832679152488708,-0.3562825918197632,-0.0786733627319336,-0.12889552116394043,-0.19744442403316498,-0.1082233190536499,-0.038006335496902466,-0.2419179230928421,-0.0731528103351593,-0.020904570817947388,-0.40685513615608215,-0.01736345887184143,-0.16442325711250305,0.15006932616233826,0.6716334223747253,0.11363732814788818,-0.140497088432312,-0.7797210812568665,0.18894100189208984
0.22817379236221313,-0.35267728567123413,0.010954856872558594,-0.448843389749527,-0.3284749388694763,-0.07214117050170898,-0.262295126914978,0.3900976777076721,-0.25997090339660645,-0.0633963942527771,-0.11419424414634705,-0.019367992877960205,-0.14094924926757812,0.025525957345962524,-0.24667680263519287,0.04413524270057678,-0.12037158012390137,0.054568737745285034,-0.06129080057144165,0.10500743240118027,0.2266240119934082,0.2151094675064087,0.27370601892471313,0.5572324395179749,0.4907206594944,0.007922500371932983,-0.24920088052749634,0.4622536301612854,0.401346355676651,-0.1184929758310318,0.08317874372005463,0.08136722445487976,0.00771939754486084,0.045584142208099365,-0.1602453589439392,-0.12011045217514038,0.1555979698896408,0.09270599484443665,0.18670064210891724,-0.25547102093696594,0.025172293186187744,-0.5051285028457642,0.7544326782226562,0.3421596586704254,0.36500972509384155,-0.22745898365974426,0.3719242215156555,-0.08148562908172607,0.12404358386993408,0.12533369660377502,-0.05916604772210121,-0.45102715492248535,0.31975722312927246,0.4295676648616791,-0.2502594590187073,-0.07186806201934814,0.031171251088380814,0.13274911046028137,0.12791286408901215,-0.4696829319000244,-0.19530463218688965,0.25249558687210083,-0.5162488222122192,-0.05425667762756348,-0.5874878764152527,0.12665867805480957,-0.2639474868774414,-0.6959901452064514,0.47611820697784424,0.1637493371963501,0.34924373030662537,-0.36022740602493286,-0.07952752709388733,-0.30041879415512085,0.07910537719726562,0.5137315988540649,0.31714749336242676,0.5997968912124634,-0.3073970377445221,0.19005842506885529,0.23583531379699707,0.07440876960754395,-0.33262133598327637,-0.08586323261260986,-0.15093238651752472,-0.19499488174915314,-0.10913330316543579,-0.035835713148117065,-0.25755631923675537,-0.0889330804347992,-0.02432277798652649,-0.40916746854782104,-0.028985023498535156,-0.1531505286693573,0.13791173696517944,0.6590090990066528,0.1141924262046814,-0.1191137433052063,-0.7693666815757751,0.17831969261169434
0.24691590666770935,-0.34232810139656067,-0.0007372498512268066,-0.4463517963886261,-0.3291380703449249,-0.08467435836791992,-0.25021758675575256,0.3929003179073334,-0.2647193670272827,-0.05841979384422302,-0.12079010903835297,-0.02402442693710327,-0.16297906637191772,0.028122425079345703,-0.22516405582427979,0.032288312911987305,-0.1252196729183197,0.04506537318229675,-0.058265089988708496,0.10685297101736069,0.22037926316261292,0.20818790793418884,0.2837632894515991,0.5529467463493347,0.48771199584007263,0.008347004652023315,-0.22640582919120789,0.4645872712135315,0.41546738147735596,-0.09931351244449615,0.08469651639461517,0.08632025122642517,-0.001279592514038086,0.031782954931259155,-0.1745973825454712,-0.1159600019454956,0.16110743582248688,0.10891854763031006,0.1635414958000183,-0.2620600461959839,0.016945093870162964,-0.5239559412002563,0.7731105089187622,0.3372844457626343,0.3802880346775055,-0.2318837195634842,0.38044118881225586,-0.08121788501739502,0.11703285574913025,0.11469098925590515,-0.036256879568099976,-0.470453679561615,0.3158981204032898,0.4390384554862976,-0.2538159489631653,-0.06610006093978882,0.04010990634560585,0.13497036695480347,0.10290513932704926,-0.4967658519744873,-0.1890113353729248,0.24119079113006592,-0.5162603855133057,-0.05375373363494873,-0.6020523309707642,0.1267816424369812,-0.2756878137588501,-0.7229713201522827,0.4813774824142456,0.16765427589416504,0.3545810282230377,-0.3663743734359741,-0.082614965736866,-0.3135679364204407,0.08031594753265381,0.5292474031448364,0.32755768299102783,0.6086931824684143,-0.3180042803287506,0.173456072807312,0.27179837226867676,0.07434600591659546,-0.3545072078704834,-0.08253198862075806,-0.12165531516075134,-0.1737033575773239,-0.09492766857147217,-0.04347147047519684,-0.249527707695961,-0.09345775842666626,-0.021893411874771118,-0.4050115644931793,-0.014667212963104248,-0.1718634068965912,0.14670369029045105,0.6587342619895935,0.1153152585029602,-0.1281641125679016,-0.7731126546859741,0.18914270401000977
0.2360110580921173,-0.3491433262825012,0.005778908729553223,-0.44966214895248413,-0.3277599513530731,-0.07730245590209961,-0.25858640670776367,0.3918513059616089,-0.25949031114578247,-0.061794817447662354,-0.11722186207771301,-0.01908397674560547,-0.143446683883667,0.03348168730735779,-0.238866925239563,0.036393314599990845,-0.12436078488826752,0.05414694547653198,-0.06321224570274353,0.11469561606645584,0.2209048867225647,0.2081354707479477,0.27817302942276,0.5525943040847778,0.49335625767707825,0.01456838846206665,-0.2514708936214447,0.4554561972618103,0.40251848101615906,-0.11251308023929596,0.07844536006450653,0.08662328124046326,0.004144012928009033,0.04550808668136597,-0.16349360346794128,-0.12205129861831665,0.16329650580883026,0.10035023093223572,0.1812974214553833,-0.2572909891605377,0.023772254586219788,-0.5056051015853882,0.751815140247345,0.3383517265319824,0.36888670921325684,-0.22372254729270935,0.375593900680542,-0.0823744535446167,0.12453164160251617,0.12225726246833801,-0.05584748461842537,-0.45358097553253174,0.31814947724342346,0.4339264929294586,-0.24283850193023682,-0.07269251346588135,0.027259770780801773,0.12825748324394226,0.12072627246379852,-0.47731339931488037,-0.20076727867126465,0.2527511417865753,-0.5182632207870483,-0.0570293664932251,-0.5919482707977295,0.12630194425582886,-0.2658861577510834,-0.7000315189361572,0.4795630872249603,0.166070818901062,0.34960249066352844,-0.3601611852645874,-0.08299027383327484,-0.304979145526886,0.08143717050552368,0.5209457874298096,0.3186090588569641,0.5992165207862854,-0.30354785919189453,0.17970319092273712,0.24345505237579346,0.07142019271850586,-0.3477591276168823,-0.07968723773956299,-0.14278103411197662,-0.18763291835784912,-0.10482370853424072,-0.03402388095855713,-0.25892174243927,-0.08505222201347351,-0.024552136659622192,-0.4107658863067627,-0.02884000539779663,-0.1514190137386322,0.13351494073867798,0.6611359715461731,0.11473479866981506,-0.11878597736358643,-0.7782157063484192,0.1836707592010498
0.2350328266620636,-0.3370310962200165,0.019530951976776123,-0.41228076815605164,-0.30350592732429504,-0.07751932740211487,-0.24451273679733276,0.3782657980918884,-0.2664962112903595,-0.07586002349853516,-0.10788889229297638,-0.030333340167999268,-0.1270735263824463,0.012228190898895264,-0.23443973064422607,0.03437259793281555,-0.10289666056632996,0.04668426513671875,-0.054049283266067505,0.10638158768415451,0.2200544774532318,0.20434433221817017,0.26021528244018555,0.546083927154541,0.46864041686058044,0.0038698315620422363,-0.24716699123382568,0.4583635926246643,0.3940045237541199,-0.09608744084835052,0.07065449655056,0.07325127720832825,-0.004404246807098389,0.040701061487197876,-0.16862857341766357,-0.09858071804046631,0.15726156532764435,0.10598775744438171,0.17270010709762573,-0.26958173513412476,0.016915947198867798,-0.49401944875717163,0.7435462474822998,0.31947311758995056,0.3690045475959778,-0.23140612244606018,0.36758580803871155,-0.059103190898895264,0.1055421531200409,0.10142453014850616,-0.03032347559928894,-0.45185190439224243,0.31092408299446106,0.4046165943145752,-0.25159749388694763,-0.07419735193252563,0.04051383212208748,0.14157208800315857,0.106479212641716,-0.45864415168762207,-0.19220685958862305,0.24081814289093018,-0.5011129379272461,-0.04237520694732666,-0.5721750259399414,0.11969810724258423,-0.26558366417884827,-0.677833080291748,0.4589916467666626,0.15897876024246216,0.3351749777793884,-0.3705548346042633,-0.06579703837633133,-0.2994144558906555,0.07998472452163696,0.5141236782073975,0.33115553855895996,0.5810679793357849,-0.2938803434371948,0.1603783369064331,0.24353718757629395,0.07145673036575317,-0.3219928741455078,-0.08286863565444946,-0.13193394243717194,-0.15536129474639893,-0.08577045798301697,-0.04476723074913025,-0.24980106949806213,-0.10525497794151306,-0.023584574460983276,-0.38930296897888184,-0.02339889109134674,-0.15676149725914001,0.12683403491973877,0.6214696168899536,0.10275483131408691,-0.10769176483154297,-0.7335474491119385,0.16920757293701172
0.22942504286766052,-0.3566279709339142,0.012607812881469727,-0.44587016105651855,-0.32233425974845886,-0.07571175694465637,-0.2610068619251251,0.38567590713500977,-0.25959524512290955,-0.06521955132484436,-0.11771202087402344,-0.01713472604751587,-0.13050323724746704,0.02631354331970215,-0.25041961669921875,0.04180142283439636,-0.12619160115718842,0.06253111362457275,-0.06237444281578064,0.11810044199228287,0.22607553005218506,0.21167390048503876,0.27043354511260986,0.5596929788589478,0.49388471245765686,0.017752021551132202,-0.2674306333065033,0.45295828580856323,0.39685651659965515,-0.11930213868618011,0.07144312560558319,0.08606842160224915,0.00623089075088501,0.0582008957862854,-0.1595500111579895,-0.11948102712631226,0.16331548988819122,0.09775550663471222,0.19255149364471436,-0.25621095299720764,0.01900370419025421,-0.4884863495826721,0.7401573657989502,0.33799371123313904,0.3664395809173584,-0.22167886793613434,0.3742014765739441,-0.07921135425567627,0.1252226084470749,0.12407222390174866,-0.05632728710770607,-0.4461263418197632,0.3195119798183441,0.42387914657592773,-0.23689809441566467,-0.07996147871017456,0.02004959061741829,0.1252433955669403,0.13094019889831543,-0.4635564088821411,-0.2074604034423828,0.26033008098602295,-0.5170328617095947,-0.0574115514755249,-0.5854867100715637,0.12288933992385864,-0.2596246898174286,-0.6827296018600464,0.47962814569473267,0.1664140820503235,0.3464054763317108,-0.35956305265426636,-0.08102697134017944,-0.2950395345687866,0.08837336301803589,0.5175961852073669,0.31423550844192505,0.5930891036987305,-0.2936249077320099,0.18083781003952026,0.22152209281921387,0.0638279914855957,-0.33799684047698975,-0.08234179019927979,-0.1557733714580536,-0.184194415807724,-0.10879647731781006,-0.03012716770172119,-0.2671136260032654,-0.08548879623413086,-0.027489155530929565,-0.4152613878250122,-0.03621894121170044,-0.1436149775981903,0.12264087796211243,0.6555705070495605,0.11690971255302429,-0.10923236608505249,-0.7759612798690796,0.1796092987060547
0.22956717014312744,-0.33645763993263245,0.003039419651031494,-0.440474271774292,-0.32645511627197266,-0.07592040300369263,-0.2539355754852295,0.3880976140499115,-0.25289806723594666,-0.06020122766494751,-0.11489757895469666,-0.020816266536712646,-0.15183418989181519,0.028052687644958496,-0.2337123155593872,0.03735530376434326,-0.12123487889766693,0.04307571053504944,-0.06139892339706421,0.09662019461393356,0.21711918711662292,0.20851697027683258,0.2741991877555847,0.5395296812057495,0.47863057255744934,0.0038540661334991455,-0.22626209259033203,0.4571719169616699,0.4025014340877533,-0.1101800948381424,0.08774720132350922,0.08316126465797424,0.006087243556976318,0.03312918543815613,-0.1630818247795105,-0.12125140428543091,0.15130655467510223,0.09369553625583649,0.16989362239837646,-0.2492499053478241,0.025748372077941895,-0.5106196403503418,0.7528122663497925,0.3369055986404419,0.36189427971839905,-0.224927619099617,0.3677566647529602,-0.0832018256187439,0.12211015820503235,0.12193045020103455,-0.04984183982014656,-0.4522583484649658,0.3083631694316864,0.42968302965164185,-0.2523308992385864,-0.06595653295516968,0.037674177438020706,0.13050898909568787,0.1134282648563385,-0.47578442096710205,-0.1830528974533081,0.23760586977005005,-0.5054138898849487,-0.05388367176055908,-0.5834835767745972,0.12431961297988892,-0.26429039239883423,-0.7015380859375,0.4690314531326294,0.16143029928207397,0.3438085615634918,-0.3537927269935608,-0.07855662703514099,-0.30048269033432007,0.07585525512695312,0.5075584650039673,0.3131455183029175,0.5944520235061646,-0.31328946352005005,0.1817287802696228,0.2532038688659668,0.07786256074905396,-0.3347436189651489,-0.0848456621170044,-0.13166822493076324,-0.18792939186096191,-0.09965220093727112,-0.04157838225364685,-0.24245072901248932,-0.08721250295639038,-0.020420819520950317,-0.3947840929031372,-0.01858651638031006,-0.1610618531703949,0.14335337281227112,0.6500893235206604,0.11183890700340271,-0.1241636872291565,-0.7535167336463928,0.17814230918884277
0.241126149892807,-0.3587794303894043,0.03833061456680298,-0.4061300754547119,-0.2926281988620758,-0.07392576336860657,-0.2537250518798828,0.38024836778640747,-0.28308534622192383,-0.09187856316566467,-0.1039692610502243,-0.03401106595993042,-0.0969381332397461,0.004747241735458374,-0.2579296827316284,0.04242202639579773,-0.09094896912574768,0.06304013729095459,-0.05288645625114441,0.1285446286201477,0.23358052968978882,0.21000531315803528,0.25264066457748413,0.5772019028663635,0.4833213686943054,0.011592477560043335,-0.2997347116470337,0.46810853481292725,0.3892028033733368,-0.10195522010326385,0.05271999537944794,0.0667559802532196,-0.008939087390899658,0.06189417839050293,-0.171922504901886,-0.08578965067863464,0.17403192818164825,0.11304862797260284,0.20159423351287842,-0.29237526655197144,0.011969581246376038,-0.48107096552848816,0.7425931692123413,0.3189816474914551,0.3822537660598755,-0.2381930649280548,0.3794199824333191,-0.04215496778488159,0.10170814394950867,0.09292463958263397,-0.030407249927520752,-0.4568786025047302,0.3313080072402954,0.3938411474227905,-0.24626567959785461,-0.09122836589813232,0.03248067572712898,0.1493520438671112,0.12241953611373901,-0.443423867225647,-0.21855664253234863,0.2683679163455963,-0.5189937353134155,-0.03756570816040039,-0.5746396780014038,0.11920565366744995,-0.2674484848976135,-0.6607021689414978,0.4678957164287567,0.16278892755508423,0.33853599429130554,-0.395425945520401,-0.05701359361410141,-0.30082422494888306,0.08911389112472534,0.5347630977630615,0.3509324789047241,0.5825072526931763,-0.2746957540512085,0.1544417440891266,0.21773231029510498,0.06022706627845764,-0.31617605686187744,-0.08067059516906738,-0.15822967886924744,-0.14381688833236694,-0.08418935537338257,-0.040617793798446655,-0.2763402760028839,-0.11524727940559387,-0.03020608425140381,-0.4092620015144348,-0.042517781257629395,-0.14052793383598328,0.10500714182853699,0.624762237071991,0.10027188062667847,-0.09033143520355225,-0.7522854208946228,0.16745638847351074
0.23475447297096252,-0.34181585907936096,0.004617094993591309,-0.4387555420398712,-0.32299211621284485,-0.07279318571090698,-0.2562136948108673,0.38975638151168823,-0.2565458118915558,-0.061530351638793945,-0.11273525655269623,-0.0196683406829834,-0.14640673995018005,0.03356367349624634,-0.23629343509674072,0.03970453143119812,-0.115882009267807,0.047162145376205444,-0.062156081199645996,0.1080436185002327,0.21857234835624695,0.2076691836118698,0.2755886912345886,0.5415652394294739,0.48122087121009827,0.00747111439704895,-0.24044698476791382,0.4546624422073364,0.39874735474586487,-0.11059610545635223,0.07997415959835052,0.08512470126152039,0.001953721046447754,0.03658103942871094,-0.1639813780784607,-0.11681205034255981,0.15863382816314697,0.09952667355537415,0.17771393060684204,-0.2564631700515747,0.026908934116363525,-0.5103411674499512,0.7495925426483154,0.3344048857688904,0.3651498258113861,-0.22670137882232666,0.36801812052726746,-0.08129066228866577,0.1192091852426529,0.1175764799118042,-0.053616587072610855,-0.45510751008987427,0.3180718421936035,0.4265844523906708,-0.24853014945983887,-0.065209299325943,0.03406441584229469,0.13212954998016357,0.11547598242759705,-0.46871960163116455,-0.19301986694335938,0.24689236283302307,-0.5086832046508789,-0.04994332790374756,-0.5822677612304688,0.1260729432106018,-0.26675209403038025,-0.694834291934967,0.46485480666160583,0.16174089908599854,0.34468555450439453,-0.36164912581443787,-0.07889047265052795,-0.30131369829177856,0.07372820377349854,0.5129038095474243,0.32093358039855957,0.5911247730255127,-0.3068506717681885,0.18020161986351013,0.24903225898742676,0.07674476504325867,-0.33711349964141846,-0.07988905906677246,-0.13866840302944183,-0.18368886411190033,-0.10205429792404175,-0.03961417078971863,-0.24801604449748993,-0.08497479557991028,-0.022876203060150146,-0.40221408009529114,-0.024690493941307068,-0.15624824166297913,0.13727232813835144,0.6522678136825562,0.10578855872154236,-0.12645119428634644,-0.7630717754364014,0.17721223831176758
0.22533336281776428,-0.36278408765792847,0.012032866477966309,-0.4587787091732025,-0.3318897783756256,-0.06846821308135986,-0.27141228318214417,0.39199233055114746,-0.2573201060295105,-0.0617394745349884,-0.11598297953605652,-0.013974487781524658,-0.13375908136367798,0.03274714946746826,-0.2591625452041626,0.049397826194763184,-0.1252477616071701,0.06350937485694885,-0.06516429781913757,0.11433181911706924,0.22998717427253723,0.21775475144386292,0.27424049377441406,0.5640850067138672,0.5014300346374512,0.015627145767211914,-0.26989981532096863,0.4586600065231323,0.3973537087440491,-0.13080434501171112,0.07863996922969818,0.08536085486412048,0.010339200496673584,0.056639134883880615,-0.1553325355052948,-0.12585830688476562,0.16164618730545044,0.08865082263946533,0.20222938060760498,-0.25312209129333496,0.02804560959339142,-0.49780577421188354,0.7461196184158325,0.34805235266685486,0.36288559436798096,-0.22356915473937988,0.37276163697242737,-0.086742103099823,0.1320597231388092,0.1326903998851776,-0.07373663783073425,-0.44672858715057373,0.3263746500015259,0.4317241609096527,-0.2422022819519043,-0.07651674747467041,0.020276878029108047,0.12598362565040588,0.14214582741260529,-0.46306514739990234,-0.20658886432647705,0.2671661078929901,-0.5245434045791626,-0.05817675590515137,-0.5885516405105591,0.1274569034576416,-0.25980108976364136,-0.6876029968261719,0.48181602358818054,0.16623252630233765,0.351384699344635,-0.3598864674568176,-0.0842120498418808,-0.2955823540687561,0.08237451314926147,0.5160292387008667,0.3127686381340027,0.5998558402061462,-0.3011243939399719,0.19733436405658722,0.2182248830795288,0.06957995891571045,-0.33519935607910156,-0.08348923921585083,-0.16797487437725067,-0.2055657058954239,-0.11809760332107544,-0.028379634022712708,-0.26793473958969116,-0.07983538508415222,-0.02767091989517212,-0.42184656858444214,-0.0398249626159668,-0.14066651463508606,0.12910297513008118,0.6710790395736694,0.11650705337524414,-0.1172451376914978,-0.7873179316520691,0.17915797233581543
0.22815799713134766,-0.3444114625453949,0.004808962345123291,-0.4471109211444855,-0.32907071709632874,-0.07322776317596436,-0.2587234675884247,0.3899540305137634,-0.25416189432144165,-0.060146868228912354,-0.11470966041088104,-0.018507063388824463,-0.147064208984375,0.030220001935958862,-0.24022674560546875,0.040035396814346313,-0.1221388429403305,0.04838880896568298,-0.06308862566947937,0.10135292261838913,0.2208249568939209,0.21096889674663544,0.2755813002586365,0.544724702835083,0.4854027330875397,0.006830394268035889,-0.23735862970352173,0.4568195343017578,0.40147578716278076,-0.11536909639835358,0.08584003150463104,0.08454978466033936,0.007871687412261963,0.03856998682022095,-0.1597437560558319,-0.12360554933547974,0.15310996770858765,0.09184348583221436,0.1783939003944397,-0.24975180625915527,0.02772948145866394,-0.5083152651786804,0.7518690228462219,0.34054598212242126,0.36053577065467834,-0.2244212031364441,0.3682982623577118,-0.08521735668182373,0.1248500645160675,0.12624508142471313,-0.05844748392701149,-0.44921553134918213,0.3133007884025574,0.431242972612381,-0.2500803470611572,-0.0675581693649292,0.03200152888894081,0.12969163060188293,0.12126724421977997,-0.47205400466918945,-0.1894702911376953,0.24489642679691315,-0.5107625722885132,-0.054620981216430664,-0.584753155708313,0.12650072574615479,-0.2631182074546814,-0.6979880928993225,0.4716292917728424,0.16232830286026,0.3459152579307556,-0.35468292236328125,-0.08109177649021149,-0.2998260259628296,0.07627838850021362,0.5087993741035461,0.3124637007713318,0.5964382290840149,-0.3104850649833679,0.18754392862319946,0.24433577060699463,0.07744801044464111,-0.3353224992752075,-0.08456331491470337,-0.14215721189975739,-0.19520306587219238,-0.10689929127693176,-0.03757680952548981,-0.24913819134235382,-0.0842098593711853,-0.022274911403656006,-0.4019443690776825,-0.024488598108291626,-0.15572184324264526,0.1400134563446045,0.6566063165664673,0.11258876323699951,-0.12328487634658813,-0.7638804912567139,0.1777176856994629
0.23170071840286255,-0.3525415062904358,0.003911852836608887,-0.4578135013580322,-0.3331089913845062,-0.07997667789459229,-0.25986921787261963,0.3878982663154602,-0.25734764337539673,-0.054514139890670776,-0.12193666398525238,-0.015984714031219482,-0.15176725387573242,0.03058263659477234,-0.2392817735671997,0.03842464089393616,-0.13493141531944275,0.05770614743232727,-0.06191563606262207,0.10960764437913895,0.22444021701812744,0.21270903944969177,0.2801096439361572,0.556032121181488,0.4939650893211365,0.015622735023498535,-0.24468708038330078,0.45492368936538696,0.4063020348548889,-0.11644570529460907,0.08162848651409149,0.08960983157157898,0.0073004961013793945,0.04826352000236511,-0.161371111869812,-0.1252022087574005,0.15843158960342407,0.09814168512821198,0.18089133501052856,-0.2511235773563385,0.0201433002948761,-0.5037919282913208,0.7530942559242249,0.34272781014442444,0.36743611097335815,-0.22205042839050293,0.37350907921791077,-0.08884847164154053,0.12589915096759796,0.12832459807395935,-0.05617021396756172,-0.4523458480834961,0.3168845772743225,0.4348190724849701,-0.24335789680480957,-0.07143247127532959,0.02434951439499855,0.12437742203474045,0.12449236214160919,-0.4810069799423218,-0.19796490669250488,0.25224196910858154,-0.5166343450546265,-0.060577988624572754,-0.5949264168739319,0.1249537467956543,-0.2650604844093323,-0.7023415565490723,0.4826337993144989,0.16864722967147827,0.3523555397987366,-0.35376182198524475,-0.08881597220897675,-0.29901719093322754,0.08353942632675171,0.5171416997909546,0.31051045656204224,0.6034168601036072,-0.30801922082901,0.18787486851215363,0.23891079425811768,0.06938505172729492,-0.3475128412246704,-0.08503419160842896,-0.144076868891716,-0.1918359100818634,-0.11240968108177185,-0.031823039054870605,-0.26001912355422974,-0.08207878470420837,-0.02579250931739807,-0.4129483997821808,-0.026029229164123535,-0.15576627850532532,0.1381620466709137,0.6628462076187134,0.12168377637863159,-0.12113136053085327,-0.7796210050582886,0.18392586708068848
0.241126149892807,-0.3587794303894043,0.03833061456680298,-0.4061300754547119,-0.2926281988620758,-0.07392576336860657,-0.2537250518798828,0.38024836778640747,-0.28308534622192383,-0.09187856316566467,-0.1039692610502243,-0.03401106595993042,-0.0969381332397461,0.004747241735458374,-0.2579296827316284,0.04242202639579773,-0.09094896912574768,0.06304013729095459,-0.05288645625114441,0.1285446286201477,0.23358052968978882,0.21000531315803528,0.25264066457748413,0.5772019028663635,0.4833213686943054,0.011592477560043335,-0.2997347116470337,0.46810853481292725,0.3892028033733368,-0.10195522010326385,0.05271999537944794,0.0667559802532196,-0.008939087390899658,0.06189417839050293,-0.171922504901886,-0.08578965067863464,0.17403192818164825,0.11304862797260284,0.20159423351287842,-0.29237526655197144,0.011969581246376038,-0.48107096552848816,0.7425931692123413,0.3189816474914551,0.3822537660598755,-0.2381930649280548,0.3794199824333191,-0.04215496778488159,0.10170814394950867,0.09292463958263397,-0.030407249927520752,-0.4568786025047302,0.3313080072402954,0.3938411474227905,-0.24626567959785461,-0.09122836589813232,0.03248067572712898,0.1493520438671112,0.12241953611373901,-0.443423867225647,-0.21855664253234863,0.2683679163455963,-0.5189937353134155,-0.03756570816040039,-0.5746396780014038,0.11920565366744995,-0.2674484848976135,-0.6607021689414978,0.4678957164287567,0.16278892755508423,0.33853599429130554,-0.395425945520401,-0.05701359361410141,-0.30082422494888306,0.08911389112472534,0.5347630977630615,0.3509324789047241,0.5825072526931763,-0.2746957540512085,0.1544417440891266,0.21773231029510498,0.06022706627845764,-0.31617605686187744,-0.08067059516906738,-0.15822967886924744,-0.14381688833236694,-0.08418935537338257,-0.040617793798446655,-0.2763402760028839,-0.11524727940559387,-0.03020608425140381,-0.4092620015144348,-0.042517781257629395,-0.14052793383598328,0.10500714182853699,0.624762237071991,0.10027188062667847,-0.09033143520355225,-0.7522854208946228,0.16745638847351074
0.2348291277885437,-0.3614215850830078,0.00251162052154541,-0.46709245443344116,-0.3365476727485657,-0.07932150363922119,-0.2659814953804016,0.3919883966445923,-0.257602721452713,-0.05373179912567139,-0.12562738358974457,-0.012481629848480225,-0.14773795008659363,0.037373870611190796,-0.24525237083435059,0.04060828685760498,-0.139659121632576,0.06557941436767578,-0.06395873427391052,0.1210717186331749,0.22612130641937256,0.2133224606513977,0.2827579975128174,0.5631795525550842,0.5065610408782959,0.024511098861694336,-0.26184067130088806,0.4525376558303833,0.40491893887519836,-0.1227712482213974,0.07729808986186981,0.09308382868766785,0.007890880107879639,0.057243287563323975,-0.16069194674491882,-0.12935608625411987,0.16691935062408447,0.09918582439422607,0.190687358379364,-0.25181740522384644,0.020857736468315125,-0.5005691051483154,0.7499576807022095,0.34786513447761536,0.37068089842796326,-0.2204647958278656,0.37895211577415466,-0.09221512079238892,0.13237741589546204,0.13140404224395752,-0.06491932272911072,-0.452603280544281,0.32306861877441406,0.44065508246421814,-0.23490619659423828,-0.0758357048034668,0.016299549490213394,0.11963824182748795,0.1334872841835022,-0.48213839530944824,-0.2092132568359375,0.26506972312927246,-0.5266262888908386,-0.06504297256469727,-0.6006482243537903,0.1269838809967041,-0.2630724310874939,-0.7018764615058899,0.4912523925304413,0.17060166597366333,0.35639113187789917,-0.3559255003929138,-0.0931822657585144,-0.30098676681518555,0.08841562271118164,0.5255286693572998,0.31030112504959106,0.6065621972084045,-0.30283764004707336,0.1892603635787964,0.23094093799591064,0.06370028853416443,-0.3569915294647217,-0.08005374670028687,-0.15473105013370514,-0.1968945413827896,-0.1170228123664856,-0.025652989745140076,-0.27039825916290283,-0.0768958330154419,-0.02876076102256775,-0.4260512590408325,-0.03396245837211609,-0.14694708585739136,0.13141661882400513,0.6763669848442078,0.12416929006576538,-0.1201445460319519,-0.8003613948822021,0.19007539749145508
0.241126149892807,-0.3587794303894043,0.03833061456680298,-0.4061300754547119,-0.2926281988620758,-0.07392576336860657,-0.2537250518798828,0.38024836778640747,-0.28308534622192383,-0.09187856316566467,-0.1039692610502243,-0.03401106595993042,-0.0969381332397461,0.004747241735458374,-0.2579296827316284,0.04242202639579773,-0.09094896912574768,0.06304013729095459,-0.05288645625114441,0.1285446286201477,0.23358052968978882,0.21000531315803528,0.25264066457748413,0.5772019028663635,0.4833213686943054,0.011592477560043335,-0.2997347116470337,0.46810853481292725,0.3892028033733368,-0.10195522010326385,0.05271999537944794,0.0667559802532196,-0.008939087390899658,0.06189417839050293,-0.171922504901886,-0.08578965067863464,0.17403192818164825,0.11304862797260284,0.20159423351287842,-0.29237526655197144,0.011969581246376038,-0.48107096552848816,0.7425931692123413,0.3189816474914551,0.3822537660598755,-0.2381930649280548,0.3794199824333191,-0.04215496778488159,0.10170814394950867,0.09292463958263397,-0.030407249927520752,-0.4568786025047302,0.3313080072402954,0.3938411474227905,-0.24626567959785461,-0.09122836589813232,0.03248067572712898,0.1493520438671112,0.12241953611373901,-0.443423867225647,-0.21855664253234863,0.2683679163455963,-0.5189937353134155,-0.03756570816040039,-0.5746396780014038,0.11920565366744995,-0.2674484848976135,-0.6607021689414978,0.4678957164287567,0.16278892755508423,0.33853599429130554,-0.395425945520401,-0.05701359361410141,-0.30082422494888306,0.08911389112472534,0.5347630977630615,0.3509324789047241,0.5825072526931763,-0.2746957540512085,0.1544417440891266,0.21773231029510498,0.06022706627845764,-0.31617605686187744,-0.08067059516906738,-0.15822967886924744,-0.14381688833236694,-0.08418935537338257,-0.040617793798446655,-0.2763402760028839,-0.11524727940559387,-0.03020608425140381,-0.4092620015144348,-0.042517781257629395,-0.14052793383598328,0.10500714182853699,0.624762237071991,0.10027188062667847,-0.09033143520355225,-0.7522854208946228,0.16745638847351074
0.24718886613845825,-0.33205553889274597,-0.006592452526092529,-0.4399217665195465,-0.3258252739906311,-0.0875217616558075,-0.24256020784378052,0.38535261154174805,-0.25796204805374146,-0.05139914155006409,-0.122573122382164,-0.02347511053085327,-0.17110145092010498,0.030309021472930908,-0.21013987064361572,0.02667754888534546,-0.12820562720298767,0.041309237480163574,-0.05637887120246887,0.10261618345975876,0.21265265345573425,0.2021728903055191,0.28501713275909424,0.5366141200065613,0.4751931428909302,0.008910417556762695,-0.20855197310447693,0.4531501531600952,0.4123862385749817,-0.09239299595355988,0.08432553708553314,0.08947485685348511,-0.003913938999176025,0.02633190155029297,-0.17480137944221497,-0.11483433842658997,0.15811850130558014,0.11333373188972473,0.1513729691505432,-0.25635412335395813,0.01493816077709198,-0.5204809904098511,0.762080192565918,0.32997000217437744,0.3759368360042572,-0.22885864973068237,0.37080079317092896,-0.08435982465744019,0.11343912780284882,0.10974130034446716,-0.0304478257894516,-0.46641290187835693,0.3072182536125183,0.43393489718437195,-0.25012439489364624,-0.05894431471824646,0.040937233716249466,0.1302330195903778,0.09471309185028076,-0.49708402156829834,-0.1822822093963623,0.23192167282104492,-0.5035592317581177,-0.054613351821899414,-0.5962673425674438,0.1251179575920105,-0.2740972340106964,-0.71839839220047,0.46980321407318115,0.164120614528656,0.3491213917732239,-0.3574681282043457,-0.08709560334682465,-0.3088143467903137,0.07749837636947632,0.5205796957015991,0.32149428129196167,0.6000763177871704,-0.3169770836830139,0.16763952374458313,0.2781771421432495,0.07421502470970154,-0.3563516139984131,-0.08011138439178467,-0.10936391353607178,-0.16459517180919647,-0.0928967297077179,-0.04315829277038574,-0.23984932899475098,-0.08994778990745544,-0.021541237831115723,-0.3957422375679016,-0.006535589694976807,-0.17601481080055237,0.14983826875686646,0.6457282900810242,0.11374291777610779,-0.13364195823669434,-0.7606788873672485,0.18758797645568848
0.2253599762916565,-0.34800809621810913,0.0054587721824646,-0.44874072074890137,-0.33099672198295593,-0.06418079137802124,-0.2667996883392334,0.3963134288787842,-0.2522099018096924,-0.06230968236923218,-0.1094169020652771,-0.015197992324829102,-0.1417798101902008,0.03746753931045532,-0.2498859167098999,0.04780590534210205,-0.11481170356273651,0.04849284887313843,-0.06660503149032593,0.10394426435232162,0.22240957617759705,0.21332406997680664,0.2751530408859253,0.5433852672576904,0.4887576103210449,0.005063563585281372,-0.2472291886806488,0.4575279951095581,0.3960053622722626,-0.12453658878803253,0.08590684831142426,0.08480486273765564,0.00991523265838623,0.0386883020401001,-0.15629616379737854,-0.1253209114074707,0.15424373745918274,0.0858115404844284,0.18953049182891846,-0.24926818907260895,0.03681987524032593,-0.5123448371887207,0.7500476241111755,0.3446953296661377,0.35677748918533325,-0.22557786107063293,0.3670058846473694,-0.08712422847747803,0.12824338674545288,0.12980207800865173,-0.07238855957984924,-0.44857257604599,0.3214893639087677,0.43263357877731323,-0.2507774829864502,-0.06518909335136414,0.030905533581972122,0.1315995454788208,0.12963855266571045,-0.46135079860687256,-0.19330263137817383,0.252025306224823,-0.5140641927719116,-0.05150282382965088,-0.5800006985664368,0.1297471523284912,-0.26220810413360596,-0.6931626796722412,0.4664074182510376,0.1600860357284546,0.34566810727119446,-0.3579266667366028,-0.07887090742588043,-0.2994072437286377,0.07053273916244507,0.5059236288070679,0.314563512802124,0.5938930511474609,-0.3100782632827759,0.19576996564865112,0.23857104778289795,0.08164346218109131,-0.3297276496887207,-0.08166772127151489,-0.1546982377767563,-0.20727017521858215,-0.11210227012634277,-0.03705596923828125,-0.249564066529274,-0.07926911115646362,-0.02192184329032898,-0.4064393639564514,-0.03133663535118103,-0.14909949898719788,0.13882458209991455,0.6658143401145935,0.10567063093185425,-0.1284160017967224,-0.769278883934021,0.17508792877197266
0.22603663802146912,-0.3541835844516754,-0.006154954433441162,-0.47897735238075256,-0.3476717174053192,-0.08019882440567017,-0.26646944880485535,0.39191311597824097,-0.24734243750572205,-0.04404148459434509,-0.12985648214817047,-0.008657634258270264,-0.16364359855651855,0.04103201627731323,-0.24036085605621338,0.03989437222480774,-0.15105310082435608,0.060340821743011475,-0.0659608542919159,0.10568369179964066,0.22202414274215698,0.21462418138980865,0.28634804487228394,0.5532758235931396,0.5043309926986694,0.020587503910064697,-0.23656803369522095,0.45090752840042114,0.4088820219039917,-0.1274988204240799,0.09164617955684662,0.09568378329277039,0.014986693859100342,0.0494154691696167,-0.1555490493774414,-0.14175522327423096,0.15632264316082,0.08852972090244293,0.18134582042694092,-0.23472848534584045,0.024912849068641663,-0.5058425664901733,0.7517937421798706,0.3547973036766052,0.3613615036010742,-0.21491870284080505,0.3737870454788208,-0.10527944564819336,0.1405848115682602,0.1434631645679474,-0.07177431881427765,-0.44739532470703125,0.3125976026058197,0.45013514161109924,-0.2382638156414032,-0.0699949860572815,0.01863393560051918,0.11210320144891739,0.1336037814617157,-0.49173688888549805,-0.1952446699142456,0.2538871169090271,-0.5210443139076233,-0.07208478450775146,-0.601746678352356,0.12698078155517578,-0.25920361280441284,-0.7127041220664978,0.49383604526519775,0.17064505815505981,0.35705822706222534,-0.3392828702926636,-0.09942637383937836,-0.29826784133911133,0.0858049988746643,0.5135067105293274,0.29438650608062744,0.610426664352417,-0.316234827041626,0.20091523230075836,0.23691821098327637,0.06933251023292542,-0.3585919141769409,-0.08456581830978394,-0.1475522369146347,-0.2147887796163559,-0.12256801128387451,-0.025464072823524475,-0.2593868374824524,-0.06933185458183289,-0.025739341974258423,-0.4191572666168213,-0.026278257369995117,-0.1525176465511322,0.1445307433605194,0.6826271414756775,0.13048547506332397,-0.12755316495895386,-0.7958055138587952,0.19246268272399902
0.24152514338493347,-0.3588523268699646,0.038811326026916504,-0.40478554368019104,-0.29229971766471863,-0.07440999150276184,-0.2532491385936737,0.38005608320236206,-0.2839753031730652,-0.09247395396232605,-0.10384052991867065,-0.03495281934738159,-0.09798678755760193,0.002238661050796509,-0.2577916383743286,0.04276737570762634,-0.09044747054576874,0.06201577186584473,-0.05208352208137512,0.12674623727798462,0.23494815826416016,0.211078941822052,0.25249165296554565,0.578369677066803,0.48187440633773804,0.009899049997329712,-0.2974421977996826,0.4701976776123047,0.3902488052845001,-0.10093237459659576,0.05311034619808197,0.06620219349861145,-0.008932173252105713,0.060454607009887695,-0.1727130115032196,-0.08411914110183716,0.1729165017604828,0.11364050209522247,0.20057064294815063,-0.2935461699962616,0.010908916592597961,-0.4826599657535553,0.7455968856811523,0.3192840814590454,0.38370251655578613,-0.23986351490020752,0.37975749373435974,-0.04065597057342529,0.10041627287864685,0.09223508834838867,-0.02759028971195221,-0.4589945673942566,0.3313972055912018,0.3933042287826538,-0.24861431121826172,-0.09115225076675415,0.03393055871129036,0.15140753984451294,0.1213148832321167,-0.4438002109527588,-0.2167654037475586,0.26705262064933777,-0.5182609558105469,-0.0364152193069458,-0.5749304890632629,0.11924540996551514,-0.26856523752212524,-0.6620218753814697,0.46697720885276794,0.16232633590698242,0.33894240856170654,-0.3972656726837158,-0.05610828101634979,-0.30088722705841064,0.0891309380531311,0.5350726842880249,0.35235798358917236,0.5834556221961975,-0.27631595730781555,0.15424883365631104,0.21963179111480713,0.06057804822921753,-0.31416594982147217,-0.08199429512023926,-0.15711407363414764,-0.14154532551765442,-0.08309447765350342,-0.04234917461872101,-0.27478769421577454,-0.11723151803016663,-0.029723674058914185,-0.407934308052063,-0.040885359048843384,-0.14327159523963928,0.1063866913318634,0.6231657266616821,0.1001313328742981,-0.09100073575973511,-0.7499189376831055,0.1664257049560547
0.241126149892807,-0.3587794303894043,0.03833061456680298,-0.4061300754547119,-0.2926281988620758,-0.07392576336860657,-0.2537250518798828,0.38024836778640747,-0.28308534622192383,-0.09187856316566467,-0.1039692610502243,-0.03401106595993042,-0.0969381332397461,0.004747241735458374,-0.2579296827316284,0.04242202639579773,-0.09094896912574768,0.06304013729095459,-0.05288645625114441,0.1285446286201477,0.23358052968978882,0.21000531315803528,0.25264066457748413,0.5772019028663635,0.4833213686943054,0.011592477560043335,-0.2997347116470337,0.46810853481292725,0.3892028033733368,-0.10195522010326385,0.05271999537944794,0.0667559802532196,-0.008939087390899658,0.06189417839050293,-0.171922504901886,-0.08578965067863464,0.17403192818164825,0.11304862797260284,0.20159423351287842,-0.29237526655197144,0.011969581246376038,-0.48107096552848816,0.7425931692123413,0.3189816474914551,0.3822537660598755,-0.2381930649280548,0.3794199824333191,-0.04215496778488159,0.10170814394950867,0.09292463958263397,-0.030407249927520752,-0.4568786025047302,0.3313080072402954,0.3938411474227905,-0.24626567959785461,-0.09122836589813232,0.03248067572712898,0.1493520438671112,0.12241953611373901,-0.443423867225647,-0.21855664253234863,0.2683679163455963,-0.5189937353134155,-0.03756570816040039,-0.5746396780014038,0.11920565366744995,-0.2674484848976135,-0.6607021689414978,0.4678957164287567,0.16278892755508423,0.33853599429130554,-0.395425945520401,-0.05701359361410141,-0.30082422494888306,0.08911389112472534,0.5347630977630615,0.3509324789047241,0.5825072526931763,-0.2746957540512085,0.1544417440891266,0.21773231029510498,0.06022706627845764,-0.31617605686187744,-0.08067059516906738,-0.15822967886924744,-0.14381688833236694,-0.08418935537338257,-0.040617793798446655,-0.2763402760028839,-0.11524727940559387,-0.03020608425140381,-0.4092620015144348,-0.042517781257629395,-0.14052793383598328,0.10500714182853699,0.624762237071991,0.10027188062667847,-0.09033143520355225,-0.7522854208946228,0.16745638847351074
0.241126149892807,-0.3587794303894043,0.03833061456680298,-0.4061300754547119,-0.2926281988620758,-0.07392576336860657,-0.2537250518798828,0.38024836778640747,-0.28308534622192383,-0.09187856316566467,-0.1039692610502243,-0.03401106595993042,-0.0969381332397461,0.004747241735458374,-0.2579296827316284,0.04242202639579773,-0.09094896912574768,0.06304013729095459,-0.05288645625114441,0.1285446286201477,0.23358052968978882,0.21000531315803528,0.25264066457748413,0.5772019028663635,0.4833213686943054,0.011592477560043335,-0.2997347116470337,0.46810853481292725,0.3892028033733368,-0.10195522010326385,0.05271999537944794,0.0667559802532196,-0.008939087390899658,0.06189417839050293,-0.171922504901886,-0.08578965067863464,0.17403192818164825,0.11304862797260284,0.20159423351287842,-0.29237526655197144,0.011969581246376038,-0.48107096552848816,0.7425931692123413,0.3189816474914551,0.3822537660598755,-0.2381930649280548,0.3794199824333191,-0.04215496778488159,0.10170814394950867,0.09292463958263397,-0.030407249927520752,-0.4568786025047302,0.3313080072402954,0.3938411474227905,-0.24626567959785461,-0.09122836589813232,0.03248067572712898,0.1493520438671112,0.12241953611373901,-0.443423867225647,-0.21855664253234863,0.2683679163455963,-0.5189937353134155,-0.03756570816040039,-0.5746396780014038,0.11920565366744995,-0.2674484848976135,-0.6607021689414978,0.4678957164287567,0.16278892755508423,0.33853599429130554,-0.395425945520401,-0.05701359361410141,-0.30082422494888306,0.08911389112472534,0.5347630977630615,0.3509324789047241,0.5825072526931763,-0.2746957540512085,0.1544417440891266,0.21773231029510498,0.06022706627845764,-0.31617605686187744,-0.08067059516906738,-0.15822967886924744,-0.14381688833236694,-0.08418935537338257,-0.040617793798446655,-0.2763402760028839,-0.11524727940559387,-0.03020608425140381,-0.4092620015144348,-0.042517781257629395,-0.14052793383598328,0.10500714182853699,0.624762237071991,0.10027188062667847,-0.09033143520355225,-0.7522854208946228,0.16745638847351074
0.24518552422523499,-0.3336089551448822,0.01088106632232666,-0.416901558637619,-0.3073078691959381,-0.08599355816841125,-0.23910444974899292,0.38032710552215576,-0.2682633697986603,-0.07131758332252502,-0.11453936994075775,-0.031169593334197998,-0.14159947633743286,0.01506495475769043,-0.22270548343658447,0.027487456798553467,-0.11157916486263275,0.043855100870132446,-0.05320999026298523,0.1090225800871849,0.21641325950622559,0.20090076327323914,0.2683901786804199,0.5465419292449951,0.47167620062828064,0.007142603397369385,-0.23553970456123352,0.45881563425064087,0.4038480222225189,-0.08785955607891083,0.07241199910640717,0.07818254828453064,-0.0074713826179504395,0.035995036363601685,-0.17617279291152954,-0.10074922442436218,0.16189491748809814,0.11499671638011932,0.16067421436309814,-0.270187109708786,0.010579943656921387,-0.5030359625816345,0.7541605234146118,0.3195159435272217,0.3785305619239807,-0.23158219456672668,0.3748941719532013,-0.06219470500946045,0.10522671043872833,0.09891532361507416,-0.01924438774585724,-0.46197420358657837,0.3086259067058563,0.4147205054759979,-0.24983477592468262,-0.07305961847305298,0.042726222425699234,0.13892322778701782,0.09458771347999573,-0.478456974029541,-0.1911565065383911,0.23629958927631378,-0.5033929347991943,-0.04615747928619385,-0.5843346118927002,0.11966091394424438,-0.2713988721370697,-0.696325957775116,0.46842336654663086,0.16316312551498413,0.3408876657485962,-0.3708765506744385,-0.07007238268852234,-0.30764806270599365,0.08408218622207642,0.5246928930282593,0.3336911201477051,0.5890774726867676,-0.2999054193496704,0.15225563943386078,0.2617582082748413,0.06877574324607849,-0.33983147144317627,-0.08099263906478882,-0.11641371250152588,-0.14665578305721283,-0.08021122217178345,-0.04649876058101654,-0.2484167516231537,-0.10560005903244019,-0.02272123098373413,-0.39168646931648254,-0.016295582056045532,-0.1661025583744049,0.1318742334842682,0.6270178556442261,0.10769137740135193,-0.11173874139785767,-0.7435312271118164,0.17994427680969238
0.24020400643348694,-0.34928709268569946,-0.011317133903503418,-0.469148725271225,-0.3416637182235718,-0.07989144325256348,-0.26200437545776367,0.39468950033187866,-0.24971121549606323,-0.043632954359054565,-0.12757021188735962,-0.010274410247802734,-0.16850173473358154,0.049242377281188965,-0.2311868667602539,0.03753352165222168,-0.14264284074306488,0.054798007011413574,-0.06600755453109741,0.11565785855054855,0.2169433832168579,0.2091352492570877,0.2917996048927307,0.5456668138504028,0.4993584454059601,0.02121412754058838,-0.23525425791740417,0.4477970004081726,0.40871161222457886,-0.11865364015102386,0.08453123271465302,0.09972825646400452,0.0055024027824401855,0.04230645298957825,-0.16420871019363403,-0.13477742671966553,0.16498450934886932,0.10122200846672058,0.1760682463645935,-0.24427035450935364,0.024109244346618652,-0.5162616968154907,0.7537686824798584,0.3474994897842407,0.369205117225647,-0.21962527930736542,0.3749856650829315,-0.10294944047927856,0.13315480947494507,0.1310666799545288,-0.06454145908355713,-0.4592199921607971,0.31867116689682007,0.44978994131088257,-0.23683154582977295,-0.06278297305107117,0.022367332130670547,0.11587453633546829,0.12129451334476471,-0.492931604385376,-0.19833672046661377,0.25443217158317566,-0.519789457321167,-0.06531190872192383,-0.6028192639350891,0.12882322072982788,-0.2672824263572693,-0.716221272945404,0.484919011592865,0.16942763328552246,0.35736578702926636,-0.34978342056274414,-0.09852515161037445,-0.30426472425460815,0.08040398359298706,0.5216089487075806,0.3078582286834717,0.606400191783905,-0.314647376537323,0.18957148492336273,0.25310981273651123,0.06995832920074463,-0.36702752113342285,-0.07664161920547485,-0.13814939558506012,-0.19871772825717926,-0.11515262722969055,-0.02952350676059723,-0.2552946209907532,-0.0686003565788269,-0.025499790906906128,-0.42022883892059326,-0.02366173267364502,-0.1570385992527008,0.14331325888633728,0.6804462671279907,0.12120532989501953,-0.13649195432662964,-0.7999743223190308,0.1938467025756836
0.23204165697097778,-0.3552784323692322,0.011035263538360596,-0.45658251643180847,-0.3343030512332916,-0.07863658666610718,-0.26456910371780396,0.39115670323371887,-0.2630714476108551,-0.05876484513282776,-0.12000690400600433,-0.021260201930999756,-0.1503792703151703,0.023062169551849365,-0.24586308002471924,0.04151850938796997,-0.1261770874261856,0.05613330006599426,-0.059810638427734375,0.09994284063577652,0.23070642352104187,0.2198168933391571,0.27818548679351807,0.566936731338501,0.4952654540538788,0.008252441883087158,-0.24526894092559814,0.46933382749557495,0.41050103306770325,-0.11646680533885956,0.08793877065181732,0.08105283975601196,0.00843667984008789,0.04270213842391968,-0.16376864910125732,-0.12009537220001221,0.15535856783390045,0.09414827823638916,0.18490570783615112,-0.2595360279083252,0.02409052848815918,-0.5135155916213989,0.7669762372970581,0.3480299413204193,0.3710285723209381,-0.2306390255689621,0.37509047985076904,-0.08309173583984375,0.12319862842559814,0.12589651346206665,-0.054488155990839005,-0.45878612995147705,0.32031333446502686,0.4335198998451233,-0.2577695846557617,-0.07190072536468506,0.03231917694211006,0.13446477055549622,0.12931641936302185,-0.48390233516693115,-0.19262158870697021,0.2542661130428314,-0.5229913592338562,-0.05778932571411133,-0.598495602607727,0.12781035900115967,-0.26841622591018677,-0.7083349823951721,0.48333823680877686,0.16653776168823242,0.35418057441711426,-0.36462217569351196,-0.08454704284667969,-0.3024483919143677,0.07955420017242432,0.5215846300125122,0.3190733790397644,0.6122323274612427,-0.3163225054740906,0.19294558465480804,0.24364173412322998,0.07454511523246765,-0.33653557300567627,-0.09076571464538574,-0.14748714864253998,-0.19594772160053253,-0.10865697264671326,-0.03631170094013214,-0.25924402475357056,-0.0911121666431427,-0.025203078985214233,-0.4093819558620453,-0.02263730764389038,-0.1607939898967743,0.14427274465560913,0.6645328402519226,0.12036287784576416,-0.1218792200088501,-0.7749144434928894,0.1795635223388672
0.24158546328544617,-0.3421752154827118,0.004032015800476074,-0.4407236576080322,-0.32433244585990906,-0.07988160848617554,-0.2522968649864197,0.3902934193611145,-0.26273369789123535,-0.06240275502204895,-0.1162843108177185,-0.023864328861236572,-0.15205806493759155,0.02831822633743286,-0.22969532012939453,0.034394532442092896,-0.11906228959560394,0.046764761209487915,-0.05902013182640076,0.1078491285443306,0.21939745545387268,0.2069198191165924,0.27820175886154175,0.5500071048736572,0.4849183261394501,0.00868883728981018,-0.23559609055519104,0.4610503911972046,0.40703365206718445,-0.10305066406726837,0.08158956468105316,0.08322641253471375,-0.0005370378494262695,0.035194337368011475,-0.1703953742980957,-0.11466333270072937,0.16134193539619446,0.1056177169084549,0.1703450083732605,-0.2617141306400299,0.02074301242828369,-0.5151720643043518,0.7615441083908081,0.33439022302627563,0.37484028935432434,-0.23000775277614594,0.37530794739723206,-0.07764065265655518,0.1175215095281601,0.11364665627479553,-0.04242934286594391,-0.46290314197540283,0.31616342067718506,0.4313878118991852,-0.2510538697242737,-0.06834927201271057,0.03823432698845863,0.1345551311969757,0.10834901034832001,-0.4840489625930786,-0.19224905967712402,0.24442534148693085,-0.5134407877922058,-0.05203735828399658,-0.5929118394851685,0.12602108716964722,-0.27127212285995483,-0.7084596753120422,0.4751594066619873,0.16481828689575195,0.34962522983551025,-0.3656986653804779,-0.07916538417339325,-0.3092784881591797,0.07889944314956665,0.5237377285957336,0.3265206813812256,0.600157618522644,-0.3102357089519501,0.17318376898765564,0.26021838188171387,0.07438981533050537,-0.3462165594100952,-0.08092361688613892,-0.12937602400779724,-0.1755436658859253,-0.09523379802703857,-0.041498273611068726,-0.25044453144073486,-0.0927400290966034,-0.022905439138412476,-0.40357863903045654,-0.020089328289031982,-0.16309216618537903,0.1407742202281952,0.6532389521598816,0.11090254783630371,-0.124092698097229,-0.7671533823013306,0.184661865234375
0.20964178442955017,-0.3593256175518036,0.004612743854522705,-0.4726126194000244,-0.34534236788749695,-0.0643492341041565,-0.2775780260562897,0.39349600672721863,-0.2439098358154297,-0.05254119634628296,-0.11765863001346588,-0.006480872631072998,-0.14556050300598145,0.03738775849342346,-0.26291000843048096,0.05365985631942749,-0.13664111495018005,0.06036442518234253,-0.06945663690567017,0.09777399152517319,0.22872185707092285,0.22231927514076233,0.2762414813041687,0.5531652569770813,0.5005229711532593,0.011459320783615112,-0.2517344653606415,0.45494240522384644,0.39743664860725403,-0.14393644034862518,0.09246031939983368,0.0893876850605011,0.02265244722366333,0.05185285210609436,-0.14492493867874146,-0.14124715328216553,0.1478453129529953,0.07191351056098938,0.20126014947891235,-0.23191027343273163,0.03702947497367859,-0.500645101070404,0.7441896200180054,0.3591088056564331,0.3478188216686249,-0.21629300713539124,0.3655228912830353,-0.10179382562637329,0.14250941574573517,0.15044370293617249,-0.08906151354312897,-0.436489999294281,0.31898313760757446,0.4397369921207428,-0.2450293004512787,-0.07111367583274841,0.017934594303369522,0.1183001920580864,0.1511010378599167,-0.4630328416824341,-0.1949145793914795,0.2592552900314331,-0.5184492468833923,-0.06445884704589844,-0.5846309661865234,0.12791985273361206,-0.2528541684150696,-0.6913560628890991,0.48021113872528076,0.16493290662765503,0.3501906991004944,-0.34076350927352905,-0.08921430259943008,-0.2872663140296936,0.07774507999420166,0.4973474442958832,0.2917351722717285,0.6015474200248718,-0.3127443194389343,0.21649739146232605,0.2145320177078247,0.07639586925506592,-0.32907426357269287,-0.08987712860107422,-0.17147961258888245,-0.232413187623024,-0.1307932734489441,-0.026622474193572998,-0.2586601972579956,-0.06757155060768127,-0.024673283100128174,-0.4164878726005554,-0.0363922119140625,-0.14209404587745667,0.14036697149276733,0.6806038618087769,0.12153774499893188,-0.12467259168624878,-0.7823453545570374,0.17724132537841797
0.22245904803276062,-0.33731234073638916,0.00010067224502563477,-0.4484638571739197,-0.33541038632392883,-0.06887835264205933,-0.26147085428237915,0.39169445633888245,-0.24759283661842346,-0.05455732345581055,-0.11239774525165558,-0.016775965690612793,-0.1605527698993683,0.03232058882713318,-0.23890888690948486,0.0442139208316803,-0.12071850895881653,0.039563149213790894,-0.06445327401161194,0.08580810576677322,0.2193831205368042,0.21484659612178802,0.2786039710044861,0.5358230471611023,0.47748497128486633,-0.0032254457473754883,-0.2155573070049286,0.4601128101348877,0.40397465229034424,-0.11944340169429779,0.09715376794338226,0.08476200699806213,0.011563599109649658,0.026261448860168457,-0.15802612900733948,-0.1272704005241394,0.142734095454216,0.08369733393192291,0.1734578013420105,-0.24219495058059692,0.0338548868894577,-0.5212914943695068,0.7582926154136658,0.34433993697166443,0.35443082451820374,-0.2258065640926361,0.36140772700309753,-0.09262293577194214,0.1255761682987213,0.131368488073349,-0.062379706650972366,-0.45127952098846436,0.3112236559391022,0.4345625042915344,-0.2604464888572693,-0.05747109651565552,0.039753202348947525,0.13151133060455322,0.12013812363147736,-0.47283124923706055,-0.1751561164855957,0.2360614538192749,-0.5041329860687256,-0.053005099296569824,-0.582322359085083,0.1281794309616089,-0.26521676778793335,-0.7054288983345032,0.4631858468055725,0.15957337617874146,0.34566643834114075,-0.34936103224754333,-0.0810764729976654,-0.2969050407409668,0.06618911027908325,0.4972386658191681,0.308289110660553,0.5979917645454407,-0.3244037628173828,0.19921842217445374,0.25370073318481445,0.08684322237968445,-0.32633495330810547,-0.08949911594390869,-0.1375792771577835,-0.20690658688545227,-0.10997334122657776,-0.04295843839645386,-0.23568738996982574,-0.08063927292823792,-0.018209218978881836,-0.393708735704422,-0.016298964619636536,-0.16506752371788025,0.15410050749778748,0.6584866046905518,0.11032825708389282,-0.13528716564178467,-0.7531758546829224,0.17328858375549316
0.2478030025959015,-0.3358839154243469,0.0068852901458740234,-0.4240289330482483,-0.3139438331127167,-0.08247026801109314,-0.24384215474128723,0.3870091438293457,-0.2676239311695099,-0.06729894876480103,-0.11345982551574707,-0.029356539249420166,-0.14944198727607727,0.02160733938217163,-0.22349369525909424,0.030618339776992798,-0.11021055281162262,0.041532039642333984,-0.05554071068763733,0.10804799944162369,0.21834346652030945,0.20363569259643555,0.2749254107475281,0.5459158420562744,0.47438329458236694,0.004456877708435059,-0.23121234774589539,0.46190106868743896,0.40708479285240173,-0.09065406024456024,0.07650832831859589,0.08080500364303589,-0.006993114948272705,0.029949545860290527,-0.17619305849075317,-0.10289126634597778,0.1611352115869522,0.11354866623878479,0.1622743010520935,-0.2709948718547821,0.016116023063659668,-0.5165053606033325,0.7634968161582947,0.32478708028793335,0.379060298204422,-0.2349151074886322,0.3746320605278015,-0.06786251068115234,0.10659947991371155,0.10204584896564484,-0.026372253894805908,-0.46781647205352783,0.31473296880722046,0.4219280481338501,-0.255077064037323,-0.06621208786964417,0.04423809424042702,0.14177536964416504,0.0962836891412735,-0.4810682535171509,-0.18909192085266113,0.2380428910255432,-0.5072836875915527,-0.04439437389373779,-0.5886536836624146,0.12432867288589478,-0.27554380893707275,-0.7053422927856445,0.4660668671131134,0.16268855333328247,0.3452308177947998,-0.37368032336235046,-0.07313555479049683,-0.31049102544784546,0.07719284296035767,0.5255990028381348,0.33621907234191895,0.5948108434677124,-0.3079361915588379,0.16101224720478058,0.26949799060821533,0.07485714554786682,-0.34147393703460693,-0.08055537939071655,-0.11891239881515503,-0.15582333505153656,-0.08532100915908813,-0.04795372486114502,-0.24548734724521637,-0.10123831033706665,-0.021511942148208618,-0.3946235775947571,-0.015064716339111328,-0.17006877064704895,0.13883134722709656,0.6372424364089966,0.10488522052764893,-0.12257254123687744,-0.7518180012702942,0.17957043647766113
0.2275288701057434,-0.34910666942596436,-0.0011124610900878906,-0.4586699604988098,-0.3379959762096405,-0.06933087110519409,-0.26623183488845825,0.3950825333595276,-0.2505629062652588,-0.05394536256790161,-0.11708354949951172,-0.012634992599487305,-0.15627947449684143,0.038942813873291016,-0.24546492099761963,0.04712432622909546,-0.12734554708003998,0.04979947209358215,-0.06609722971916199,0.1019916906952858,0.22245723009109497,0.21543100476264954,0.2815725803375244,0.5464136600494385,0.4918670952320099,0.007569313049316406,-0.23659735918045044,0.4577977657318115,0.4034070074558258,-0.12540380656719208,0.08982770144939423,0.08975470066070557,0.010542571544647217,0.038181811571121216,-0.15817692875862122,-0.1304517388343811,0.1540045589208603,0.08806112408638,0.18433737754821777,-0.243993878364563,0.031622618436813354,-0.5165185928344727,0.7557498812675476,0.3486440181732178,0.36052003502845764,-0.2238471508026123,0.36927130818367004,-0.09561723470687866,0.13080589473247528,0.13395193219184875,-0.06910760700702667,-0.4535675048828125,0.3200228214263916,0.43999698758125305,-0.24981504678726196,-0.0634295642375946,0.030080128461122513,0.12598007917404175,0.1276993751525879,-0.47442400455474854,-0.19060492515563965,0.25093981623649597,-0.5147740840911865,-0.05684542655944824,-0.589220404624939,0.12894314527511597,-0.2642863392829895,-0.7049210667610168,0.4743991494178772,0.16425544023513794,0.3512831926345825,-0.3529680371284485,-0.08567441999912262,-0.2989915609359741,0.07356208562850952,0.509053111076355,0.3095998764038086,0.6014131903648376,-0.3172723948955536,0.19924196600914001,0.24392271041870117,0.0787460207939148,-0.3393779993057251,-0.08415549993515015,-0.14868177473545074,-0.20809124410152435,-0.11556357145309448,-0.03607192635536194,-0.2494381219148636,-0.07530361413955688,-0.02276518940925598,-0.4109949767589569,-0.026406079530715942,-0.15599307417869568,0.14488258957862854,0.6729183793067932,0.11315831542015076,-0.13340920209884644,-0.7783583998680115,0.18155264854431152
0.24396756291389465,-0.3445926010608673,0.0018777251243591309,-0.4456216096878052,-0.32551249861717224,-0.08377885818481445,-0.2509196400642395,0.38785654306411743,-0.2626330554485321,-0.058079540729522705,-0.12159930169582367,-0.022287964820861816,-0.15501642227172852,0.029100239276885986,-0.22718775272369385,0.032882869243621826,-0.12700848281383514,0.051306694746017456,-0.057793229818344116,0.11252293735742569,0.21928390860557556,0.2067680060863495,0.2800307273864746,0.5524996519088745,0.48850682377815247,0.01424834132194519,-0.23659276962280273,0.45772314071655273,0.4084099531173706,-0.10253576934337616,0.0794939249753952,0.08627575635910034,-0.00180739164352417,0.04054710268974304,-0.17143943905830383,-0.1159953773021698,0.1638515144586563,0.10869859158992767,0.16890877485275269,-0.2602875828742981,0.015614151954650879,-0.5106438398361206,0.758769154548645,0.3345269560813904,0.37707656621932983,-0.228291317820549,0.3773069977760315,-0.08106261491775513,0.11903418600559235,0.11417171359062195,-0.04108560085296631,-0.46280455589294434,0.31524643301963806,0.4334772229194641,-0.24533915519714355,-0.06917428970336914,0.03433747962117195,0.12957385182380676,0.1089823842048645,-0.4890613555908203,-0.1950310468673706,0.24716651439666748,-0.5153968334197998,-0.05598104000091553,-0.5974718928337097,0.12488418817520142,-0.27048784494400024,-0.7099347114562988,0.48101577162742615,0.1672237515449524,0.3521040081977844,-0.3628884255886078,-0.08452680706977844,-0.3085821270942688,0.0836896300315857,0.5271438360214233,0.3233947157859802,0.601933479309082,-0.30833700299263,0.17222732305526733,0.25767529010772705,0.06883195042610168,-0.3543308973312378,-0.07965409755706787,-0.12840226292610168,-0.1729482114315033,-0.0975462794303894,-0.03788544237613678,-0.2550346255302429,-0.09087604284286499,-0.024683654308319092,-0.4085901975631714,-0.020238548517227173,-0.16246792674064636,0.13923221826553345,0.6552606225013733,0.11633950471878052,-0.1229088306427002,-0.7745790481567383,0.1886284351348877
0.2212507426738739,-0.35995733737945557,0.03421986103057861,-0.42994511127471924,-0.31222909688949585,-0.07126295566558838,-0.26271873712539673,0.38093817234039307,-0.2708204686641693,-0.08111456036567688,-0.10753875970840454,-0.027596652507781982,-0.11054292321205139,0.004043877124786377,-0.26547741889953613,0.04751059412956238,-0.1069345623254776,0.061893582344055176,-0.05666479468345642,0.10493048280477524,0.23660051822662354,0.21974831819534302,0.2550126910209656,0.5764279961585999,0.48758840560913086,0.005511879920959473,-0.27859312295913696,0.47200947999954224,0.39444926381111145,-0.11875967681407928,0.07301001250743866,0.06769290566444397,0.006563365459442139,0.05907338857650757,-0.15901556611061096,-0.10478690266609192,0.15614382922649384,0.09020364284515381,0.20195919275283813,-0.26959484815597534,0.020215481519699097,-0.4843222498893738,0.7476569414138794,0.33544832468032837,0.3666905164718628,-0.23167647421360016,0.37274694442749023,-0.059462666511535645,0.11650368571281433,0.11729401350021362,-0.04942474141716957,-0.4450099468231201,0.3212956488132477,0.40619897842407227,-0.2547222971916199,-0.08830296993255615,0.03110891953110695,0.14161339402198792,0.1368829905986786,-0.4500131607055664,-0.20285749435424805,0.2607050836086273,-0.5181568264961243,-0.04760754108428955,-0.5773621201515198,0.12041401863098145,-0.2599366009235382,-0.6704051494598389,0.47551506757736206,0.16385644674301147,0.3417432904243469,-0.3739174008369446,-0.0652301162481308,-0.2925678491592407,0.08656400442123413,0.5164622068405151,0.32633697986602783,0.593384861946106,-0.2920851707458496,0.1820182353258133,0.2100811004638672,0.06782162189483643,-0.30827438831329346,-0.0931171178817749,-0.16504207253456116,-0.18054017424583435,-0.10057342052459717,-0.03721614181995392,-0.2697448432445526,-0.10592156648635864,-0.0275915265083313,-0.4053267240524292,-0.038461536169052124,-0.14303457736968994,0.12121650576591492,0.6384575366973877,0.11292028427124023,-0.09523415565490723,-0.7500891089439392,0.16581273078918457
0.23488718271255493,-0.3578968048095703,0.0022443532943725586,-0.46498820185661316,-0.3356122076511383,-0.07955527305603027,-0.26422709226608276,0.3920867443084717,-0.2573103606700897,-0.05437549948692322,-0.12410241365432739,-0.01381593942642212,-0.14907735586166382,0.0377216637134552,-0.242789626121521,0.0395449697971344,-0.13850140571594238,0.06307011842727661,-0.06408202648162842,0.11987794190645218,0.2240927517414093,0.21150429546833038,0.28221869468688965,0.5608325004577637,0.5035398006439209,0.02287912368774414,-0.257828950881958,0.4529280662536621,0.40497562289237976,-0.1214432567358017,0.07855205237865448,0.09186241030693054,0.007258474826812744,0.05480116605758667,-0.1618504524230957,-0.12976524233818054,0.16655270755290985,0.0996612161397934,0.1878798007965088,-0.2512904107570648,0.02074095606803894,-0.5020054578781128,0.7504466772079468,0.34640294313430786,0.3705537021160126,-0.21997246146202087,0.37917882204055786,-0.0912519097328186,0.13210801780223846,0.13013926148414612,-0.06274725496768951,-0.4537508487701416,0.32162824273109436,0.4412599802017212,-0.23554229736328125,-0.07596418261528015,0.018945787101984024,0.1196703240275383,0.1299252063035965,-0.48317813873291016,-0.20707201957702637,0.2615785598754883,-0.5244223475456238,-0.06477940082550049,-0.5996658802032471,0.12564325332641602,-0.26336032152175903,-0.7041386961936951,0.4909997880458832,0.17078596353530884,0.35584384202957153,-0.3548133373260498,-0.0909372866153717,-0.3023318648338318,0.08808314800262451,0.5245656371116638,0.3103131651878357,0.605587899684906,-0.3039454519748688,0.1875055432319641,0.2345442771911621,0.06500634551048279,-0.35753655433654785,-0.07993704080581665,-0.1503366380929947,-0.19557401537895203,-0.11372292041778564,-0.027224183082580566,-0.26763176918029785,-0.07750481367111206,-0.02773338556289673,-0.42335623502731323,-0.03249102830886841,-0.148061603307724,0.13282394409179688,0.6741765737533569,0.12370520830154419,-0.11951941251754761,-0.7967329025268555,0.19063210487365723
0.23503819108009338,-0.3490903675556183,0.013979434967041016,-0.4351252317428589,-0.31803053617477417,-0.07569783926010132,-0.2561556398868561,0.3867843747138977,-0.2641192376613617,-0.06900361180305481,-0.11302118003368378,-0.023337185382843018,-0.1338495910167694,0.023012787103652954,-0.2428220510482788,0.039123594760894775,-0.11515294015407562,0.053899526596069336,-0.05941423773765564,0.11258410662412643,0.2241070568561554,0.209539532661438,0.2704029083251953,0.5557539463043213,0.4855763614177704,0.010261893272399902,-0.25638464093208313,0.45917510986328125,0.39924386143684387,-0.10923750698566437,0.07407347857952118,0.08071792125701904,0.0014584064483642578,0.04693993926048279,-0.1653587520122528,-0.11147594451904297,0.16153854131698608,0.10208867490291595,0.18384963274002075,-0.2641984820365906,0.020147815346717834,-0.5001450777053833,0.7499061822891235,0.3326627016067505,0.3701549470424652,-0.22830438613891602,0.3738049268722534,-0.07214659452438354,0.11734864115715027,0.11473202705383301,-0.04644562304019928,-0.45395034551620483,0.31942006945610046,0.42122992873191833,-0.24655163288116455,-0.07522699236869812,0.03139330819249153,0.1347450613975525,0.11950542032718658,-0.46637046337127686,-0.19990360736846924,0.25250568985939026,-0.513679027557373,-0.050554513931274414,-0.5845806002616882,0.12371063232421875,-0.2658440172672272,-0.6892426609992981,0.47243019938468933,0.16374260187149048,0.34516873955726624,-0.36737433075904846,-0.07483305782079697,-0.30134373903274536,0.08178675174713135,0.519645094871521,0.3254398703575134,0.5933234691619873,-0.2986934185028076,0.1746954470872879,0.2380772829055786,0.07011303305625916,-0.3341301679611206,-0.08239448070526123,-0.1441434770822525,-0.1752811074256897,-0.09929853677749634,-0.038091033697128296,-0.25899994373321533,-0.09386533498764038,-0.024896293878555298,-0.40595561265945435,-0.029159128665924072,-0.15242519974708557,0.1290600597858429,0.6470720171928406,0.11053323745727539,-0.11286991834640503,-0.7634699940681458,0.17676258087158203
0.22170022130012512,-0.35464414954185486,0.01876378059387207,-0.44118547439575195,-0.3239199221134186,-0.062471866607666016,-0.2678817808628082,0.3939974308013916,-0.26090043783187866,-0.07358404994010925,-0.10641738772392273,-0.019675612449645996,-0.1245553195476532,0.02456873655319214,-0.2631269693374634,0.050916045904159546,-0.10572770237922668,0.05261409282684326,-0.0642804205417633,0.10431540757417679,0.22984802722930908,0.21822509169578552,0.26573777198791504,0.558106005191803,0.4917490780353546,0.002431511878967285,-0.2652844190597534,0.46734440326690674,0.3934745192527771,-0.1255842000246048,0.08193378150463104,0.07616978883743286,0.009807229042053223,0.04541158676147461,-0.15522247552871704,-0.1173628568649292,0.15472103655338287,0.08297930657863617,0.1992201805114746,-0.2583681344985962,0.0353122353553772,-0.503905177116394,0.7514358162879944,0.34302932024002075,0.35932567715644836,-0.22985196113586426,0.37000399827957153,-0.07448309659957886,0.12442038953304291,0.12703290581703186,-0.06917059421539307,-0.4464613199234009,0.32421982288360596,0.4227534830570221,-0.2561434805393219,-0.07456868886947632,0.032207880169153214,0.13861030340194702,0.13551774621009827,-0.4529215097427368,-0.19823777675628662,0.2582927942276001,-0.5190081596374512,-0.04678785800933838,-0.5768104195594788,0.12843406200408936,-0.26141443848609924,-0.6823728680610657,0.470356285572052,0.16079044342041016,0.34392356872558594,-0.3681888282299042,-0.07026836276054382,-0.2982788681983948,0.0742599368095398,0.5102242231369019,0.3222115635871887,0.5936280488967896,-0.3035997748374939,0.19380241632461548,0.225508451461792,0.0792493224143982,-0.3168206214904785,-0.08622753620147705,-0.1653113067150116,-0.20355316996574402,-0.10820984840393066,-0.038363635540008545,-0.2575033903121948,-0.09039220213890076,-0.023380786180496216,-0.40713661909103394,-0.03825858235359192,-0.14365807175636292,0.13067328929901123,0.6596581935882568,0.10419535636901855,-0.11588513851165771,-0.7627575397491455,0.17025279998779297
0.24152514338493347,-0.3588523268699646,0.038811326026916504,-0.40478554368019104,-0.29229971766471863,-0.07440999150276184,-0.2532491385936737,0.38005608320236206,-0.2839753031730652,-0.09247395396232605,-0.10384052991867065,-0.03495281934738159,-0.09798678755760193,0.002238661050796509,-0.2577916383743286,0.04276737570762634,-0.09044747054576874,0.06201577186584473,-0.05208352208137512,0.12674623727798462,0.23494815826416016,0.211078941822052,0.25249165296554565,0.578369677066803,0.48187440633773804,0.009899049997329712,-0.2974421977996826,0.4701976776123047,0.3902488052845001,-0.10093237459659576,0.05311034619808197,0.06620219349861145,-0.008932173252105713,0.060454607009887695,-0.1727130115032196,-0.08411914110183716,0.1729165017604828,0.11364050209522247,0.20057064294815063,-0.2935461699962616,0.010908916592597961,-0.4826599657535553,0.7455968856811523,0.3192840814590454,0.38370251655578613,-0.23986351490020752,0.37975749373435974,-0.04065597057342529,0.10041627287864685,0.09223508834838867,-0.02759028971195221,-0.4589945673942566,0.3313972055912018,0.3933042287826538,-0.24861431121826172,-0.09115225076675415,0.03393055871129036,0.15140753984451294,0.1213148832321167,-0.4438002109527588,-0.2167654037475586,0.26705262064933777,-0.5182609558105469,-0.0364152193069458,-0.5749304890632629,0.11924540996551514,-0.26856523752212524,-0.6620218753814697,0.46697720885276794,0.16232633590698242,0.33894240856170654,-0.3972656726837158,-0.05610828101634979,-0.30088722705841064,0.0891309380531311,0.5350726842880249,0.35235798358917236,0.5834556221961975,-0.27631595730781555,0.15424883365631104,0.21963179111480713,0.06057804822921753,-0.31416594982147217,-0.08199429512023926,-0.15711407363414764,-0.14154532551765442,-0.08309447765350342,-0.04234917461872101,-0.27478769421577454,-0.11723151803016663,-0.029723674058914185,-0.407934308052063,-0.040885359048843384,-0.14327159523963928,0.1063866913318634,0.6231657266616821,0.1001313328742981,-0.09100073575973511,-0.7499189376831055,0.1664257049560547
0.23637673258781433,-0.3442991375923157,-0.00555044412612915,-0.4586852788925171,-0.3347771465778351,-0.08119910955429077,-0.25710010528564453,0.39006805419921875,-0.25104641914367676,-0.04906231164932251,-0.12461192905902863,-0.014025866985321045,-0.1602206528186798,0.041471630334854126,-0.22737574577331543,0.03347194194793701,-0.1370631754398346,0.053786903619766235,-0.06328931450843811,0.11108899861574173,0.2153850495815277,0.206191748380661,0.28495556116104126,0.541297197341919,0.4923759400844574,0.01896148920059204,-0.23436704277992249,0.4459572434425354,0.40451011061668396,-0.11214743554592133,0.08327202498912811,0.0935724675655365,0.005747854709625244,0.0417291522026062,-0.16261398792266846,-0.1290467381477356,0.16083337366580963,0.10143448412418365,0.17243218421936035,-0.2466672658920288,0.02414858341217041,-0.5085863471031189,0.7478293776512146,0.3411651849746704,0.3655760884284973,-0.2194315493106842,0.3708915114402771,-0.09437543153762817,0.127661794424057,0.12566101551055908,-0.058392483741045,-0.45229804515838623,0.312924861907959,0.4397498071193695,-0.2384781837463379,-0.06515085697174072,0.024597708135843277,0.11981397122144699,0.11873778700828552,-0.4870307445526123,-0.19566500186920166,0.2486151158809662,-0.5134856700897217,-0.06330001354217529,-0.5949568748474121,0.1266239881515503,-0.26431483030319214,-0.7067373394966125,0.478088915348053,0.16580629348754883,0.35052502155303955,-0.348821222782135,-0.09347422420978546,-0.3024478554725647,0.07984745502471924,0.5163872241973877,0.30766844749450684,0.6001792550086975,-0.309297114610672,0.18321220576763153,0.2508503198623657,0.07078060507774353,-0.3579365015029907,-0.07802623510360718,-0.13491766154766083,-0.1920526921749115,-0.11017590761184692,-0.030815526843070984,-0.2532550096511841,-0.07552638649940491,-0.02503827214241028,-0.4097934365272522,-0.02166217565536499,-0.1561124622821808,0.14112281799316406,0.6655969619750977,0.11875590682029724,-0.12923896312713623,-0.7823008298873901,0.1885390281677246
0.24216797947883606,-0.34874433279037476,0.009406089782714844,-0.4387848377227783,-0.3189869225025177,-0.08015775680541992,-0.2536921501159668,0.389373779296875,-0.26637548208236694,-0.0675475001335144,-0.11692553758621216,-0.022683024406433105,-0.13807189464569092,0.02822202444076538,-0.23772597312927246,0.035117894411087036,-0.1187332421541214,0.055048078298568726,-0.0589623749256134,0.12057136744260788,0.2217419147491455,0.20647631585597992,0.27351272106170654,0.5565145015716553,0.4917786419391632,0.016390085220336914,-0.2590807378292084,0.4574769139289856,0.40140312910079956,-0.10539726912975311,0.0715014785528183,0.083371102809906,-0.0015676021575927734,0.04750341176986694,-0.16950538754463196,-0.1122693121433258,0.16879913210868835,0.10800661146640778,0.18035250902175903,-0.2661488652229309,0.01863512396812439,-0.5028057098388672,0.7521462440490723,0.3327000141143799,0.3764970004558563,-0.22784313559532166,0.3798293471336365,-0.07239186763763428,0.11750003695487976,0.11194849014282227,-0.044504448771476746,-0.45923173427581787,0.32065168023109436,0.42647743225097656,-0.24241799116134644,-0.07649433612823486,0.030193734914064407,0.13259729743003845,0.1143568754196167,-0.47658073902130127,-0.20556914806365967,0.2551022469997406,-0.5188388824462891,-0.052364349365234375,-0.5904820561408997,0.12399029731750488,-0.26829880475997925,-0.6963213086128235,0.4794582724571228,0.16673099994659424,0.34809988737106323,-0.37019556760787964,-0.07771289348602295,-0.30776387453079224,0.08545714616775513,0.5294610261917114,0.3284938335418701,0.5960357189178467,-0.2979385256767273,0.16807900369167328,0.24599385261535645,0.06661897897720337,-0.34819936752319336,-0.07750463485717773,-0.13942517340183258,-0.17090106010437012,-0.09585976600646973,-0.03675380349159241,-0.26224011182785034,-0.0931166410446167,-0.025957614183425903,-0.4109129309654236,-0.029711276292800903,-0.15204331278800964,0.12761428952217102,0.6537957191467285,0.11109331250190735,-0.1143796443939209,-0.7743710279464722,0.1848912239074707
0.22303318977355957,-0.36263003945350647,0.019186019897460938,-0.45560604333877563,-0.33028581738471985,-0.07387590408325195,-0.2679063677787781,0.39105933904647827,-0.2640738785266876,-0.06885087490081787,-0.11527471244335175,-0.02005535364151001,-0.12881606817245483,0.019185543060302734,-0.2597767114639282,0.044771045446395874,-0.12400180101394653,0.06252321600914001,-0.06236213445663452,0.10749313980340958,0.23379775881767273,0.21934294700622559,0.26969975233078003,0.5729925632476807,0.5014923810958862,0.011208713054656982,-0.26850831508636475,0.46766823530197144,0.4026191532611847,-0.12429489195346832,0.08187876641750336,0.07851612567901611,0.01284170150756836,0.056296706199645996,-0.15630310773849487,-0.12282493710517883,0.15637125074863434,0.08758282661437988,0.19762367010116577,-0.2576753795146942,0.024799585342407227,-0.4963778555393219,0.756219208240509,0.3477008044719696,0.36529740691185,-0.22517026960849762,0.37770265340805054,-0.07751435041427612,0.1285632997751236,0.13223740458488464,-0.06288686394691467,-0.44604718685150146,0.3212233781814575,0.4295848608016968,-0.24979788064956665,-0.08344009518623352,0.024406928569078445,0.13235336542129517,0.13906528055667877,-0.4684932231903076,-0.2028590440750122,0.2604519724845886,-0.525621771812439,-0.058214664459228516,-0.5910305380821228,0.1258765459060669,-0.2604278028011322,-0.6924600005149841,0.4888584315776825,0.16721820831298828,0.3511068522930145,-0.36193031072616577,-0.0780017077922821,-0.29960352182388306,0.08685386180877686,0.5182766318321228,0.31463468074798584,0.6060452461242676,-0.3029557764530182,0.19312497973442078,0.2205418348312378,0.07063755393028259,-0.3298757076263428,-0.09043502807617188,-0.16322976350784302,-0.20179027318954468,-0.1122564971446991,-0.03176979720592499,-0.26943665742874146,-0.09188684821128845,-0.026027053594589233,-0.4146793484687805,-0.036429911851882935,-0.1456441879272461,0.13048866391181946,0.6639299392700195,0.12118086218833923,-0.10637694597244263,-0.7764071822166443,0.17791390419006348
0.25511255860328674,-0.3532557189464569,0.011931002140045166,-0.4387475848197937,-0.3169551193714142,-0.0939706563949585,-0.2466210126876831,0.3858248293399811,-0.278102844953537,-0.06821578741073608,-0.12415465712547302,-0.030834436416625977,-0.14463207125663757,0.014716148376464844,-0.22876179218292236,0.027588725090026855,-0.1265365332365036,0.05843767523765564,-0.05261567234992981,0.12342358380556107,0.22620409727096558,0.20655953884124756,0.2766055464744568,0.5762724876403809,0.49449077248573303,0.019110381603240967,-0.2552872598171234,0.46764659881591797,0.4157330095767975,-0.09210462868213654,0.06937180459499359,0.08155179023742676,-0.007542431354522705,0.05051937699317932,-0.1816350519657135,-0.10490390658378601,0.17394311726093292,0.12261626124382019,0.17081892490386963,-0.27835384011268616,0.0007391273975372314,-0.5043696165084839,0.7695684432983398,0.3305380344390869,0.3951660394668579,-0.2337259203195572,0.39174044132232666,-0.06528139114379883,0.11239627003669739,0.1032438725233078,-0.01890850067138672,-0.4734233021736145,0.319436639547348,0.42950230836868286,-0.24408018589019775,-0.08382448554039001,0.034142572432756424,0.13559278845787048,0.10452550649642944,-0.4974099397659302,-0.20561158657073975,0.2532960772514343,-0.524669885635376,-0.0559234619140625,-0.6086720824241638,0.12140923738479614,-0.2755606472492218,-0.7142160534858704,0.4959791600704193,0.1726984977722168,0.35679954290390015,-0.3784903883934021,-0.07858477532863617,-0.3160315155982971,0.0978097915649414,0.5481621026992798,0.337970495223999,0.6100159883499146,-0.3002883493900299,0.15505719184875488,0.257174015045166,0.058116614818573,-0.36011314392089844,-0.08154875040054321,-0.12531915307044983,-0.14797547459602356,-0.08528047800064087,-0.039096102118492126,-0.269569456577301,-0.10699605941772461,-0.02734193205833435,-0.4154198169708252,-0.021831929683685303,-0.16486045718193054,0.1293092668056488,0.6485462784767151,0.12301182746887207,-0.10619807243347168,-0.7808406949043274,0.19365167617797852
0.24152514338493347,-0.3588523268699646,0.038811326026916504,-0.40478554368019104,-0.29229971766471863,-0.07440999150276184,-0.2532491385936737,0.38005608320236206,-0.2839753031730652,-0.09247395396232605,-0.10384052991867065,-0.03495281934738159,-0.09798678755760193,0.002238661050796509,-0.2577916383743286,0.04276737570762634,-0.09044747054576874,0.06201577186584473,-0.05208352208137512,0.12674623727798462,0.23494815826416016,0.211078941822052,0.25249165296554565,0.578369677066803,0.48187440633773804,0.009899049997329712,-0.2974421977996826,0.4701976776123047,0.3902488052845001,-0.10093237459659576,0.05311034619808197,0.06620219349861145,-0.008932173252105713,0.060454607009887695,-0.1727130115032196,-0.08411914110183716,0.1729165017604828,0.11364050209522247,0.20057064294815063,-0.2935461699962616,0.010908916592597961,-0.4826599657535553,0.7455968856811523,0.3192840814590454,0.38370251655578613,-0.23986351490020752,0.37975749373435974,-0.04065597057342529,0.10041627287864685,0.09223508834838867,-0.02759028971195221,-0.4589945673942566,0.3313972055912018,0.3933042287826538,-0.24861431121826172,-0.09115225076675415,0.03393055871129036,0.15140753984451294,0.1213148832321167,-0.4438002109527588,-0.2167654037475586,0.26705262064933777,-0.5182609558105469,-0.0364152193069458,-0.5749304890632629,0.11924540996551514,-0.26856523752212524,-0.6620218753814697,0.46697720885276794,0.16232633590698242,0.33894240856170654,-0.3972656726837158,-0.05610828101634979,-0.30088722705841064,0.0891309380531311,0.5350726842880249,0.35235798358917236,0.5834556221961975,-0.27631595730781555,0.15424883365631104,0.21963179111480713,0.06057804822921753,-0.31416594982147217,-0.08199429512023926,-0.15711407363414764,-0.14154532551765442,-0.08309447765350342,-0.04234917461872101,-0.27478769421577454,-0.11723151803016663,-0.029723674058914185,-0.407934308052063,-0.040885359048843384,-0.14327159523963928,0.1063866913318634,0.6231657266616821,0.1001313328742981,-0.09100073575973511,-0.7499189376831055,0.1664257049560547
0.24152514338493347,-0.3588523268699646,0.038811326026916504,-0.40478554368019104,-0.29229971766471863,-0.07440999150276184,-0.2532491385936737,0.38005608320236206,-0.2839753031730652,-0.09247395396232605,-0.10384052991867065,-0.03495281934738159,-0.09798678755760193,0.002238661050796509,-0.2577916383743286,0.04276737570762634,-0.09044747054576874,0.06201577186584473,-0.05208352208137512,0.12674623727798462,0.23494815826416016,0.211078941822052,0.25249165296554565,0.578369677066803,0.48187440633773804,0.009899049997329712,-0.2974421977996826,0.4701976776123047,0.3902488052845001,-0.10093237459659576,0.05311034619808197,0.06620219349861145,-0.008932173252105713,0.060454607009887695,-0.1727130115032196,-0.08411914110183716,0.1729165017604828,0.11364050209522247,0.20057064294815063,-0.2935461699962616,0.010908916592597961,-0.4826599657535553,0.7455968856811523,0.3192840814590454,0.38370251655578613,-0.23986351490020752,0.37975749373435974,-0.04065597057342529,0.10041627287864685,0.09223508834838867,-0.02759028971195221,-0.4589945673942566,0.3313972055912018,0.3933042287826538,-0.24861431121826172,-0.09115225076675415,0.03393055871129036,0.15140753984451294,0.1213148832321167,-0.4438002109527588,-0.2167654037475586,0.26705262064933777,-0.5182609558105469,-0.0364152193069458,-0.5749304890632629,0.11924540996551514,-0.26856523752212524,-0.6620218753814697,0.46697720885276794,0.16232633590698242,0.33894240856170654,-0.3972656726837158,-0.05610828101634979,-0.30088722705841064,0.0891309380531311,0.5350726842880249,0.35235798358917236,0.5834556221961975,-0.27631595730781555,0.15424883365631104,0.21963179111480713,0.06057804822921753,-0.31416594982147217,-0.08199429512023926,-0.15711407363414764,-0.14154532551765442,-0.08309447765350342,-0.04234917461872101,-0.27478769421577454,-0.11723151803016663,-0.029723674058914185,-0.407934308052063,-0.040885359048843384,-0.14327159523963928,0.1063866913318634,0.6231657266616821,0.1001313328742981,-0.09100073575973511,-0.7499189376831055,0.1664257049560547
0.22598537802696228,-0.33963051438331604,-0.002167224884033203,-0.453279972076416,-0.33606812357902527,-0.0672568678855896,-0.26320260763168335,0.3932774066925049,-0.24628499150276184,-0.052776843309402466,-0.11283965408802032,-0.015313386917114258,-0.15913397073745728,0.0405716598033905,-0.23843622207641602,0.04438087344169617,-0.12216264009475708,0.04237481951713562,-0.06638973951339722,0.0944073274731636,0.2169072926044464,0.21167756617069244,0.28125178813934326,0.5356444716453552,0.48187798261642456,0.0019783079624176025,-0.22222629189491272,0.45647358894348145,0.4015388488769531,-0.12194983661174774,0.09455649554729462,0.08729907870292664,0.008859097957611084,0.029752284288406372,-0.15797531604766846,-0.13022565841674805,0.14975856244564056,0.085751473903656,0.17696762084960938,-0.2418840527534485,0.03466174006462097,-0.519778847694397,0.7531377673149109,0.34407931566238403,0.3554151654243469,-0.22382645308971405,0.36243271827697754,-0.09626072645187378,0.1304466277360916,0.13159731030464172,-0.06919500231742859,-0.4511603116989136,0.31403055787086487,0.43856269121170044,-0.2531348466873169,-0.05774524807929993,0.03639805689454079,0.12661853432655334,0.12187632918357849,-0.47292137145996094,-0.18107950687408447,0.24190737307071686,-0.5079233646392822,-0.0550922155380249,-0.584638237953186,0.1290990710258484,-0.2642653286457062,-0.7047736048698425,0.4665129482746124,0.16097623109817505,0.34793490171432495,-0.3488529324531555,-0.08454450964927673,-0.2990090250968933,0.0673559308052063,0.5013154745101929,0.30880749225616455,0.5966071486473083,-0.3201441466808319,0.19834904372692108,0.2505073547363281,0.08456164598464966,-0.33534157276153564,-0.0833699107170105,-0.14057664573192596,-0.2088964432477951,-0.11148190498352051,-0.03914961218833923,-0.23926950991153717,-0.07540246844291687,-0.01988917589187622,-0.40129444003105164,-0.021482452750205994,-0.15829098224639893,0.15009453892707825,0.6648244857788086,0.1099887490272522,-0.1365896463394165,-0.7660579681396484,0.1777498722076416
0.22844254970550537,-0.35109755396842957,0.004372894763946533,-0.45590779185295105,-0.33156728744506836,-0.07716584205627441,-0.260181725025177,0.38742443919181824,-0.25445955991744995,-0.056132614612579346,-0.1206691712141037,-0.015482008457183838,-0.1466647982597351,0.031486451625823975,-0.2405019998550415,0.039158016443252563,-0.13267633318901062,0.05769243836402893,-0.06235465407371521,0.10904873162508011,0.22238564491271973,0.21121113002300262,0.2768753170967102,0.5515151023864746,0.4932152330875397,0.01586019992828369,-0.24639993906021118,0.4521520137786865,0.401343435049057,-0.11842040717601776,0.08177421987056732,0.08776435256004333,0.008380293846130371,0.04916873574256897,-0.15856978297233582,-0.126306414604187,0.15764422714710236,0.09463468194007874,0.18244051933288574,-0.24812674522399902,0.022822856903076172,-0.4991188049316406,0.7460997104644775,0.3421715497970581,0.363016277551651,-0.22079035639762878,0.37094518542289734,-0.08850264549255371,0.12847024202346802,0.1289551854133606,-0.060562584549188614,-0.44684886932373047,0.31437432765960693,0.4331596791744232,-0.24111837148666382,-0.07212820649147034,0.023860622197389603,0.12288307398557663,0.1272345930337906,-0.47557806968688965,-0.19734275341033936,0.2524961233139038,-0.5151830911636353,-0.06103551387786865,-0.5900112390518188,0.12505608797073364,-0.2605704367160797,-0.6961774230003357,0.48030900955200195,0.16583967208862305,0.3491840958595276,-0.35095250606536865,-0.08761337399482727,-0.2976248860359192,0.08342862129211426,0.5132231116294861,0.30757462978363037,0.598730742931366,-0.3049003779888153,0.18802660703659058,0.23436510562896729,0.06949412822723389,-0.34430813789367676,-0.08298176527023315,-0.147110715508461,-0.19510439038276672,-0.11212897300720215,-0.030533254146575928,-0.25877857208251953,-0.08104068040847778,-0.02568519115447998,-0.41131114959716797,-0.02834315598011017,-0.15063026547431946,0.1356038749217987,0.6613363027572632,0.11977320909500122,-0.11955267190933228,-0.7763423919677734,0.18297600746154785
0.23169592022895813,-0.3564182221889496,0.006101667881011963,-0.45758694410324097,-0.3328540325164795,-0.07754474878311157,-0.2633700370788574,0.3904721736907959,-0.2590855062007904,-0.05858325958251953,-0.1219300627708435,-0.016409575939178467,-0.14629420638084412,0.029188483953475952,-0.2457599639892578,0.041944265365600586,-0.1314052939414978,0.059538692235946655,-0.061484694480895996,0.1097831204533577,0.2269495725631714,0.21500205993652344,0.2774844765663147,0.561334490776062,0.4987027943134308,0.015863895416259766,-0.2523096799850464,0.4591522812843323,0.4052845537662506,-0.11956934630870819,0.08178727328777313,0.08652690052986145,0.008281350135803223,0.050367534160614014,-0.16171595454216003,-0.12418138980865479,0.16044537723064423,0.09564864635467529,0.18701261281967163,-0.25301313400268555,0.021975576877593994,-0.5037545561790466,0.7546689510345459,0.3464198112487793,0.3689803183078766,-0.22482721507549286,0.37630921602249146,-0.08620864152908325,0.12800602614879608,0.12806770205497742,-0.058597031980752945,-0.4533205032348633,0.31929153203964233,0.43498754501342773,-0.24430197477340698,-0.07463535666465759,0.025086406618356705,0.12630781531333923,0.12983867526054382,-0.4793531894683838,-0.2002791166305542,0.2575865387916565,-0.5215644240379333,-0.06069386005401611,-0.5952569246292114,0.12629222869873047,-0.2633676826953888,-0.7012158036231995,0.48511382937431335,0.16732627153396606,0.3525731861591339,-0.3586288094520569,-0.08638293296098709,-0.30069905519485474,0.08513689041137695,0.520848274230957,0.3137892484664917,0.6049700379371643,-0.3074347972869873,0.18851706385612488,0.23585569858551025,0.06835281848907471,-0.344531774520874,-0.08440136909484863,-0.15066386759281158,-0.19431139528751373,-0.11096733808517456,-0.031638965010643005,-0.26291000843048096,-0.08492836356163025,-0.026604294776916504,-0.41595083475112915,-0.02913188934326172,-0.15251782536506653,0.1359502673149109,0.6675411462783813,0.12049072980880737,-0.11976641416549683,-0.7828748822212219,0.18537330627441406
0.23021471500396729,-0.34676218032836914,-0.003447115421295166,-0.46352577209472656,-0.34082359075546265,-0.07833820581436157,-0.26037484407424927,0.3915027379989624,-0.25151950120925903,-0.048869192600250244,-0.12213736772537231,-0.015542566776275635,-0.16546285152435303,0.03407511115074158,-0.2332456111907959,0.03869864344596863,-0.13725578784942627,0.0504075288772583,-0.06306353211402893,0.0982881709933281,0.22133296728134155,0.21326851844787598,0.2851007580757141,0.5480687618255615,0.4906207025051117,0.00967550277709961,-0.2234739363193512,0.4572417140007019,0.4105144143104553,-0.11731924116611481,0.09280155599117279,0.0901007354259491,0.010293900966644287,0.03713849186897278,-0.1609908640384674,-0.13137635588645935,0.15180334448814392,0.09314991533756256,0.1728752851486206,-0.24336233735084534,0.024276375770568848,-0.516116738319397,0.7610303163528442,0.3477018475532532,0.36418697237968445,-0.2229660302400589,0.37085360288619995,-0.09680896997451782,0.13005481660366058,0.13282182812690735,-0.05904049053788185,-0.45461076498031616,0.3128344714641571,0.44395148754119873,-0.2494162917137146,-0.06412339210510254,0.030782122164964676,0.12408825010061264,0.12163794040679932,-0.48887038230895996,-0.18555927276611328,0.24331223964691162,-0.5135941505432129,-0.06231069564819336,-0.5976452827453613,0.12757903337478638,-0.26546597480773926,-0.7157054543495178,0.48086017370224,0.1660478711128235,0.35430583357810974,-0.34728580713272095,-0.09092094004154205,-0.30161136388778687,0.07824647426605225,0.5114340782165527,0.3052947521209717,0.6080688238143921,-0.3205488920211792,0.19517114758491516,0.252183198928833,0.07640933990478516,-0.34783732891082764,-0.08664059638977051,-0.1367727369070053,-0.20196501910686493,-0.11342799663543701,-0.035176873207092285,-0.24900566041469574,-0.0786932110786438,-0.022313565015792847,-0.40799006819725037,-0.018257170915603638,-0.1636846959590912,0.15073707699775696,0.6682053208351135,0.12227419018745422,-0.13096821308135986,-0.7773332595825195,0.1856245994567871
0.24238407611846924,-0.34808579087257385,0.003811061382293701,-0.44615063071250916,-0.3258015513420105,-0.08026707172393799,-0.256069153547287,0.38821685314178467,-0.26140594482421875,-0.05684790015220642,-0.12011900544166565,-0.020063161849975586,-0.15235057473182678,0.03223693370819092,-0.2326030731201172,0.036587655544281006,-0.12495440244674683,0.05386921763420105,-0.05958709120750427,0.1140013113617897,0.2216244339942932,0.20921307802200317,0.28102409839630127,0.553125262260437,0.48849135637283325,0.01456528902053833,-0.2441597282886505,0.4558817744255066,0.4055384695529938,-0.10749359428882599,0.07711999118328094,0.0879468321800232,-0.000976860523223877,0.04228159785270691,-0.16898414492607117,-0.11545771360397339,0.1645466387271881,0.10748761892318726,0.17690694332122803,-0.2617587149143219,0.018928080797195435,-0.5103261470794678,0.7549664974212646,0.3357429802417755,0.37476298213005066,-0.22831833362579346,0.37361231446266174,-0.08291018009185791,0.11829061806201935,0.11523118615150452,-0.04725612699985504,-0.4616181254386902,0.32066380977630615,0.43015703558921814,-0.24524396657943726,-0.06725513935089111,0.030494321137666702,0.13004761934280396,0.1157885491847992,-0.48139774799346924,-0.19840478897094727,0.2529280483722687,-0.5159069299697876,-0.05472278594970703,-0.5948840975761414,0.12601351737976074,-0.27090853452682495,-0.7028562426567078,0.47494715452194214,0.16626399755477905,0.3511849343776703,-0.36508581042289734,-0.08595885336399078,-0.3036617040634155,0.07939952611923218,0.5246962904930115,0.3239485025405884,0.600212574005127,-0.3063974976539612,0.17743819952011108,0.2505453824996948,0.06975126266479492,-0.3491467237472534,-0.07981270551681519,-0.1365826278924942,-0.17664213478565216,-0.10313928127288818,-0.03636828064918518,-0.25686681270599365,-0.08656889200210571,-0.02594396471977234,-0.41091880202293396,-0.02285107970237732,-0.1594071090221405,0.1373755931854248,0.6567779779434204,0.11381226778030396,-0.12567037343978882,-0.7769280672073364,0.18332743644714355
0.23810401558876038,-0.3420890271663666,0.007947981357574463,-0.44074249267578125,-0.32509008049964905,-0.08632856607437134,-0.24976849555969238,0.384543240070343,-0.2635711133480072,-0.06095549464225769,-0.1199648380279541,-0.027181506156921387,-0.15497219562530518,0.01607280969619751,-0.22874510288238525,0.03150677680969238,-0.12563800811767578,0.0475388765335083,-0.05587175488471985,0.09734105318784714,0.22343096137046814,0.21067865192890167,0.27618467807769775,0.5561127662658691,0.48118504881858826,0.005929917097091675,-0.22659671306610107,0.4653521180152893,0.41307222843170166,-0.09977827966213226,0.08555619418621063,0.08068671822547913,0.0022092461585998535,0.03563052415847778,-0.17062652111053467,-0.11304163932800293,0.15386179089546204,0.10396146774291992,0.16522878408432007,-0.2611863315105438,0.014173030853271484,-0.5116285085678101,0.7664847373962402,0.33547717332839966,0.3751085698604584,-0.23092615604400635,0.3745759129524231,-0.07611304521560669,0.11558088660240173,0.11518222093582153,-0.03198257088661194,-0.46153610944747925,0.30903884768486023,0.42840251326560974,-0.25660228729248047,-0.07094898819923401,0.03937915340065956,0.1355002522468567,0.10878337919712067,-0.48971498012542725,-0.18429410457611084,0.23828893899917603,-0.5112152099609375,-0.05515456199645996,-0.5963970422744751,0.123349130153656,-0.27055007219314575,-0.7112937569618225,0.47857075929641724,0.1652793288230896,0.34948134422302246,-0.3626798391342163,-0.08025296032428741,-0.30502158403396606,0.0827978253364563,0.5213571190834045,0.3215446472167969,0.605947732925415,-0.3145698308944702,0.1741284281015396,0.2592698335647583,0.07257997989654541,-0.34000885486602783,-0.08948057889938354,-0.12457829713821411,-0.1716349869966507,-0.09433850646018982,-0.04294958710670471,-0.24958102405071259,-0.09878283739089966,-0.02231481671333313,-0.39702117443084717,-0.012789398431777954,-0.17062518000602722,0.144597589969635,0.6445286870002747,0.11962911486625671,-0.11827874183654785,-0.7564245462417603,0.18077921867370605
0.23271620273590088,-0.35015183687210083,0.008053123950958252,-0.4486314654350281,-0.3280220031738281,-0.07748794555664062,-0.25878655910491943,0.3894787132740021,-0.26095789670944214,-0.06155213713645935,-0.11798131465911865,-0.019649088382720947,-0.14548420906066895,0.026688456535339355,-0.24209415912628174,0.03957611322402954,-0.12439312040805817,0.05423060059547424,-0.06030583381652832,0.10750801116228104,0.22514182329177856,0.21307961642742157,0.2753177285194397,0.555910587310791,0.4916331470012665,0.01123511791229248,-0.2472202181816101,0.4602348804473877,0.4042842388153076,-0.11313040554523468,0.08151493966579437,0.08396759629249573,0.00555264949798584,0.04462486505508423,-0.16334092617034912,-0.11892819404602051,0.15788404643535614,0.09706506133079529,0.18122023344039917,-0.2567547857761383,0.022987782955169678,-0.5065927505493164,0.7562077045440674,0.34057506918907166,0.36843520402908325,-0.22681519389152527,0.37457314133644104,-0.08117437362670898,0.12206859886646271,0.12310552597045898,-0.05313820019364357,-0.4543827772140503,0.31780365109443665,0.43015679717063904,-0.24900779128074646,-0.07172900438308716,0.0303802527487278,0.13142433762550354,0.12212808430194855,-0.47686266899108887,-0.19631099700927734,0.25148624181747437,-0.5171154737472534,-0.05496573448181152,-0.5907553434371948,0.12564504146575928,-0.26602357625961304,-0.6998915672302246,0.47880932688713074,0.16586029529571533,0.3495413064956665,-0.36138662695884705,-0.08186444640159607,-0.30217456817626953,0.08112668991088867,0.518593430519104,0.3182221055030823,0.6010881066322327,-0.30780866742134094,0.18405885994434357,0.24249565601348877,0.07212021946907043,-0.3402811288833618,-0.08462542295455933,-0.14406009018421173,-0.1882871836423874,-0.10603049397468567,-0.03630979359149933,-0.25767332315444946,-0.08888193964958191,-0.024638205766677856,-0.4081386923789978,-0.026466548442840576,-0.15609458088874817,0.13709375262260437,0.6587270498275757,0.11551067233085632,-0.11962175369262695,-0.7709126472473145,0.1809544563293457
0.22304537892341614,-0.347188800573349,0.020045816898345947,-0.4297206401824951,-0.3155824840068817,-0.0645400881767273,-0.261073499917984,0.387692391872406,-0.2600945234298706,-0.07429966330528259,-0.10393135249614716,-0.022402048110961914,-0.12231197953224182,0.02330276370048523,-0.2547154426574707,0.04647165536880493,-0.10240548849105835,0.050526946783065796,-0.062176913022994995,0.10487476736307144,0.22497013211250305,0.21240219473838806,0.2623032331466675,0.549317479133606,0.48080429434776306,0.0024640262126922607,-0.26138046383857727,0.46099138259887695,0.38943660259246826,-0.11823903024196625,0.07746045291423798,0.07456016540527344,0.005631506443023682,0.04382365942001343,-0.1569814383983612,-0.11185628175735474,0.1551397442817688,0.08878405392169952,0.1933087706565857,-0.2603099048137665,0.03244638442993164,-0.49798038601875305,0.7423451542854309,0.333817720413208,0.3579079210758209,-0.22827020287513733,0.3651356101036072,-0.07003313302993774,0.11840614676475525,0.11858907341957092,-0.06076608970761299,-0.4443488121032715,0.32030338048934937,0.41347405314445496,-0.25325891375541687,-0.07376044988632202,0.03383922949433327,0.13863134384155273,0.12787455320358276,-0.4480283260345459,-0.1966860294342041,0.252739280462265,-0.5100935697555542,-0.044352173805236816,-0.569764256477356,0.12472069263458252,-0.260647714138031,-0.6741375923156738,0.46095335483551025,0.15886348485946655,0.33803126215934753,-0.36690378189086914,-0.06780940294265747,-0.29549020528793335,0.07351738214492798,0.5066798329353333,0.32291221618652344,0.584555447101593,-0.2979612350463867,0.18434417247772217,0.22712206840515137,0.07814136147499084,-0.31457841396331787,-0.0841984748840332,-0.15666517615318298,-0.18988153338432312,-0.10230273008346558,-0.03959602117538452,-0.2537909746170044,-0.09205687046051025,-0.023750007152557373,-0.3993123471736908,-0.03527706861495972,-0.14407062530517578,0.1277836263179779,0.6444117426872253,0.10100966691970825,-0.11336898803710938,-0.7497891783714294,0.1663062572479248
0.23620516061782837,-0.33546844124794006,0.010709702968597412,-0.426047682762146,-0.3164997398853302,-0.081576406955719,-0.24570965766906738,0.3825340270996094,-0.26442527770996094,-0.06712892651557922,-0.11411541700363159,-0.028306305408477783,-0.1476057767868042,0.014594554901123047,-0.22836244106292725,0.032881200313568115,-0.11334694921970367,0.04273173213005066,-0.05456236004829407,0.09646990150213242,0.22039473056793213,0.20815640687942505,0.269960880279541,0.5466574430465698,0.4725095331668854,0.0010331571102142334,-0.22630712389945984,0.46344447135925293,0.405574232339859,-0.09620188176631927,0.08238117396831512,0.07695651054382324,-0.0005907416343688965,0.031769245862960815,-0.1701529324054718,-0.10605424642562866,0.15214727818965912,0.10376128554344177,0.16363096237182617,-0.26321572065353394,0.01752302050590515,-0.5095539093017578,0.7598580121994019,0.32757359743118286,0.37134864926338196,-0.23221851885318756,0.37005138397216797,-0.06913632154464722,0.10893121361732483,0.10866641998291016,-0.03007681667804718,-0.4588732123374939,0.30864590406417847,0.4183591306209564,-0.258556067943573,-0.06821659207344055,0.04452488198876381,0.14030373096466064,0.10345003008842468,-0.4776875972747803,-0.18310284614562988,0.23459498584270477,-0.5034586191177368,-0.04743635654449463,-0.5839043259620667,0.12250834703445435,-0.2702440917491913,-0.6999067068099976,0.4662052392959595,0.16147243976593018,0.3424145579338074,-0.3655761182308197,-0.07248439639806747,-0.30378425121307373,0.07763350009918213,0.5154038667678833,0.32696086168289185,0.5945836305618286,-0.31019914150238037,0.16903865337371826,0.25966036319732666,0.07590639591217041,-0.33040547370910645,-0.0872846245765686,-0.12299796938896179,-0.1655561923980713,-0.08965456485748291,-0.04691821336746216,-0.24405574798583984,-0.10240346193313599,-0.021090000867843628,-0.389148086309433,-0.013952314853668213,-0.1690702736377716,0.14201867580413818,0.6338880658149719,0.10919302701950073,-0.11838638782501221,-0.7404983043670654,0.1754293441772461
0.233148455619812,-0.35317325592041016,0.007502615451812744,-0.4555547833442688,-0.3305366039276123,-0.0838974118232727,-0.2581789791584015,0.3870675563812256,-0.2612031102180481,-0.059535861015319824,-0.12403705716133118,-0.019690275192260742,-0.14711922407150269,0.023835718631744385,-0.24049723148345947,0.03679192066192627,-0.13549745082855225,0.05963459610939026,-0.05910274386405945,0.1097973957657814,0.22562748193740845,0.21289417147636414,0.27558964490890503,0.5638927221298218,0.49716153740882874,0.01718693971633911,-0.24909991025924683,0.45987558364868164,0.40779760479927063,-0.11383037269115448,0.08142487704753876,0.08478406071662903,0.006932556629180908,0.052081674337387085,-0.16451957821846008,-0.1228134036064148,0.16070786118507385,0.09892526268959045,0.18027019500732422,-0.254154771566391,0.015669822692871094,-0.4994383156299591,0.7554383277893066,0.34314674139022827,0.37239691615104675,-0.22349649667739868,0.37976783514022827,-0.08273464441299438,0.12683482468128204,0.12538683414459229,-0.04916668310761452,-0.4540292024612427,0.31426894664764404,0.43444034457206726,-0.24284911155700684,-0.07872128486633301,0.02659948542714119,0.1252957582473755,0.12404026091098785,-0.48593127727508545,-0.19879651069641113,0.2531214952468872,-0.5203981995582581,-0.06273651123046875,-0.5979381799697876,0.12279880046844482,-0.26351410150527954,-0.7047416567802429,0.4913642704486847,0.1696087121963501,0.3529992997646332,-0.3568994998931885,-0.08556296676397324,-0.30248862504959106,0.09102481603622437,0.523741602897644,0.312766432762146,0.6060402393341064,-0.306366503238678,0.18159055709838867,0.23848235607147217,0.06466388702392578,-0.34872257709503174,-0.08559006452560425,-0.14223287999629974,-0.1862822026014328,-0.10521501302719116,-0.0323050320148468,-0.26398128271102905,-0.0896778404712677,-0.026230454444885254,-0.4131212532520294,-0.026371240615844727,-0.15480896830558777,0.13550612330436707,0.6615805625915527,0.12566053867340088,-0.11282223463058472,-0.7786181569099426,0.1878948211669922
0.241126149892807,-0.3587794303894043,0.03833061456680298,-0.4061300754547119,-0.2926281988620758,-0.07392576336860657,-0.2537250518798828,0.38024836778640747,-0.28308534622192383,-0.09187856316566467,-0.1039692610502243,-0.03401106595993042,-0.0969381332397461,0.004747241735458374,-0.2579296827316284,0.04242202639579773,-0.09094896912574768,0.06304013729095459,-0.05288645625114441,0.1285446286201477,0.23358052968978882,0.21000531315803528,0.25264066457748413,0.5772019028663635,0.4833213686943054,0.011592477560043335,-0.2997347116470337,0.46810853481292725,0.3892028033733368,-0.10195522010326385,0.05271999537944794,0.0667559802532196,-0.008939087390899658,0.06189417839050293,-0.171922504901886,-0.08578965067863464,0.17403192818164825,0.11304862797260284,0.20159423351287842,-0.29237526655197144,0.011969581246376038,-0.48107096552848816,0.7425931692123413,0.3189816474914551,0.3822537660598755,-0.2381930649280548,0.3794199824333191,-0.04215496778488159,0.10170814394950867,0.09292463958263397,-0.030407249927520752,-0.4568786025047302,0.3313080072402954,0.3938411474227905,-0.24626567959785461,-0.09122836589813232,0.03248067572712898,0.1493520438671112,0.12241953611373901,-0.443423867225647,-0.21855664253234863,0.2683679163455963,-0.5189937353134155,-0.03756570816040039,-0.5746396780014038,0.11920565366744995,-0.2674484848976135,-0.6607021689414978,0.4678957164287567,0.16278892755508423,0.33853599429130554,-0.395425945520401,-0.05701359361410141,-0.30082422494888306,0.08911389112472534,0.5347630977630615,0.3509324789047241,0.5825072526931763,-0.2746957540512085,0.1544417440891266,0.21773231029510498,0.06022706627845764,-0.31617605686187744,-0.08067059516906738,-0.15822967886924744,-0.14381688833236694,-0.08418935537338257,-0.040617793798446655,-0.2763402760028839,-0.11524727940559387,-0.03020608425140381,-0.4092620015144348,-0.042517781257629395,-0.14052793383598328,0.10500714182853699,0.624762237071991,0.10027188062667847,-0.09033143520355225,-0.7522854208946228,0.16745638847351074
0.21797946095466614,-0.3629496395587921,0.014315783977508545,-0.4649834632873535,-0.33781698346138,-0.06786543130874634,-0.27474245429039,0.39340460300445557,-0.2562118470668793,-0.061990588903427124,-0.11560085415840149,-0.014789581298828125,-0.13525429368019104,0.02813345193862915,-0.26301515102386475,0.05051586031913757,-0.1259405016899109,0.062071412801742554,-0.06548148393630981,0.10226070135831833,0.23240169882774353,0.2222996950149536,0.2729611396789551,0.5671976804733276,0.5034595131874084,0.010352909564971924,-0.26309865713119507,0.465465784072876,0.4002531170845032,-0.13433243334293365,0.0885271281003952,0.08087542653083801,0.016323208808898926,0.053325802087783813,-0.1513652801513672,-0.13012093305587769,0.1538999229669571,0.07893548905849457,0.2022661566734314,-0.2488655149936676,0.03285369277000427,-0.5008127689361572,0.7525116205215454,0.35415834188461304,0.35838782787323,-0.22406288981437683,0.3713764548301697,-0.08836621046066284,0.13564763963222504,0.13960367441177368,-0.0785975307226181,-0.4427601099014282,0.3225088119506836,0.4345974624156952,-0.2506222128868103,-0.0767279863357544,0.02351996675133705,0.1279955506324768,0.14729832112789154,-0.4666261672973633,-0.1993345022201538,0.2634722590446472,-0.5263332724571228,-0.060517311096191406,-0.5897080898284912,0.12896257638931274,-0.2578335702419281,-0.6923151612281799,0.48557960987091064,0.16534316539764404,0.3519449830055237,-0.3562026917934418,-0.08395259082317352,-0.29591435194015503,0.0806611180305481,0.5112959742546082,0.3078240156173706,0.6060084700584412,-0.3086841106414795,0.2062969207763672,0.21768057346343994,0.07466915249824524,-0.32823240756988525,-0.08944487571716309,-0.17021460831165314,-0.2192860245704651,-0.12073621153831482,-0.029166221618652344,-0.2653816342353821,-0.08215862512588501,-0.026099681854248047,-0.4172823429107666,-0.037479400634765625,-0.14249441027641296,0.13602131605148315,0.674592137336731,0.11972048878669739,-0.1168283224105835,-0.7821364998817444,0.1774592399597168
0.241126149892807,-0.3587794303894043,0.03833061456680298,-0.4061300754547119,-0.2926281988620758,-0.07392576336860657,-0.2537250518798828,0.38024836778640747,-0.28308534622192383,-0.09187856316566467,-0.1039692610502243,-0.03401106595993042,-0.0969381332397461,0.004747241735458374,-0.2579296827316284,0.04242202639579773,-0.09094896912574768,0.06304013729095459,-0.05288645625114441,0.1285446286201477,0.23358052968978882,0.21000531315803528,0.25264066457748413,0.5772019028663635,0.4833213686943054,0.011592477560043335,-0.2997347116470337,0.46810853481292725,0.3892028033733368,-0.10195522010326385,0.05271999537944794,0.0667559802532196,-0.008939087390899658,0.06189417839050293,-0.171922504901886,-0.08578965067863464,0.17403192818164825,0.11304862797260284,0.20159423351287842,-0.29237526655197144,0.011969581246376038,-0.48107096552848816,0.7425931692123413,0.3189816474914551,0.3822537660598755,-0.2381930649280548,0.3794199824333191,-0.04215496778488159,0.10170814394950867,0.09292463958263397,-0.030407249927520752,-0.4568786025047302,0.3313080072402954,0.3938411474227905,-0.24626567959785461,-0.09122836589813232,0.03248067572712898,0.1493520438671112,0.12241953611373901,-0.443423867225647,-0.21855664253234863,0.2683679163455963,-0.5189937353134155,-0.03756570816040039,-0.5746396780014038,0.11920565366744995,-0.2674484848976135,-0.6607021689414978,0.4678957164287567,0.16278892755508423,0.33853599429130554,-0.395425945520401,-0.05701359361410141,-0.30082422494888306,0.08911389112472534,0.5347630977630615,0.3509324789047241,0.5825072526931763,-0.2746957540512085,0.1544417440891266,0.21773231029510498,0.06022706627845764,-0.31617605686187744,-0.08067059516906738,-0.15822967886924744,-0.14381688833236694,-0.08418935537338257,-0.040617793798446655,-0.2763402760028839,-0.11524727940559387,-0.03020608425140381,-0.4092620015144348,-0.042517781257629395,-0.14052793383598328,0.10500714182853699,0.624762237071991,0.10027188062667847,-0.09033143520355225,-0.7522854208946228,0.16745638847351074
0.2361520528793335,-0.34394049644470215,0.004562556743621826,-0.4434925317764282,-0.3257623612880707,-0.0759204626083374,-0.25620633363723755,0.38902103900909424,-0.25864166021347046,-0.05964183807373047,-0.11543828248977661,-0.020075500011444092,-0.15002354979515076,0.03202497959136963,-0.23555564880371094,0.03830885887145996,-0.12041723728179932,0.0489993691444397,-0.061122745275497437,0.10827269405126572,0.2198105752468109,0.20906677842140198,0.2776114344596863,0.5473120212554932,0.48484134674072266,0.009403079748153687,-0.2398281693458557,0.45703887939453125,0.4025919437408447,-0.11039488017559052,0.08123455941677094,0.08555290102958679,0.0017456412315368652,0.03850051760673523,-0.1655135452747345,-0.11807990074157715,0.159576416015625,0.10054758191108704,0.17639189958572388,-0.2568058669567108,0.024112075567245483,-0.5111445188522339,0.753730297088623,0.3357774615287781,0.36843743920326233,-0.2268231213092804,0.3710753619670868,-0.08242243528366089,0.12008263170719147,0.11865952610969543,-0.051649365574121475,-0.4573264718055725,0.31771883368492126,0.42961305379867554,-0.24877840280532837,-0.06666508316993713,0.03380708768963814,0.13079693913459778,0.11526313424110413,-0.47596287727355957,-0.1938159465789795,0.24788038432598114,-0.5120517015457153,-0.052343130111694336,-0.5883432030677795,0.12568014860153198,-0.26849645376205444,-0.7005530595779419,0.4719375669956207,0.16480803489685059,0.3480883836746216,-0.3614024221897125,-0.08101648837327957,-0.30302947759628296,0.07641667127609253,0.5172183513641357,0.3209823966026306,0.596493124961853,-0.3083585500717163,0.1804012954235077,0.24993646144866943,0.07466202974319458,-0.34235334396362305,-0.0813446044921875,-0.13694174587726593,-0.18382304906845093,-0.10244980454444885,-0.038694947957992554,-0.2515102028846741,-0.08625590801239014,-0.023701101541519165,-0.4054212272167206,-0.023831486701965332,-0.1579073965549469,0.13894972205162048,0.6553152203559875,0.11056524515151978,-0.1251477599143982,-0.7679855227470398,0.18068695068359375
0.24213925004005432,-0.35440507531166077,0.01489323377609253,-0.4370419979095459,-0.3152332603931427,-0.0807238519191742,-0.254557341337204,0.3840346336364746,-0.26842087507247925,-0.06656712293624878,-0.11783435940742493,-0.023531556129455566,-0.1328658163547516,0.023451149463653564,-0.23970186710357666,0.037024855613708496,-0.11974726617336273,0.06184700131416321,-0.05680897831916809,0.12323538213968277,0.2255508005619049,0.20874229073524475,0.2718498110771179,0.5631366968154907,0.4901571571826935,0.01837107539176941,-0.26641854643821716,0.4564216732978821,0.3997773826122284,-0.10582046210765839,0.06640653312206268,0.08244991302490234,-0.0031142234802246094,0.054866790771484375,-0.16923657059669495,-0.10751795768737793,0.16937333345413208,0.11141441762447357,0.18581926822662354,-0.2705516815185547,0.013406872749328613,-0.4943927526473999,0.7468768954277039,0.3306655287742615,0.37743374705314636,-0.22878359258174896,0.37734606862068176,-0.07087254524230957,0.11468806862831116,0.10907305777072906,-0.04193538427352905,-0.45735692977905273,0.32327234745025635,0.41947782039642334,-0.23955422639846802,-0.0779174268245697,0.02664022520184517,0.1326064169406891,0.12029795348644257,-0.4704737663269043,-0.20873701572418213,0.2603085935115814,-0.5180445909500122,-0.05283677577972412,-0.5902369618415833,0.12258344888687134,-0.2672063708305359,-0.6879239678382874,0.47707822918891907,0.16637372970581055,0.34821322560310364,-0.37137502431869507,-0.0796830803155899,-0.30215954780578613,0.08741259574890137,0.5290844440460205,0.32873570919036865,0.5948184728622437,-0.2924264669418335,0.16903114318847656,0.2348325252532959,0.06218081712722778,-0.34347498416900635,-0.07919889688491821,-0.14516396820545197,-0.16469120979309082,-0.09946027398109436,-0.03348226845264435,-0.2680298089981079,-0.09479683637619019,-0.028869032859802246,-0.4139299988746643,-0.030925244092941284,-0.1506323516368866,0.123999685049057,0.6470107436180115,0.11395901441574097,-0.11038768291473389,-0.774247944355011,0.18080997467041016
0.24152514338493347,-0.3588523268699646,0.038811326026916504,-0.40478554368019104,-0.29229971766471863,-0.07440999150276184,-0.2532491385936737,0.38005608320236206,-0.2839753031730652,-0.09247395396232605,-0.10384052991867065,-0.03495281934738159,-0.09798678755760193,0.002238661050796509,-0.2577916383743286,0.04276737570762634,-0.09044747054576874,0.06201577186584473,-0.05208352208137512,0.12674623727798462,0.23494815826416016,0.211078941822052,0.25249165296554565,0.578369677066803,0.48187440633773804,0.009899049997329712,-0.2974421977996826,0.4701976776123047,0.3902488052845001,-0.10093237459659576,0.05311034619808197,0.06620219349861145,-0.008932173252105713,0.060454607009887695,-0.1727130115032196,-0.08411914110183716,0.1729165017604828,0.11364050209522247,0.20057064294815063,-0.2935461699962616,0.010908916592597961,-0.4826599657535553,0.7455968856811523,0.3192840814590454,0.38370251655578613,-0.23986351490020752,0.37975749373435974,-0.04065597057342529,0.10041627287864685,0.09223508834838867,-0.02759028971195221,-0.4589945673942566,0.3313972055912018,0.3933042287826538,-0.24861431121826172,-0.09115225076675415,0.03393055871129036,0.15140753984451294,0.1213148832321167,-0.4438002109527588,-0.2167654037475586,0.26705262064933777,-0.5182609558105469,-0.0364152193069458,-0.5749304890632629,0.11924540996551514,-0.26856523752212524,-0.6620218753814697,0.46697720885276794,0.16232633590698242,0.33894240856170654,-0.3972656726837158,-0.05610828101634979,-0.30088722705841064,0.0891309380531311,0.5350726842880249,0.35235798358917236,0.5834556221961975,-0.27631595730781555,0.15424883365631104,0.21963179111480713,0.06057804822921753,-0.31416594982147217,-0.08199429512023926,-0.15711407363414764,-0.14154532551765442,-0.08309447765350342,-0.04234917461872101,-0.27478769421577454,-0.11723151803016663,-0.029723674058914185,-0.407934308052063,-0.040885359048843384,-0.14327159523963928,0.1063866913318634,0.6231657266616821,0.1001313328742981,-0.09100073575973511,-0.7499189376831055,0.1664257049560547
0.248313307762146,-0.3485383093357086,-0.004597842693328857,-0.4562549591064453,-0.33058521151542664,-0.08690237998962402,-0.2537810206413269,0.39171284437179565,-0.2603400945663452,-0.05340546369552612,-0.12646619975566864,-0.01695770025253296,-0.15805849432945251,0.04077836871147156,-0.2250887155532837,0.029571592807769775,-0.13682019710540771,0.05695047974586487,-0.061612337827682495,0.12498477846384048,0.21674618124961853,0.20329321920871735,0.2870386838912964,0.5518476963043213,0.49831297993659973,0.024819940328598022,-0.24655944108963013,0.44877249002456665,0.4088866114616394,-0.10501457750797272,0.07456032931804657,0.09477025270462036,-0.0008965134620666504,0.04625028371810913,-0.17083415389060974,-0.12352210283279419,0.17202377319335938,0.11366309225559235,0.17200809717178345,-0.2580791115760803,0.015997231006622314,-0.5092253684997559,0.7543302178382874,0.33725592494010925,0.3791062533855438,-0.22207552194595337,0.3814369738101959,-0.08750927448272705,0.1237877607345581,0.11789226531982422,-0.047510236501693726,-0.46284282207489014,0.3188350200653076,0.44153469800949097,-0.23419147729873657,-0.07107272744178772,0.023859981447458267,0.1217157170176506,0.11153239011764526,-0.4947751760482788,-0.2062053680419922,0.254462331533432,-0.5208912491798401,-0.06234872341156006,-0.6034278273582458,0.125738263130188,-0.27031439542770386,-0.7126263380050659,0.4875411093235016,0.1706046462059021,0.3553810119628906,-0.35980844497680664,-0.09186781942844391,-0.3104563355445862,0.08715826272964478,0.5332982540130615,0.3194866180419922,0.604120135307312,-0.30391785502433777,0.17064940929412842,0.2564051151275635,0.06420168280601501,-0.37075352668762207,-0.07416242361068726,-0.1307421624660492,-0.17576143145561218,-0.10286051034927368,-0.03130403161048889,-0.26205503940582275,-0.08093714714050293,-0.026661187410354614,-0.4185102880001068,-0.024159282445907593,-0.15690690279006958,0.13436192274093628,0.6673582792282104,0.11954957246780396,-0.1242782473564148,-0.7948949337005615,0.1957836151123047
0.23194476962089539,-0.35768353939056396,0.0017365813255310059,-0.46582651138305664,-0.3412219285964966,-0.06930053234100342,-0.2711409330368042,0.40017789602279663,-0.2562926709651947,-0.055243998765945435,-0.117707759141922,-0.013244390487670898,-0.15358588099479675,0.04027155041694641,-0.25097906589508057,0.04869243502616882,-0.1264129877090454,0.05496835708618164,-0.06621953845024109,0.10829585045576096,0.22767531871795654,0.21851690113544464,0.28384220600128174,0.558060884475708,0.5018226504325867,0.010671854019165039,-0.2493996024131775,0.4633464217185974,0.4061599373817444,-0.12775172293186188,0.08828370273113251,0.08885827660560608,0.009870648384094238,0.04221382737159729,-0.16001400351524353,-0.12970054149627686,0.15953637659549713,0.08943204581737518,0.19188952445983887,-0.2509426474571228,0.03311094641685486,-0.5205303430557251,0.7633103132247925,0.35342806577682495,0.3664257526397705,-0.227402001619339,0.3754398822784424,-0.09429973363876343,0.13228252530097961,0.1339910924434662,-0.07332742214202881,-0.45871227979660034,0.32772281765937805,0.4444972574710846,-0.2510862946510315,-0.06647869944572449,0.027947310358285904,0.128892719745636,0.13348279893398285,-0.478513240814209,-0.1978759765625,0.26027074456214905,-0.5260667204856873,-0.057398080825805664,-0.5966712236404419,0.13183587789535522,-0.26697179675102234,-0.7101015448570251,0.48154520988464355,0.1664257049560547,0.3564821183681488,-0.36105698347091675,-0.08724823594093323,-0.3041379451751709,0.07514053583145142,0.5190649032592773,0.31566470861434937,0.6093693375587463,-0.3173845410346985,0.2018832266330719,0.242997407913208,0.07780531048774719,-0.34421539306640625,-0.0830184817314148,-0.15634770691394806,-0.21141397953033447,-0.11741089820861816,-0.03393429517745972,-0.25813496112823486,-0.07685822248458862,-0.02454078197479248,-0.4194651246070862,-0.03085339069366455,-0.15320289134979248,0.14334681630134583,0.6828905940055847,0.11441183090209961,-0.1330934762954712,-0.7925000190734863,0.18412160873413086
0.22437462210655212,-0.3525075614452362,0.003184378147125244,-0.4583224952220917,-0.3360176384449005,-0.06755620241165161,-0.26770150661468506,0.3941558599472046,-0.2514881193637848,-0.05676388740539551,-0.11506445705890656,-0.012851834297180176,-0.14797794818878174,0.03675132989883423,-0.2503281831741333,0.0481717586517334,-0.1256084442138672,0.053053855895996094,-0.066456139087677,0.10437101870775223,0.22459998726844788,0.21603652834892273,0.27843040227890015,0.5495625138282776,0.4935355484485626,0.008690893650054932,-0.245744526386261,0.45738375186920166,0.4001829922199249,-0.12799663841724396,0.08731262385845184,0.08795586228370667,0.011498510837554932,0.043283164501190186,-0.15564072132110596,-0.1299586296081543,0.15437886118888855,0.08577887713909149,0.18986576795578003,-0.2449950873851776,0.031713277101516724,-0.5097073316574097,0.7513027787208557,0.34846776723861694,0.35849106311798096,-0.22332024574279785,0.36868542432785034,-0.09312742948532104,0.1317865550518036,0.13498252630233765,-0.0727691501379013,-0.44873517751693726,0.32095015048980713,0.4371461868286133,-0.24782931804656982,-0.06683224439620972,0.02706708386540413,0.12613075971603394,0.13252313435077667,-0.4683070182800293,-0.19424283504486084,0.2542262077331543,-0.5165210366249084,-0.05660295486450195,-0.5865374207496643,0.12867116928100586,-0.2617892026901245,-0.6977375745773315,0.475227028131485,0.1639617681503296,0.3501926362514496,-0.35321879386901855,-0.08465410768985748,-0.297136127948761,0.07543677091598511,0.5078593492507935,0.3086583614349365,0.5993061661720276,-0.3120914101600647,0.20041483640670776,0.2346428632736206,0.07739487290382385,-0.33569908142089844,-0.08425259590148926,-0.15567265450954437,-0.21020925045013428,-0.11729860305786133,-0.03384080529212952,-0.253717839717865,-0.07607495784759521,-0.02349838614463806,-0.41287165880203247,-0.03112131357192993,-0.15026023983955383,0.14022332429885864,0.6712161898612976,0.1134772002696991,-0.12796729803085327,-0.7783893346786499,0.17927813529968262
0.22407793998718262,-0.3599283695220947,0.014815747737884521,-0.45435959100723267,-0.33015844225883484,-0.0686495304107666,-0.26830005645751953,0.39296504855155945,-0.26116999983787537,-0.06741702556610107,-0.11225740611553192,-0.018083512783050537,-0.1323820948600769,0.02636149525642395,-0.259456992149353,0.04858040809631348,-0.12109477818012238,0.05890265107154846,-0.06428152322769165,0.10938993841409683,0.23043406009674072,0.2176196426153183,0.27156734466552734,0.5665408968925476,0.4984031915664673,0.00938001275062561,-0.26430678367614746,0.465928316116333,0.4002796411514282,-0.12757687270641327,0.08245323598384857,0.08091887831687927,0.010571181774139404,0.05306932330131531,-0.15719681978225708,-0.1246497631072998,0.15837837755680084,0.08712846040725708,0.19793742895126343,-0.2541314959526062,0.0266992449760437,-0.5008904933929443,0.7541384696960449,0.3467544913291931,0.36416932940483093,-0.22500628232955933,0.3765091300010681,-0.08184248208999634,0.13064348697662354,0.13216230273246765,-0.06708016991615295,-0.4486501216888428,0.32398197054862976,0.4322994649410248,-0.24742987751960754,-0.07880842685699463,0.02694300189614296,0.1303638517856598,0.1359950602054596,-0.465040922164917,-0.202042818069458,0.25967517495155334,-0.522852897644043,-0.0556560754776001,-0.5882949829101562,0.12610983848571777,-0.26150834560394287,-0.6932998299598694,0.4849357008934021,0.16728180646896362,0.3514801859855652,-0.36074161529541016,-0.07706966996192932,-0.3000120520591736,0.08336156606674194,0.515811026096344,0.3159528374671936,0.6014776825904846,-0.30415552854537964,0.19477608799934387,0.2232900857925415,0.07271713018417358,-0.3318488597869873,-0.08664709329605103,-0.1621360331773758,-0.20370808243751526,-0.11264556646347046,-0.03339003026485443,-0.26512235403060913,-0.0868876576423645,-0.02513176202774048,-0.4171808660030365,-0.038156360387802124,-0.14487695693969727,0.13185051083564758,0.667543888092041,0.11667001247406006,-0.11257344484329224,-0.779043972492218,0.17966914176940918
0.21986454725265503,-0.3501740097999573,0.0055506229400634766,-0.45680704712867737,-0.33493220806121826,-0.07181733846664429,-0.2652040123939514,0.3884175717830658,-0.2502342164516449,-0.056392401456832886,-0.11768805980682373,-0.013863682746887207,-0.147233247756958,0.029913604259490967,-0.24796247482299805,0.04487404227256775,-0.13037022948265076,0.054437726736068726,-0.06417074799537659,0.09827607125043869,0.22384655475616455,0.2161356806755066,0.2748714089393616,0.5499805212020874,0.4908052980899811,0.009072035551071167,-0.24104011058807373,0.4560004472732544,0.40059417486190796,-0.1259993463754654,0.0886140912771225,0.08608007431030273,0.013945281505584717,0.04589584469795227,-0.15432080626487732,-0.12988024950027466,0.15002967417240143,0.08448019623756409,0.18616801500320435,-0.24207010865211487,0.02795824408531189,-0.5015948414802551,0.7473901510238647,0.3468863070011139,0.35631805658340454,-0.22072045505046844,0.36687663197517395,-0.0916663408279419,0.13130690157413483,0.13543039560317993,-0.06740871071815491,-0.44325876235961914,0.31355053186416626,0.4331382215023041,-0.24724680185317993,-0.06994646787643433,0.02650177851319313,0.12398920208215714,0.13324305415153503,-0.47000205516815186,-0.19055402278900146,0.24978265166282654,-0.5125620365142822,-0.060323119163513184,-0.5856236815452576,0.1256902813911438,-0.258633017539978,-0.6946340203285217,0.4766261875629425,0.16386574506759644,0.34766054153442383,-0.3474970757961273,-0.08520802855491638,-0.2933589220046997,0.07889854907989502,0.5037451386451721,0.3030444383621216,0.5986931920051575,-0.31087246537208557,0.19814038276672363,0.23026573657989502,0.07457372546195984,-0.33225882053375244,-0.08821773529052734,-0.1522238403558731,-0.20761914551258087,-0.11613613367080688,-0.03253251314163208,-0.2538086175918579,-0.07959997653961182,-0.02358388900756836,-0.4074594974517822,-0.027627259492874146,-0.15144023299217224,0.14078480005264282,0.66349196434021,0.11914631724357605,-0.12164497375488281,-0.7690233588218689,0.1780695915222168
0.20722362399101257,-0.3678191900253296,0.006370484828948975,-0.4812324345111847,-0.34837105870246887,-0.06562930345535278,-0.281307190656662,0.39277803897857666,-0.24399003386497498,-0.051057636737823486,-0.12159226834774017,-0.0033225417137145996,-0.14086464047431946,0.03718814253807068,-0.2686833143234253,0.05520564317703247,-0.14443270862102509,0.06883561611175537,-0.07073655724525452,0.10333772748708725,0.23203593492507935,0.22472068667411804,0.27671903371810913,0.5611369609832764,0.5088822841644287,0.017120569944381714,-0.26306936144828796,0.45255398750305176,0.3972723186016083,-0.14950789511203766,0.08982740342617035,0.09219756722450256,0.025431156158447266,0.06254422664642334,-0.14127838611602783,-0.14523780345916748,0.14979533851146698,0.07052820920944214,0.20859360694885254,-0.22984108328819275,0.034461960196495056,-0.4917279779911041,0.7396194338798523,0.362518846988678,0.3472042679786682,-0.2126510739326477,0.36755093932151794,-0.10522741079330444,0.14721035957336426,0.15635472536087036,-0.0944070816040039,-0.43136727809906006,0.3205278515815735,0.44155368208885193,-0.23852506279945374,-0.0758233368396759,0.009262818843126297,0.11316322535276413,0.16035127639770508,-0.46203935146331787,-0.20189476013183594,0.26665061712265015,-0.5232176780700684,-0.06983041763305664,-0.5881083011627197,0.12773722410202026,-0.2493971586227417,-0.6876682043075562,0.48772919178009033,0.16749721765518188,0.35245072841644287,-0.33729028701782227,-0.0939445048570633,-0.28418999910354614,0.0834159255027771,0.49874988198280334,0.2862687110900879,0.6043826341629028,-0.3080788850784302,0.22080381214618683,0.2010735273361206,0.07101747393608093,-0.33235788345336914,-0.09053260087966919,-0.18068040907382965,-0.2374751716852188,-0.13839447498321533,-0.020259633660316467,-0.26814430952072144,-0.0644676685333252,-0.027281224727630615,-0.4246225655078888,-0.04190829396247864,-0.13578394055366516,0.13518813252449036,0.6863832473754883,0.12802326679229736,-0.11959302425384521,-0.7935546636581421,0.1790926456451416
0.21945855021476746,-0.35634860396385193,0.008643031120300293,-0.46208763122558594,-0.3392278850078583,-0.0667726993560791,-0.2722848653793335,0.39610475301742554,-0.2534840703010559,-0.05994519591331482,-0.11431077122688293,-0.01436161994934082,-0.14329394698143005,0.031581997871398926,-0.25666069984436035,0.04954183101654053,-0.12441480159759521,0.05538162589073181,-0.06591790914535522,0.09836293011903763,0.22872859239578247,0.22017961740493774,0.27571916580200195,0.5570589303970337,0.49823978543281555,0.006833404302597046,-0.25043797492980957,0.46363794803619385,0.4013339877128601,-0.13141049444675446,0.09167610108852386,0.08280494809150696,0.01625657081604004,0.045118361711502075,-0.15306323766708374,-0.13096016645431519,0.1509322077035904,0.07969063520431519,0.1949678659439087,-0.24584195017814636,0.03554239869117737,-0.5097301006317139,0.7559172511100769,0.3537587523460388,0.3568801283836365,-0.22453853487968445,0.37022697925567627,-0.09064579010009766,0.13389870524406433,0.13839438557624817,-0.07640251517295837,-0.4458448886871338,0.32086747884750366,0.4374743700027466,-0.25298410654067993,-0.07082459330558777,0.02759258821606636,0.12949234247207642,0.1403581202030182,-0.46885836124420166,-0.19331884384155273,0.2560790181159973,-0.5211918354034424,-0.058400630950927734,-0.5879560112953186,0.12966597080230713,-0.259858638048172,-0.6987177729606628,0.47911590337753296,0.16330283880233765,0.3505173623561859,-0.35397112369537354,-0.08281246572732925,-0.2977990508079529,0.07571166753768921,0.5074254870414734,0.3076469898223877,0.6048333048820496,-0.3141741454601288,0.20574507117271423,0.23004579544067383,0.07923513650894165,-0.32919323444366455,-0.088448166847229,-0.16210034489631653,-0.21906033158302307,-0.11888536810874939,-0.033050537109375,-0.2572261095046997,-0.08030888438224792,-0.023594677448272705,-0.4115758538246155,-0.03213930130004883,-0.14856407046318054,0.14209145307540894,0.6741604804992676,0.11634266376495361,-0.12358623743057251,-0.7767535448074341,0.1776900291442871
0.2381245493888855,-0.3376612961292267,0.010223865509033203,-0.4232930541038513,-0.311404824256897,-0.07960590720176697,-0.2463812232017517,0.3815387487411499,-0.2614830732345581,-0.06815174221992493,-0.11313024163246155,-0.025319993495941162,-0.13786467909812927,0.022549301385879517,-0.2301020622253418,0.032288938760757446,-0.11351221799850464,0.04752734303474426,-0.05757039785385132,0.11043759435415268,0.21705758571624756,0.20245377719402313,0.26898419857025146,0.5421050786972046,0.47391021251678467,0.009480714797973633,-0.24302974343299866,0.45203685760498047,0.3976609408855438,-0.09876663982868195,0.0717083066701889,0.08185020089149475,-0.002952277660369873,0.04009997844696045,-0.16829928755760193,-0.10700640082359314,0.16061408817768097,0.10796165466308594,0.17062634229660034,-0.26333141326904297,0.017513319849967957,-0.4986395835876465,0.7438639402389526,0.3234059810638428,0.3696216940879822,-0.22711515426635742,0.3689418435096741,-0.0692223310470581,0.11109364032745361,0.10678757727146149,-0.035307541489601135,-0.45365917682647705,0.3112430274486542,0.41487547755241394,-0.24545204639434814,-0.07149159908294678,0.03484927490353584,0.13402867317199707,0.10648484528064728,-0.46749961376190186,-0.19468414783477783,0.24232211709022522,-0.5032956004142761,-0.04814434051513672,-0.5790084004402161,0.12124103307723999,-0.2663663625717163,-0.6862891912460327,0.4630211591720581,0.16141819953918457,0.33899250626564026,-0.364790141582489,-0.0738828182220459,-0.30024951696395874,0.08041709661483765,0.5163164734840393,0.3253968358039856,0.5850769281387329,-0.29693982005119324,0.16270124912261963,0.24857723712921143,0.07025337219238281,-0.3356121778488159,-0.07992762327194214,-0.1294640451669693,-0.16056440770626068,-0.09090161323547363,-0.0414707213640213,-0.2500126361846924,-0.09502959251403809,-0.023745417594909668,-0.3952338695526123,-0.02233031392097473,-0.15726184844970703,0.12891170382499695,0.6329184174537659,0.10628694295883179,-0.11451470851898193,-0.7487505078315735,0.17559266090393066
0.2115117609500885,-0.35693761706352234,0.019632935523986816,-0.448026180267334,-0.3260715901851654,-0.06419813632965088,-0.2711828052997589,0.38693881034851074,-0.25273844599723816,-0.06828618049621582,-0.10978664457798004,-0.014851689338684082,-0.12049928307533264,0.025594085454940796,-0.26446568965911865,0.05083373188972473,-0.1190653145313263,0.061897069215774536,-0.06502243876457214,0.10409259051084518,0.22862353920936584,0.21757711470127106,0.26276910305023193,0.5553082227706909,0.49192413687705994,0.010036647319793701,-0.2699921429157257,0.45525503158569336,0.38807985186576843,-0.13336585462093353,0.08052121102809906,0.07881501317024231,0.016141891479492188,0.05805957317352295,-0.1476433277130127,-0.12507665157318115,0.15141214430332184,0.07834687829017639,0.20448660850524902,-0.24706627428531647,0.03310564160346985,-0.48526620864868164,0.7329386472702026,0.34474122524261475,0.3494158983230591,-0.21933600306510925,0.3648725748062134,-0.08133262395858765,0.1313854455947876,0.13458368182182312,-0.0768648087978363,-0.4317420721054077,0.31885212659835815,0.419509619474411,-0.24350810050964355,-0.0790545642375946,0.02086609974503517,0.12718889117240906,0.14728407561779022,-0.44595837593078613,-0.20106816291809082,0.26040396094322205,-0.5141922235488892,-0.0566248893737793,-0.5721120238304138,0.12382155656814575,-0.2511547803878784,-0.6697530150413513,0.47108978033065796,0.16077864170074463,0.3406783938407898,-0.35213905572891235,-0.07651640474796295,-0.28716713190078735,0.08015632629394531,0.49919044971466064,0.30458688735961914,0.5885917544364929,-0.29593345522880554,0.19908715784549713,0.20478832721710205,0.07270890474319458,-0.3156369924545288,-0.087502121925354,-0.17200742661952972,-0.21051852405071259,-0.11823081970214844,-0.02905181050300598,-0.2634410858154297,-0.08244585990905762,-0.02599087357521057,-0.4082298278808594,-0.04101508855819702,-0.13466006517410278,0.1260998547077179,0.6567760705947876,0.11398246884346008,-0.10800617933273315,-0.7626487016677856,0.1683974266052246
0.240542471408844,-0.34033024311065674,0.0051958560943603516,-0.43661126494407654,-0.3222419321537018,-0.07466179132461548,-0.25245901942253113,0.3926162123680115,-0.2627587914466858,-0.06502583622932434,-0.11141686141490936,-0.024155259132385254,-0.1484525203704834,0.030052393674850464,-0.23193275928497314,0.03676459193229675,-0.11071021854877472,0.04315033555030823,-0.05997893214225769,0.10754436999559402,0.2192259430885315,0.20684196054935455,0.27687716484069824,0.5452096462249756,0.48217442631721497,0.004512965679168701,-0.2362181842327118,0.46201127767562866,0.4034575819969177,-0.10326118767261505,0.08162002265453339,0.08150461316108704,-0.0015333294868469238,0.03129848837852478,-0.16880282759666443,-0.11243724822998047,0.1598157435655594,0.10307130217552185,0.17176347970962524,-0.263523668050766,0.025787070393562317,-0.5187695622444153,0.761320948600769,0.3326689600944519,0.37150290608406067,-0.2321358472108841,0.37264159321784973,-0.07592600584030151,0.11548984050750732,0.11274418234825134,-0.04688155651092529,-0.4619365930557251,0.3185804486274719,0.4294987916946411,-0.25465238094329834,-0.06461736559867859,0.04106094315648079,0.1388395130634308,0.10747858881950378,-0.47680366039276123,-0.19086194038391113,0.24362555146217346,-0.5122659206390381,-0.046520113945007324,-0.5873472094535828,0.12781673669815063,-0.2720370590686798,-0.7045606374740601,0.46846288442611694,0.16233384609222412,0.34760257601737976,-0.36864587664604187,-0.07593939453363419,-0.3098118305206299,0.07311809062957764,0.5202274322509766,0.32984042167663574,0.5960813760757446,-0.31036460399627686,0.1753826141357422,0.26139700412750244,0.07923179864883423,-0.3403373956680298,-0.07948333024978638,-0.13211265206336975,-0.17866405844688416,-0.09550654888153076,-0.0439177006483078,-0.2467314749956131,-0.09279531240463257,-0.021297365427017212,-0.4008849561214447,-0.022013336420059204,-0.16183322668075562,0.14098507165908813,0.6519044637680054,0.10399255156517029,-0.12717729806900024,-0.7623047232627869,0.18020057678222656
0.22600522637367249,-0.3548036515712738,0.014366388320922852,-0.4424547553062439,-0.32288220524787903,-0.06750506162643433,-0.263802707195282,0.3887980580329895,-0.2596476376056671,-0.06697231531143188,-0.11108916997909546,-0.017836034297943115,-0.13081517815589905,0.026291728019714355,-0.2534756660461426,0.04794752597808838,-0.11462754011154175,0.056759923696517944,-0.06195142865180969,0.11007095128297806,0.22787481546401978,0.21505649387836456,0.2690116763114929,0.5559364557266235,0.4893324077129364,0.009007871150970459,-0.2618546783924103,0.4590415358543396,0.3939068913459778,-0.12207289040088654,0.07661031186580658,0.08126941323280334,0.006670892238616943,0.0497705340385437,-0.15775543451309204,-0.11622235178947449,0.15832139551639557,0.0918198823928833,0.1947605013847351,-0.25711578130722046,0.02731144428253174,-0.4982542097568512,0.7451682686805725,0.33959758281707764,0.36271071434020996,-0.22733841836452484,0.3690893054008484,-0.07809901237487793,0.12250679731369019,0.12334752082824707,-0.06311662495136261,-0.44757580757141113,0.32354047894477844,0.42168694734573364,-0.24719738960266113,-0.07331278920173645,0.02774753049015999,0.13336819410324097,0.13213752210140228,-0.4565258026123047,-0.20110607147216797,0.2582266628742218,-0.5150583982467651,-0.0501483678817749,-0.5793574452400208,0.12613904476165771,-0.2617269456386566,-0.6818487048149109,0.4692448377609253,0.16221386194229126,0.34502217173576355,-0.3639807105064392,-0.0767534077167511,-0.29535597562789917,0.07829445600509644,0.5116895437240601,0.3191288709640503,0.5915261507034302,-0.29949837923049927,0.188978374004364,0.22546207904815674,0.07259461283683777,-0.3257420063018799,-0.08342242240905762,-0.159947469830513,-0.19258417189121246,-0.11001724004745483,-0.03494077920913696,-0.2599108815193176,-0.08734080195426941,-0.0257185697555542,-0.4107436239719391,-0.03559193015098572,-0.1456393301486969,0.12978723645210266,0.655704915523529,0.10819429159164429,-0.11753594875335693,-0.7671228647232056,0.17371416091918945
0.22775128483772278,-0.3619171679019928,0.01784294843673706,-0.4497029185295105,-0.32477080821990967,-0.07436484098434448,-0.2642633318901062,0.39017271995544434,-0.2655670642852783,-0.07046303153038025,-0.11614187061786652,-0.01920074224472046,-0.12537646293640137,0.02191305160522461,-0.25668227672576904,0.04354932904243469,-0.12167514860630035,0.06414440274238586,-0.061509162187576294,0.11597902327775955,0.23137840628623962,0.21566277742385864,0.268404483795166,0.5689253807067871,0.5013235807418823,0.015642374753952026,-0.27444425225257874,0.46203047037124634,0.3984869420528412,-0.12020574510097504,0.07479332387447357,0.08029255270957947,0.008696317672729492,0.05833861231803894,-0.15820327401161194,-0.11816716194152832,0.1622590869665146,0.09382382035255432,0.19731926918029785,-0.2607291042804718,0.023142531514167786,-0.4923856258392334,0.7495729327201843,0.3426729142665863,0.3680952489376068,-0.2256375551223755,0.37834692001342773,-0.07446104288101196,0.12511904537677765,0.12586960196495056,-0.05999750271439552,-0.4467639923095703,0.32306477427482605,0.42551326751708984,-0.24385640025138855,-0.08327141404151917,0.022456321865320206,0.131829172372818,0.13554354012012482,-0.4654332399368286,-0.20899057388305664,0.2635164260864258,-0.5245640277862549,-0.05582594871520996,-0.5880704522132874,0.12529116868972778,-0.2603968679904938,-0.6860715746879578,0.48510754108428955,0.1665734052658081,0.3487631380558014,-0.3655710816383362,-0.07788941264152527,-0.3002479076385498,0.08795177936553955,0.5220533609390259,0.31885969638824463,0.5996707677841187,-0.296025812625885,0.18506255745887756,0.22088909149169922,0.06692826747894287,-0.3343222141265869,-0.08462011814117432,-0.1624211221933365,-0.19201913475990295,-0.10944271087646484,-0.03089265525341034,-0.2711961269378662,-0.09167119860649109,-0.02763417363166809,-0.416776180267334,-0.0391620397567749,-0.14251485466957092,0.12442761659622192,0.6612424850463867,0.11618649959564209,-0.10683023929595947,-0.7780562043190002,0.179945707321167
0.2368704378604889,-0.3426553010940552,0.004648327827453613,-0.44028669595718384,-0.32605165243148804,-0.07725095748901367,-0.2531932592391968,0.3897377848625183,-0.2620106041431427,-0.06189689040184021,-0.11516211926937103,-0.022457003593444824,-0.1540851593017578,0.024727582931518555,-0.2340775728225708,0.0385417640209198,-0.11821126937866211,0.04483404755592346,-0.0587938129901886,0.10161811858415604,0.22220787405967712,0.21127000451087952,0.27701079845428467,0.549877405166626,0.4825104773044586,0.003817737102508545,-0.23065364360809326,0.4639139175415039,0.40748530626296997,-0.10662607848644257,0.08454976975917816,0.0831841230392456,0.0017934441566467285,0.03326120972633362,-0.16840821504592896,-0.11462974548339844,0.15580253303050995,0.10056087374687195,0.17101609706878662,-0.2584754228591919,0.021538779139518738,-0.5170955657958984,0.7641964554786682,0.336312472820282,0.372169554233551,-0.23153528571128845,0.37314045429229736,-0.0791095495223999,0.11655901372432709,0.11710891127586365,-0.04339328408241272,-0.4623216986656189,0.3163449168205261,0.43024152517318726,-0.25631171464920044,-0.06594473123550415,0.04009910300374031,0.1363832950592041,0.10990811884403229,-0.48087966442108154,-0.18785452842712402,0.2419441044330597,-0.5110369920730591,-0.04962718486785889,-0.590228259563446,0.12612438201904297,-0.2715984582901001,-0.7077531218528748,0.4722852408885956,0.1643696427345276,0.3489523231983185,-0.36474257707595825,-0.07770903408527374,-0.305625855922699,0.07656961679458618,0.5183225870132446,0.3245934247970581,0.6005666255950928,-0.3143725097179413,0.1796463429927826,0.2587003707885742,0.07667163014411926,-0.33846235275268555,-0.08515238761901855,-0.13178837299346924,-0.17986492812633514,-0.0985456109046936,-0.04385291039943695,-0.24750323593616486,-0.09300851821899414,-0.021663308143615723,-0.4017358720302582,-0.018939882516860962,-0.16622504591941833,0.14426615834236145,0.6529257893562317,0.1101488471031189,-0.12647652626037598,-0.7609926462173462,0.18105602264404297
0.23072203993797302,-0.34369024634361267,0.016870319843292236,-0.4322529137134552,-0.31872567534446716,-0.08140909671783447,-0.25110119581222534,0.3853938579559326,-0.26838380098342896,-0.07343703508377075,-0.1141027957201004,-0.028216123580932617,-0.13753575086593628,0.009681075811386108,-0.2423475980758667,0.03599241375923157,-0.11567254364490509,0.04846271872520447,-0.05534514784812927,0.09898371249437332,0.22601208090782166,0.21229222416877747,0.26432788372039795,0.5611893534660339,0.483818918466568,0.003445923328399658,-0.24324950575828552,0.4706094264984131,0.4059278666973114,-0.10445185005664825,0.08278404176235199,0.07323548197746277,0.004229247570037842,0.04149281978607178,-0.16803866624832153,-0.10994365811347961,0.15379785001277924,0.09700803458690643,0.1740080714225769,-0.2624477744102478,0.01766417920589447,-0.503189206123352,0.7628704309463501,0.33451056480407715,0.37271371483802795,-0.2306501865386963,0.3787587881088257,-0.065341055393219,0.11543083190917969,0.11552157998085022,-0.03452020883560181,-0.4569253921508789,0.3103172481060028,0.421271950006485,-0.2579811215400696,-0.08017081022262573,0.04089020565152168,0.13941755890846252,0.11253850162029266,-0.47766685485839844,-0.18966567516326904,0.24168461561203003,-0.5130913257598877,-0.050618886947631836,-0.5866506099700928,0.12087094783782959,-0.2667366564273834,-0.7000128626823425,0.481259822845459,0.16589069366455078,0.3447664678096771,-0.36719539761543274,-0.06829266250133514,-0.30530089139938354,0.08629018068313599,0.5205703973770142,0.3253582715988159,0.5999219417572021,-0.30755841732025146,0.17206797003746033,0.2474052906036377,0.07193350791931152,-0.3296011686325073,-0.09049183130264282,-0.13393491506576538,-0.17406591773033142,-0.08970844745635986,-0.04439100623130798,-0.25455331802368164,-0.10576266050338745,-0.02220413088798523,-0.39594095945358276,-0.022477686405181885,-0.161016047000885,0.13603049516677856,0.6426573991775513,0.11509406566619873,-0.10677486658096313,-0.7477651834487915,0.17905354499816895
0.21650239825248718,-0.3686172366142273,0.028429090976715088,-0.4469749629497528,-0.3225214183330536,-0.0653643012046814,-0.2739602327346802,0.387370228767395,-0.2637772262096405,-0.07508230209350586,-0.10994987189769745,-0.018372297286987305,-0.1112944483757019,0.017377763986587524,-0.2754298448562622,0.05415976047515869,-0.115418940782547,0.06844314932823181,-0.06286191940307617,0.11191529780626297,0.2379772961139679,0.2225957214832306,0.2605753540992737,0.5766960382461548,0.49986976385116577,0.01204177737236023,-0.29035434126853943,0.4660046100616455,0.3914164900779724,-0.13449476659297943,0.0738677829504013,0.07541638612747192,0.012754321098327637,0.0660979151725769,-0.15208113193511963,-0.1175917387008667,0.15919312834739685,0.0827580988407135,0.21502280235290527,-0.25976455211639404,0.026942342519760132,-0.4833225905895233,0.7414781451225281,0.34587472677230835,0.36104193329811096,-0.22572363913059235,0.37327757477760315,-0.07267826795578003,0.12845450639724731,0.1306743323802948,-0.070823535323143,-0.4398113489151001,0.32797712087631226,0.416553795337677,-0.24589458107948303,-0.08783257007598877,0.01993553712964058,0.13276860117912292,0.15140791237354279,-0.44636380672454834,-0.21094751358032227,0.2719684839248657,-0.5252118110656738,-0.05365145206451416,-0.5791289806365967,0.12372738122940063,-0.2556266784667969,-0.6691392064094543,0.4807983636856079,0.16520339250564575,0.3456597626209259,-0.3670720160007477,-0.07282902300357819,-0.2894715666770935,0.0866503119468689,0.5137927532196045,0.31669294834136963,0.5950807929039001,-0.29146867990493774,0.1960621178150177,0.19766080379486084,0.06689339876174927,-0.3145648241043091,-0.0894896388053894,-0.18118146061897278,-0.20185813307762146,-0.11517941951751709,-0.029585227370262146,-0.27582043409347534,-0.09075474739074707,-0.028967052698135376,-0.4189244210720062,-0.04757416248321533,-0.13270369172096252,0.11870372295379639,0.6592463254928589,0.11543041467666626,-0.10063272714614868,-0.7725337147712708,0.1695539951324463
0.23062318563461304,-0.36044755578041077,0.019931674003601074,-0.44502687454223633,-0.322722852230072,-0.07201588153839111,-0.2650544345378876,0.39123183488845825,-0.26736485958099365,-0.0721062421798706,-0.11177030205726624,-0.022183358669281006,-0.12529385089874268,0.02160954475402832,-0.25591957569122314,0.044317156076431274,-0.11405865848064423,0.06057080626487732,-0.06106916069984436,0.11436308175325394,0.23170232772827148,0.21571747958660126,0.2691532373428345,0.5695593357086182,0.4972272515296936,0.011615395545959473,-0.273130863904953,0.46609193086624146,0.3990125358104706,-0.1187341958284378,0.07500515878200531,0.07764649391174316,0.005921065807342529,0.053960949182510376,-0.16121137142181396,-0.1143069863319397,0.16279257833957672,0.09526914358139038,0.19760078191757202,-0.2664332091808319,0.024403274059295654,-0.49841493368148804,0.7535136342048645,0.34103715419769287,0.37007957696914673,-0.22980326414108276,0.3770205080509186,-0.07153910398483276,0.12229931354522705,0.12156304717063904,-0.0584474541246891,-0.45140957832336426,0.3256394863128662,0.424062043428421,-0.24879580736160278,-0.08084696531295776,0.027272943407297134,0.13685211539268494,0.13315021991729736,-0.4638245105743408,-0.20668315887451172,0.2629769444465637,-0.5247601866722107,-0.052277207374572754,-0.5879587531089783,0.1266462802886963,-0.2641128599643707,-0.6877101063728333,0.48060059547424316,0.16504132747650146,0.34906119108200073,-0.371246874332428,-0.07528474926948547,-0.30205923318862915,0.08363550901412964,0.5230878591537476,0.32571572065353394,0.5999154448509216,-0.2977537214756012,0.18434666097164154,0.22575783729553223,0.07023203372955322,-0.33045852184295654,-0.08460241556167603,-0.1610526591539383,-0.18923333287239075,-0.1057814359664917,-0.034040555357933044,-0.26852715015411377,-0.09465545415878296,-0.02674803137779236,-0.41477203369140625,-0.037225306034088135,-0.1451353132724762,0.1265472173690796,0.658257246017456,0.11266952753067017,-0.10924190282821655,-0.774795651435852,0.17691326141357422
0.241126149892807,-0.3587794303894043,0.03833061456680298,-0.4061300754547119,-0.2926281988620758,-0.07392576336860657,-0.2537250518798828,0.38024836778640747,-0.28308534622192383,-0.09187856316566467,-0.1039692610502243,-0.03401106595993042,-0.0969381332397461,0.004747241735458374,-0.2579296827316284,0.04242202639579773,-0.09094896912574768,0.06304013729095459,-0.05288645625114441,0.1285446286201477,0.23358052968978882,0.21000531315803528,0.25264066457748413,0.5772019028663635,0.4833213686943054,0.011592477560043335,-0.2997347116470337,0.46810853481292725,0.3892028033733368,-0.10195522010326385,0.05271999537944794,0.0667559802532196,-0.008939087390899658,0.06189417839050293,-0.171922504901886,-0.08578965067863464,0.17403192818164825,0.11304862797260284,0.20159423351287842,-0.29237526655197144,0.011969581246376038,-0.48107096552848816,0.7425931692123413,0.3189816474914551,0.3822537660598755,-0.2381930649280548,0.3794199824333191,-0.04215496778488159,0.10170814394950867,0.09292463958263397,-0.030407249927520752,-0.4568786025047302,0.3313080072402954,0.3938411474227905,-0.24626567959785461,-0.09122836589813232,0.03248067572712898,0.1493520438671112,0.12241953611373901,-0.443423867225647,-0.21855664253234863,0.2683679163455963,-0.5189937353134155,-0.03756570816040039,-0.5746396780014038,0.11920565366744995,-0.2674484848976135,-0.6607021689414978,0.4678957164287567,0.16278892755508423,0.33853599429130554,-0.395425945520401,-0.05701359361410141,-0.30082422494888306,0.08911389112472534,0.5347630977630615,0.3509324789047241,0.5825072526931763,-0.2746957540512085,0.1544417440891266,0.21773231029510498,0.06022706627845764,-0.31617605686187744,-0.08067059516906738,-0.15822967886924744,-0.14381688833236694,-0.08418935537338257,-0.040617793798446655,-0.2763402760028839,-0.11524727940559387,-0.03020608425140381,-0.4092620015144348,-0.042517781257629395,-0.14052793383598328,0.10500714182853699,0.624762237071991,0.10027188062667847,-0.09033143520355225,-0.7522854208946228,0.16745638847351074
0.24360796809196472,-0.34756365418434143,0.0036239027976989746,-0.4465755820274353,-0.3260967433452606,-0.08322012424468994,-0.25467821955680847,0.38715860247612,-0.2617419362068176,-0.05640426278114319,-0.12193453311920166,-0.02134460210800171,-0.15414974093437195,0.030475229024887085,-0.2296438217163086,0.03445154428482056,-0.1276903748512268,0.054479122161865234,-0.058466821908950806,0.11289642006158829,0.22084590792655945,0.20850083231925964,0.2812044024467468,0.5545762777328491,0.4885171353816986,0.015628188848495483,-0.24184319376945496,0.4561517834663391,0.40752366185188293,-0.10541518032550812,0.07771019637584686,0.08742430806159973,-0.0007405877113342285,0.042723387479782104,-0.17057949304580688,-0.11601045727729797,0.16481685638427734,0.10950644314289093,0.17431384325027466,-0.2615887224674225,0.016878589987754822,-0.5097792148590088,0.7562730312347412,0.33605924248695374,0.37652164697647095,-0.227778360247612,0.37522903084754944,-0.082253098487854,0.11845424771308899,0.11398470401763916,-0.0432615727186203,-0.46258318424224854,0.3184996247291565,0.4311198890209198,-0.24470484256744385,-0.06920692324638367,0.030930984765291214,0.1290731430053711,0.1147422045469284,-0.486056923866272,-0.1978015899658203,0.2514778971672058,-0.5156158208847046,-0.05710732936859131,-0.5973775386810303,0.12505215406417847,-0.27039533853530884,-0.7061668038368225,0.47758737206459045,0.16665571928024292,0.3516618013381958,-0.3638773560523987,-0.08622089773416519,-0.30496442317962646,0.08212393522262573,0.5265488624572754,0.3228558301925659,0.6025116443634033,-0.3070632815361023,0.1746775060892105,0.25298333168029785,0.06807678937911987,-0.351698637008667,-0.08068865537643433,-0.132963627576828,-0.17357000708580017,-0.10094603896141052,-0.03589877486228943,-0.25745224952697754,-0.08823689818382263,-0.026354998350143433,-0.41002145409584045,-0.020439893007278442,-0.1611124575138092,0.13820025324821472,0.6556850671768188,0.1168254017829895,-0.12367147207260132,-0.7769336104393005,0.18556928634643555
0.22113847732543945,-0.360956609249115,0.0035275816917419434,-0.47418519854545593,-0.3447096049785614,-0.07036000490188599,-0.2736133933067322,0.39567112922668457,-0.25155970454216003,-0.05260321497917175,-0.12076783180236816,-0.009573519229888916,-0.14887043833732605,0.03792116045951843,-0.254036545753479,0.04790365695953369,-0.13631361722946167,0.06186792254447937,-0.06674724817276001,0.10583817213773727,0.22851398587226868,0.2195892035961151,0.28093641996383667,0.5590677261352539,0.5061761140823364,0.015675842761993408,-0.2539517283439636,0.45733582973480225,0.4024202823638916,-0.1342172473669052,0.08933381736278534,0.08915039896965027,0.016756713390350342,0.051237404346466064,-0.15170899033546448,-0.13626530766487122,0.155507892370224,0.08255793154239655,0.19619077444076538,-0.24198710918426514,0.03285270929336548,-0.506092369556427,0.7523866891860962,0.35646381974220276,0.35861849784851074,-0.22052323818206787,0.3718613386154175,-0.0979834794998169,0.1380094736814499,0.14260321855545044,-0.08156442642211914,-0.4449894428253174,0.3222860097885132,0.4433853328227997,-0.2446099817752838,-0.07126003503799438,0.019434992223978043,0.1218993291258812,0.1437983363866806,-0.47553813457489014,-0.19971442222595215,0.2617466449737549,-0.5253432989120483,-0.0642920732498169,-0.5943836569786072,0.12978506088256836,-0.25935879349708557,-0.7009957432746887,0.48625561594963074,0.1671149730682373,0.35494205355644226,-0.349309504032135,-0.09212707728147507,-0.2968010902404785,0.0795820951461792,0.5113429427146912,0.3021059036254883,0.607823371887207,-0.31196311116218567,0.20786890387535095,0.22598934173583984,0.07374218106269836,-0.341965913772583,-0.08560645580291748,-0.1645616888999939,-0.22239378094673157,-0.12585818767547607,-0.026622429490089417,-0.26337188482284546,-0.07309702038764954,-0.026134252548217773,-0.4210597276687622,-0.034443169832229614,-0.14538127183914185,0.1409679651260376,0.6829452514648438,0.12209296226501465,-0.1258554458618164,-0.7924171686172485,0.18369174003601074
0.2175375521183014,-0.36484062671661377,0.01836216449737549,-0.4554898738861084,-0.32850295305252075,-0.062403321266174316,-0.2750069499015808,0.3935953378677368,-0.2570263147354126,-0.06952077150344849,-0.1108034998178482,-0.012590587139129639,-0.11738035082817078,0.033527493476867676,-0.2704964876174927,0.05218774080276489,-0.11804555356502533,0.06594529747962952,-0.06813490390777588,0.11732598394155502,0.23067209124565125,0.21763993799686432,0.2671304941177368,0.5627576112747192,0.504040539264679,0.015664100646972656,-0.2866262197494507,0.45667946338653564,0.3884955048561096,-0.1370048075914383,0.07557038962841034,0.08226439356803894,0.01391148567199707,0.06178683042526245,-0.1485285460948944,-0.12712055444717407,0.16173295676708221,0.08134658634662628,0.21273332834243774,-0.25202593207359314,0.0357288122177124,-0.4888734519481659,0.7363481521606445,0.3477938175201416,0.3552198112010956,-0.22017444670200348,0.37144336104393005,-0.08212786912918091,0.13427519798278809,0.13598981499671936,-0.08407622575759888,-0.4366382360458374,0.32757776975631714,0.4262828528881073,-0.24009400606155396,-0.08165895938873291,0.015849102288484573,0.12638717889785767,0.15022632479667664,-0.44869959354400635,-0.2131195068359375,0.271898478269577,-0.5255049467086792,-0.05614829063415527,-0.578296422958374,0.12722176313400269,-0.2541142702102661,-0.6726832389831543,0.4792432487010956,0.16463851928710938,0.3456515073776245,-0.3598521649837494,-0.07859505712985992,-0.2929314970970154,0.0816577672958374,0.5108369588851929,0.3111546039581299,0.5923463106155396,-0.2928580045700073,0.19906535744667053,0.20395267009735107,0.07115504145622253,-0.3268071413040161,-0.08228552341461182,-0.18029138445854187,-0.2139016091823578,-0.12011662125587463,-0.025914266705513,-0.27171844244003296,-0.07858520746231079,-0.028044283390045166,-0.4208065867424011,-0.049690693616867065,-0.12806099653244019,0.11999094486236572,0.6709825396537781,0.11135309934616089,-0.10995370149612427,-0.7835811376571655,0.17440199851989746
0.22684729099273682,-0.3545325994491577,0.014936864376068115,-0.44706687331199646,-0.3258138597011566,-0.07391756772994995,-0.2628858685493469,0.3876956105232239,-0.2608254849910736,-0.06543859839439392,-0.1151479184627533,-0.020267009735107422,-0.13492590188980103,0.022306621074676514,-0.25003159046173096,0.04350152611732483,-0.12143158912658691,0.05810484290122986,-0.060765981674194336,0.10666363686323166,0.22776854038238525,0.21540823578834534,0.27025991678237915,0.5619109869003296,0.49185729026794434,0.010212749242782593,-0.2571994662284851,0.46206575632095337,0.40000593662261963,-0.11921213567256927,0.08048741519451141,0.07998764514923096,0.008208036422729492,0.0508805513381958,-0.1598356068134308,-0.11887580156326294,0.1571102887392044,0.09274505078792572,0.19021999835968018,-0.2569855749607086,0.023079201579093933,-0.49792709946632385,0.7503150105476379,0.34148165583610535,0.36560750007629395,-0.22605887055397034,0.37281399965286255,-0.07857799530029297,0.12431249022483826,0.12460461258888245,-0.05713171139359474,-0.4486655592918396,0.31898608803749084,0.42572101950645447,-0.24799472093582153,-0.07698073983192444,0.028429720550775528,0.1314275860786438,0.13144919276237488,-0.4675638675689697,-0.1983710527420044,0.25556766986846924,-0.5174279808998108,-0.05598747730255127,-0.5870243906974792,0.12467467784881592,-0.2617398798465729,-0.6907652020454407,0.47867706418037415,0.1644914746284485,0.3477831482887268,-0.360919713973999,-0.07856599986553192,-0.2980554699897766,0.08302563428878784,0.5152287483215332,0.3162626624107361,0.5989989638328552,-0.30299073457717896,0.1873774528503418,0.22856354713439941,0.07059451937675476,-0.3306361436843872,-0.08685183525085449,-0.15383578836917877,-0.1920173168182373,-0.10763448476791382,-0.03407594561576843,-0.26200658082962036,-0.09067672491073608,-0.025614559650421143,-0.4096868336200714,-0.03110790252685547,-0.14938324689865112,0.13299646973609924,0.6561336517333984,0.11673980951309204,-0.1124696135520935,-0.7685515880584717,0.17737889289855957
0.24152514338493347,-0.3588523268699646,0.038811326026916504,-0.40478554368019104,-0.29229971766471863,-0.07440999150276184,-0.2532491385936737,0.38005608320236206,-0.2839753031730652,-0.09247395396232605,-0.10384052991867065,-0.03495281934738159,-0.09798678755760193,0.002238661050796509,-0.2577916383743286,0.04276737570762634,-0.09044747054576874,0.06201577186584473,-0.05208352208137512,0.12674623727798462,0.23494815826416016,0.211078941822052,0.25249165296554565,0.578369677066803,0.48187440633773804,0.009899049997329712,-0.2974421977996826,0.4701976776123047,0.3902488052845001,-0.10093237459659576,0.05311034619808197,0.06620219349861145,-0.008932173252105713,0.060454607009887695,-0.1727130115032196,-0.08411914110183716,0.1729165017604828,0.11364050209522247,0.20057064294815063,-0.2935461699962616,0.010908916592597961,-0.4826599657535553,0.7455968856811523,0.3192840814590454,0.38370251655578613,-0.23986351490020752,0.37975749373435974,-0.04065597057342529,0.10041627287864685,0.09223508834838867,-0.02759028971195221,-0.4589945673942566,0.3313972055912018,0.3933042287826538,-0.24861431121826172,-0.09115225076675415,0.03393055871129036,0.15140753984451294,0.1213148832321167,-0.4438002109527588,-0.2167654037475586,0.26705262064933777,-0.5182609558105469,-0.0364152193069458,-0.5749304890632629,0.11924540996551514,-0.26856523752212524,-0.6620218753814697,0.46697720885276794,0.16232633590698242,0.33894240856170654,-0.3972656726837158,-0.05610828101634979,-0.30088722705841064,0.0891309380531311,0.5350726842880249,0.35235798358917236,0.5834556221961975,-0.27631595730781555,0.15424883365631104,0.21963179111480713,0.06057804822921753,-0.31416594982147217,-0.08199429512023926,-0.15711407363414764,-0.14154532551765442,-0.08309447765350342,-0.04234917461872101,-0.27478769421577454,-0.11723151803016663,-0.029723674058914185,-0.407934308052063,-0.040885359048843384,-0.14327159523963928,0.1063866913318634,0.6231657266616821,0.1001313328742981,-0.09100073575973511,-0.7499189376831055,0.1664257049560547
0.22099244594573975,-0.3512520492076874,0.01620173454284668,-0.4390007257461548,-0.32238221168518066,-0.06563073396682739,-0.264152467250824,0.3879597783088684,-0.2570556700229645,-0.06881114840507507,-0.10878591239452362,-0.01859372854232788,-0.12900319695472717,0.023557037115097046,-0.256122350692749,0.048956871032714844,-0.11227212846279144,0.0532509982585907,-0.06294998526573181,0.10331516712903976,0.22687122225761414,0.2159613072872162,0.26637184619903564,0.5526626110076904,0.48510921001434326,0.003961056470870972,-0.25713059306144714,0.4603312015533447,0.39320826530456543,-0.12350811064243317,0.08035366237163544,0.07916733622550964,0.00930178165435791,0.047280192375183105,-0.15548273921012878,-0.11768859624862671,0.15267236530780792,0.08644872903823853,0.19387519359588623,-0.2540842592716217,0.029239237308502197,-0.49776312708854675,0.7442818880081177,0.3392687737941742,0.35756829380989075,-0.22623537480831146,0.3663463890552521,-0.07778072357177734,0.1232701987028122,0.12584829330444336,-0.06341372430324554,-0.443858802318573,0.3198947310447693,0.42004069685935974,-0.25071465969085693,-0.07304775714874268,0.0301818884909153,0.13384562730789185,0.1326635330915451,-0.4524441957473755,-0.19528424739837646,0.2537097632884979,-0.5112429261207581,-0.04957723617553711,-0.5752122402191162,0.12524324655532837,-0.25974833965301514,-0.6797449588775635,0.46659213304519653,0.16055601835250854,0.3421262800693512,-0.3607763946056366,-0.07319023460149765,-0.29302066564559937,0.07630938291549683,0.5049453973770142,0.3160349130630493,0.5898525714874268,-0.30188167095184326,0.1915196180343628,0.2238914966583252,0.07563140988349915,-0.31779515743255615,-0.08679109811782837,-0.15889251232147217,-0.19648711383342743,-0.10937762260437012,-0.037047117948532104,-0.2556118965148926,-0.08808881044387817,-0.023683875799179077,-0.404509037733078,-0.03397089242935181,-0.14633724093437195,0.13132765889167786,0.6517424583435059,0.10817891359329224,-0.11541175842285156,-0.7576834559440613,0.16938257217407227
0.23146846890449524,-0.3521152138710022,0.008226931095123291,-0.45200595259666443,-0.3334389328956604,-0.07537776231765747,-0.26227647066116333,0.3946518301963806,-0.26262322068214417,-0.0630110502243042,-0.11492614448070526,-0.02137833833694458,-0.15077918767929077,0.023141592741012573,-0.24618816375732422,0.04302439093589783,-0.12235358357429504,0.04945576190948486,-0.061908453702926636,0.0993674024939537,0.22948873043060303,0.21748526394367218,0.27799755334854126,0.5617875456809998,0.4914439916610718,0.0031685829162597656,-0.23935413360595703,0.47060728073120117,0.4114469587802887,-0.1157921701669693,0.08890889585018158,0.08242097496986389,0.008542776107788086,0.03826874494552612,-0.16417816281318665,-0.12085679173469543,0.15309451520442963,0.09289288520812988,0.18162065744400024,-0.2572808861732483,0.02394181489944458,-0.5182511806488037,0.7715272307395935,0.34627875685691833,0.3703404366970062,-0.23080319166183472,0.3769773840904236,-0.08226895332336426,0.12361648678779602,0.1277301013469696,-0.05193905904889107,-0.4605620503425598,0.3202659785747528,0.436483234167099,-0.258810818195343,-0.07070329785346985,0.03596988692879677,0.13678088784217834,0.1219298243522644,-0.48038363456726074,-0.18946921825408936,0.24742066860198975,-0.5191260576248169,-0.05349171161651611,-0.595432698726654,0.12772083282470703,-0.26969045400619507,-0.7116848826408386,0.4811995327472687,0.16633164882659912,0.35366517305374146,-0.36392009258270264,-0.078562431037426,-0.3049588203430176,0.07862275838851929,0.5183204412460327,0.3205183148384094,0.6094012260437012,-0.3182757496833801,0.19151458144187927,0.2493891716003418,0.07839250564575195,-0.3347170352935791,-0.0903504490852356,-0.14368334412574768,-0.19483345746994019,-0.1062920093536377,-0.041547343134880066,-0.25360703468322754,-0.0914868712425232,-0.021544545888900757,-0.4074612259864807,-0.02327638864517212,-0.16389161348342896,0.14499929547309875,0.6639030575752258,0.1164160966873169,-0.12290960550308228,-0.7706414461135864,0.18002533912658691
0.22148236632347107,-0.3595427870750427,0.02007472515106201,-0.45274627208709717,-0.33133888244628906,-0.0740557312965393,-0.2667934000492096,0.38750267028808594,-0.264991819858551,-0.06505852937698364,-0.11576563119888306,-0.022390425205230713,-0.139227956533432,0.011546462774276733,-0.2569758892059326,0.04823467135429382,-0.12206326425075531,0.0587899386882782,-0.057743191719055176,0.0938059464097023,0.23647230863571167,0.2251959890127182,0.26882004737854004,0.574404239654541,0.49397361278533936,0.0035485923290252686,-0.251574844121933,0.4753265976905823,0.4063705503940582,-0.12294308841228485,0.08916907012462616,0.07411256432533264,0.012348532676696777,0.04869237542152405,-0.15931949019432068,-0.11757498979568481,0.14916996657848358,0.08567392826080322,0.19258815050125122,-0.25780755281448364,0.02306707203388214,-0.5038115978240967,0.7644990682601929,0.3491837978363037,0.36698776483535767,-0.23195956647396088,0.373687207698822,-0.07774537801742554,0.1235852837562561,0.12893050909042358,-0.05642535164952278,-0.4519435167312622,0.32022613286972046,0.42623692750930786,-0.26100727915763855,-0.07735690474510193,0.033903200179338455,0.1376798152923584,0.13717436790466309,-0.47258687019348145,-0.1910867691040039,0.25481876730918884,-0.5213384032249451,-0.05521869659423828,-0.5914662480354309,0.12551498413085938,-0.26391488313674927,-0.6980754137039185,0.4838646650314331,0.16559064388275146,0.35193830728530884,-0.3638859987258911,-0.07770536839962006,-0.29716795682907104,0.08232277631759644,0.5146939754486084,0.31659823656082153,0.6095023155212402,-0.3132120966911316,0.19891801476478577,0.22804749011993408,0.07369539141654968,-0.32043886184692383,-0.09655898809432983,-0.15805570781230927,-0.2006436586380005,-0.11070376634597778,-0.03686279058456421,-0.26218366622924805,-0.09744569659233093,-0.025254487991333008,-0.4087388217449188,-0.027521878480911255,-0.15670984983444214,0.14228245615959167,0.6588549613952637,0.12131181359291077,-0.11311334371566772,-0.7639809846878052,0.17475056648254395
0.241126149892807,-0.3587794303894043,0.03833061456680298,-0.4061300754547119,-0.2926281988620758,-0.07392576336860657,-0.2537250518798828,0.38024836778640747,-0.28308534622192383,-0.09187856316566467,-0.1039692610502243,-0.03401106595993042,-0.0969381332397461,0.004747241735458374,-0.2579296827316284,0.04242202639579773,-0.09094896912574768,0.06304013729095459,-0.05288645625114441,0.1285446286201477,0.23358052968978882,0.21000531315803528,0.25264066457748413,0.5772019028663635,0.4833213686943054,0.011592477560043335,-0.2997347116470337,0.46810853481292725,0.3892028033733368,-0.10195522010326385,0.05271999537944794,0.0667559802532196,-0.008939087390899658,0.06189417839050293,-0.171922504901886,-0.08578965067863464,0.17403192818164825,0.11304862797260284,0.20159423351287842,-0.29237526655197144,0.011969581246376038,-0.48107096552848816,0.7425931692123413,0.3189816474914551,0.3822537660598755,-0.2381930649280548,0.3794199824333191,-0.04215496778488159,0.10170814394950867,0.09292463958263397,-0.030407249927520752,-0.4568786025047302,0.3313080072402954,0.3938411474227905,-0.24626567959785461,-0.09122836589813232,0.03248067572712898,0.1493520438671112,0.12241953611373901,-0.443423867225647,-0.21855664253234863,0.2683679163455963,-0.5189937353134155,-0.03756570816040039,-0.5746396780014038,0.11920565366744995,-0.2674484848976135,-0.6607021689414978,0.4678957164287567,0.16278892755508423,0.33853599429130554,-0.395425945520401,-0.05701359361410141,-0.30082422494888306,0.08911389112472534,0.5347630977630615,0.3509324789047241,0.5825072526931763,-0.2746957540512085,0.1544417440891266,0.21773231029510498,0.06022706627845764,-0.31617605686187744,-0.08067059516906738,-0.15822967886924744,-0.14381688833236694,-0.08418935537338257,-0.040617793798446655,-0.2763402760028839,-0.11524727940559387,-0.03020608425140381,-0.4092620015144348,-0.042517781257629395,-0.14052793383598328,0.10500714182853699,0.624762237071991,0.10027188062667847,-0.09033143520355225,-0.7522854208946228,0.16745638847351074
0.241126149892807,-0.3587794303894043,0.03833061456680298,-0.4061300754547119,-0.2926281988620758,-0.07392576336860657,-0.2537250518798828,0.38024836778640747,-0.28308534622192383,-0.09187856316566467,-0.1039692610502243,-0.03401106595993042,-0.0969381332397461,0.004747241735458374,-0.2579296827316284,0.04242202639579773,-0.09094896912574768,0.06304013729095459,-0.05288645625114441,0.1285446286201477,0.23358052968978882,0.21000531315803528,0.25264066457748413,0.5772019028663635,0.4833213686943054,0.011592477560043335,-0.2997347116470337,0.46810853481292725,0.3892028033733368,-0.10195522010326385,0.05271999537944794,0.0667559802532196,-0.008939087390899658,0.06189417839050293,-0.171922504901886,-0.08578965067863464,0.17403192818164825,0.11304862797260284,0.20159423351287842,-0.29237526655197144,0.011969581246376038,-0.48107096552848816,0.7425931692123413,0.3189816474914551,0.3822537660598755,-0.2381930649280548,0.3794199824333191,-0.04215496778488159,0.10170814394950867,0.09292463958263397,-0.030407249927520752,-0.4568786025047302,0.3313080072402954,0.3938411474227905,-0.24626567959785461,-0.09122836589813232,0.03248067572712898,0.1493520438671112,0.12241953611373901,-0.443423867225647,-0.21855664253234863,0.2683679163455963,-0.5189937353134155,-0.03756570816040039,-0.5746396780014038,0.11920565366744995,-0.2674484848976135,-0.6607021689414978,0.4678957164287567,0.16278892755508423,0.33853599429130554,-0.395425945520401,-0.05701359361410141,-0.30082422494888306,0.08911389112472534,0.5347630977630615,0.3509324789047241,0.5825072526931763,-0.2746957540512085,0.1544417440891266,0.21773231029510498,0.06022706627845764,-0.31617605686187744,-0.08067059516906738,-0.15822967886924744,-0.14381688833236694,-0.08418935537338257,-0.040617793798446655,-0.2763402760028839,-0.11524727940559387,-0.03020608425140381,-0.4092620015144348,-0.042517781257629395,-0.14052793383598328,0.10500714182853699,0.624762237071991,0.10027188062667847,-0.09033143520355225,-0.7522854208946228,0.16745638847351074
0.2233509123325348,-0.3531799912452698,0.0007554888725280762,-0.4642788767814636,-0.33655866980552673,-0.07706695795059204,-0.26533377170562744,0.387869656085968,-0.248372420668602,-0.05241727828979492,-0.12485475838184357,-0.009844601154327393,-0.14806297421455383,0.03695341944694519,-0.24585938453674316,0.0411992073059082,-0.14189013838768005,0.06190505623817444,-0.06483504176139832,0.11018344014883041,0.22167891263961792,0.21269145607948303,0.2773239016532898,0.5515370965003967,0.49927809834480286,0.021605342626571655,-0.25146663188934326,0.4472751021385193,0.39959535002708435,-0.12770070135593414,0.08214174211025238,0.09205695986747742,0.013497531414031982,0.054986923933029175,-0.15524286031723022,-0.1347833275794983,0.15896092355251312,0.08953344821929932,0.1879451870918274,-0.23903314769268036,0.024350613355636597,-0.4935009181499481,0.7391383647918701,0.3483257293701172,0.35965558886528015,-0.21480321884155273,0.37175872921943665,-0.09513336420059204,0.13605733215808868,0.13663333654403687,-0.06947576999664307,-0.44249749183654785,0.31340542435646057,0.43747055530548096,-0.23414546251296997,-0.07540607452392578,0.016994241625070572,0.11439111083745956,0.13553810119628906,-0.47645413875579834,-0.2015247344970703,0.25734943151474,-0.5173003673553467,-0.06771707534790039,-0.5902681350708008,0.12409049272537231,-0.2558669447898865,-0.6942186951637268,0.4859958589076996,0.16763067245483398,0.34975290298461914,-0.3439662754535675,-0.09184568375349045,-0.2935987114906311,0.08769261837005615,0.5109517574310303,0.29789823293685913,0.5987135767936707,-0.30398786067962646,0.19258475303649902,0.2259596586227417,0.06536942720413208,-0.34838247299194336,-0.0827760100364685,-0.1537325233221054,-0.20467504858970642,-0.11719542741775513,-0.025478318333625793,-0.2621154189109802,-0.07310619950294495,-0.02650168538093567,-0.4165453016757965,-0.0317472368478775,-0.14457866549491882,0.13338926434516907,0.6709680557250977,0.12456542253494263,-0.11873286962509155,-0.7850319147109985,0.1869516372680664
0.23414084315299988,-0.3385140001773834,0.0025626420974731445,-0.4437868893146515,-0.3288317620754242,-0.0808674693107605,-0.2519817352294922,0.38866716623306274,-0.2582946717739105,-0.05895009636878967,-0.1181202083826065,-0.022180140018463135,-0.15772122144699097,0.02494022250175476,-0.22997605800628662,0.03448343276977539,-0.12451018393039703,0.04427608847618103,-0.05887165665626526,0.09777157753705978,0.21940773725509644,0.20976346731185913,0.277080774307251,0.5462417602539062,0.4824587404727936,0.005240648984909058,-0.22366216778755188,0.46105241775512695,0.4086722731590271,-0.10582990944385529,0.08837704360485077,0.08347055315971375,0.004476308822631836,0.03315514326095581,-0.16725057363510132,-0.11916503310203552,0.15247787535190582,0.09798148274421692,0.165601909160614,-0.25301629304885864,0.021472856402397156,-0.5148651599884033,0.7619234323501587,0.3375052213668823,0.3689325451850891,-0.22762656211853027,0.37281328439712524,-0.0818433165550232,0.11977595090866089,0.12049078941345215,-0.04337145760655403,-0.45847779512405396,0.3091890811920166,0.4331423044204712,-0.25478315353393555,-0.06672155857086182,0.03914833441376686,0.1322779357433319,0.10936276614665985,-0.4864633083343506,-0.18374526500701904,0.2375527024269104,-0.5097303986549377,-0.054850220680236816,-0.5914394855499268,0.12478142976760864,-0.26880335807800293,-0.7112869620323181,0.4760328531265259,0.1644902229309082,0.34813421964645386,-0.3569965958595276,-0.08047285676002502,-0.3052672743797302,0.07855159044265747,0.5150243043899536,0.31714755296707153,0.6017822027206421,-0.3165372610092163,0.17972680926322937,0.26025593280792236,0.07630914449691772,-0.3420032262802124,-0.0861329436302185,-0.1267417073249817,-0.18370477855205536,-0.09793901443481445,-0.04234212636947632,-0.24562926590442657,-0.0916973352432251,-0.02072542905807495,-0.39728400111198425,-0.015544623136520386,-0.16667604446411133,0.14663615822792053,0.652398943901062,0.11553800106048584,-0.12412267923355103,-0.7579998970031738,0.18265151977539062
0.24152514338493347,-0.3588523268699646,0.038811326026916504,-0.40478554368019104,-0.29229971766471863,-0.07440999150276184,-0.2532491385936737,0.38005608320236206,-0.2839753031730652,-0.09247395396232605,-0.10384052991867065,-0.03495281934738159,-0.09798678755760193,0.002238661050796509,-0.2577916383743286,0.04276737570762634,-0.09044747054576874,0.06201577186584473,-0.05208352208137512,0.12674623727798462,0.23494815826416016,0.211078941822052,0.25249165296554565,0.578369677066803,0.48187440633773804,0.009899049997329712,-0.2974421977996826,0.4701976776123047,0.3902488052845001,-0.10093237459659576,0.05311034619808197,0.06620219349861145,-0.008932173252105713,0.060454607009887695,-0.1727130115032196,-0.08411914110183716,0.1729165017604828,0.11364050209522247,0.20057064294815063,-0.2935461699962616,0.010908916592597961,-0.4826599657535553,0.7455968856811523,0.3192840814590454,0.38370251655578613,-0.23986351490020752,0.37975749373435974,-0.04065597057342529,0.10041627287864685,0.09223508834838867,-0.02759028971195221,-0.4589945673942566,0.3313972055912018,0.3933042287826538,-0.24861431121826172,-0.09115225076675415,0.03393055871129036,0.15140753984451294,0.1213148832321167,-0.4438002109527588,-0.2167654037475586,0.26705262064933777,-0.5182609558105469,-0.0364152193069458,-0.5749304890632629,0.11924540996551514,-0.26856523752212524,-0.6620218753814697,0.46697720885276794,0.16232633590698242,0.33894240856170654,-0.3972656726837158,-0.05610828101634979,-0.30088722705841064,0.0891309380531311,0.5350726842880249,0.35235798358917236,0.5834556221961975,-0.27631595730781555,0.15424883365631104,0.21963179111480713,0.06057804822921753,-0.31416594982147217,-0.08199429512023926,-0.15711407363414764,-0.14154532551765442,-0.08309447765350342,-0.04234917461872101,-0.27478769421577454,-0.11723151803016663,-0.029723674058914185,-0.407934308052063,-0.040885359048843384,-0.14327159523963928,0.1063866913318634,0.6231657266616821,0.1001313328742981,-0.09100073575973511,-0.7499189376831055,0.1664257049560547
0.22231721878051758,-0.34927576780319214,0.004272758960723877,-0.4557567834854126,-0.3348078429698944,-0.06430196762084961,-0.2668905258178711,0.3962867856025696,-0.25172698497772217,-0.06057217717170715,-0.11042171716690063,-0.014459013938903809,-0.14481696486473083,0.03750231862068176,-0.25085484981536865,0.04811260104179382,-0.11943595111370087,0.04899057745933533,-0.06750607490539551,0.10271576792001724,0.2228662371635437,0.21411849558353424,0.276228666305542,0.546607255935669,0.49164849519729614,0.005048036575317383,-0.2441941499710083,0.45974332094192505,0.39799603819847107,-0.12802647054195404,0.08945600688457489,0.08488824963569641,0.011437058448791504,0.03952553868293762,-0.15451884269714355,-0.1303303837776184,0.15357299149036407,0.08277775347232819,0.18915319442749023,-0.24468088150024414,0.035790085792541504,-0.5118765830993652,0.7521520853042603,0.34714576601982117,0.3563646078109741,-0.2234003096818924,0.3682520091533661,-0.09038954973220825,0.1326211541891098,0.13516801595687866,-0.07528509199619293,-0.44752037525177,0.31983405351638794,0.4376547038555145,-0.2504561245441437,-0.06710031628608704,0.03094390407204628,0.12828540802001953,0.12988881766796112,-0.46588993072509766,-0.19240105152130127,0.2509007453918457,-0.515509843826294,-0.053881049156188965,-0.5829479694366455,0.12923771142959595,-0.26146164536476135,-0.6977124810218811,0.47416192293167114,0.16321110725402832,0.34877803921699524,-0.3533584773540497,-0.08011549711227417,-0.3002200722694397,0.07318544387817383,0.5055938363075256,0.3103387951850891,0.5967122912406921,-0.3124859035015106,0.19977694749832153,0.23695945739746094,0.08167225122451782,-0.3333146572113037,-0.08322566747665405,-0.15512816607952118,-0.21351756155490875,-0.11392295360565186,-0.03597061336040497,-0.2500273585319519,-0.07775604724884033,-0.02168092131614685,-0.409623384475708,-0.03289806842803955,-0.14840105175971985,0.14086174964904785,0.6704514026641846,0.10927236080169678,-0.12748956680297852,-0.7737016677856445,0.17921042442321777
0.22122162580490112,-0.35734444856643677,0.008482396602630615,-0.46413958072662354,-0.3411618769168854,-0.068778395652771,-0.2708577513694763,0.39471158385276794,-0.25592848658561707,-0.05633491277694702,-0.11577971279621124,-0.015618443489074707,-0.15123677253723145,0.027654916048049927,-0.25417089462280273,0.050279855728149414,-0.12624181807041168,0.05452108383178711,-0.06383475661277771,0.09420669823884964,0.2317085862159729,0.22343458235263824,0.2778552770614624,0.561360776424408,0.4960789382457733,0.003550320863723755,-0.24154990911483765,0.4687749147415161,0.406438946723938,-0.1293194741010666,0.09442155063152313,0.08246120810508728,0.014734387397766113,0.04172217845916748,-0.15524089336395264,-0.1283157467842102,0.1480906754732132,0.0814923495054245,0.19129067659378052,-0.2478925883769989,0.03190937638282776,-0.5152256488800049,0.7643991708755493,0.3543127775192261,0.36056432127952576,-0.22826191782951355,0.3697649836540222,-0.09184885025024414,0.1308649629354477,0.13763925433158875,-0.07128238677978516,-0.4516417980194092,0.3219831585884094,0.43815499544143677,-0.2591351270675659,-0.06769591569900513,0.031434450298547745,0.13203370571136475,0.1378389447927475,-0.47418808937072754,-0.18830275535583496,0.25363999605178833,-0.5207927823066711,-0.05701100826263428,-0.5925101637840271,0.12980252504348755,-0.26372233033180237,-0.705631673336029,0.47974589467048645,0.1647537350654602,0.354078471660614,-0.35584890842437744,-0.08447591960430145,-0.2976333498954773,0.07450217008590698,0.5088539719581604,0.30933594703674316,0.6100916862487793,-0.32051149010658264,0.20928683876991272,0.23529767990112305,0.0803985595703125,-0.3281242847442627,-0.09246671199798584,-0.15855740010738373,-0.21665990352630615,-0.11961370706558228,-0.035450711846351624,-0.25512373447418213,-0.08278518915176392,-0.023337334394454956,-0.41154128313064575,-0.027340590953826904,-0.15658918023109436,0.14848586916923523,0.6729376316070557,0.11814582347869873,-0.1275385022163391,-0.7754504680633545,0.17704033851623535
0.2290947437286377,-0.35131096839904785,0.012401700019836426,-0.4451526701450348,-0.325205534696579,-0.0714614987373352,-0.26189038157463074,0.38993144035339355,-0.2599506378173828,-0.06494015455245972,-0.11234155297279358,-0.01972508430480957,-0.13659319281578064,0.028097033500671387,-0.24778640270233154,0.04300287365913391,-0.11743390560150146,0.05449467897415161,-0.06213021278381348,0.10933757573366165,0.22519686818122864,0.21264486014842987,0.27203625440597534,0.5552164316177368,0.48984822630882263,0.009617269039154053,-0.25610247254371643,0.4597793221473694,0.3981400430202484,-0.11811845004558563,0.07948879897594452,0.08144262433052063,0.005868196487426758,0.04639405012130737,-0.16024664044380188,-0.11846143007278442,0.15875081717967987,0.0939738005399704,0.18868428468704224,-0.25771015882492065,0.02702893316745758,-0.5031290054321289,0.7499933838844299,0.33921611309051514,0.3646911084651947,-0.22649279236793518,0.37139996886253357,-0.07904607057571411,0.12289687991142273,0.12284192442893982,-0.05976942554116249,-0.4505338668823242,0.3209283947944641,0.42641231417655945,-0.2484792172908783,-0.07311573624610901,0.02953389659523964,0.13245561718940735,0.12724046409130096,-0.4658421277999878,-0.19877898693084717,0.2547668516635895,-0.5165613293647766,-0.05239439010620117,-0.5847395658493042,0.1256420612335205,-0.2639240026473999,-0.6908668875694275,0.4738220274448395,0.16409575939178467,0.3468812108039856,-0.36260172724723816,-0.07788290828466415,-0.29962390661239624,0.07831275463104248,0.515022337436676,0.31903326511383057,0.5959843993186951,-0.30294668674468994,0.18627473711967468,0.23398923873901367,0.07374319434165955,-0.33287620544433594,-0.0833999514579773,-0.15179534256458282,-0.19211137294769287,-0.10676789283752441,-0.03562355041503906,-0.25876426696777344,-0.08754485845565796,-0.024871736764907837,-0.4087955057621002,-0.03180450201034546,-0.14888843894004822,0.13315510749816895,0.656732439994812,0.11125972867012024,-0.11735355854034424,-0.7686650156974792,0.17652320861816406
0.22467374801635742,-0.34121784567832947,-0.001110374927520752,-0.4573308229446411,-0.3373338282108307,-0.08104687929153442,-0.2579383850097656,0.38631027936935425,-0.24888065457344055,-0.05061882734298706,-0.12438786029815674,-0.01603323221206665,-0.16239988803863525,0.02859640121459961,-0.23492515087127686,0.03706881403923035,-0.13730156421661377,0.04879951477050781,-0.061610668897628784,0.09098850935697556,0.22019580006599426,0.21388722956180573,0.2783815264701843,0.5450644493103027,0.48689427971839905,0.009021341800689697,-0.22108310461044312,0.4562532901763916,0.4079807996749878,-0.11653323471546173,0.09375964105129242,0.08723834156990051,0.012251794338226318,0.03664630651473999,-0.15929579734802246,-0.13002124428749084,0.14820313453674316,0.08860518038272858,0.17032790184020996,-0.24009834229946136,0.024865925312042236,-0.5091711282730103,0.7545450925827026,0.3465327024459839,0.3603774607181549,-0.22127249836921692,0.36739522218704224,-0.09300744533538818,0.12834440171718597,0.13251268863677979,-0.055531371384859085,-0.4495146870613098,0.3044993281364441,0.4364127218723297,-0.25199365615844727,-0.06690293550491333,0.03158668056130409,0.1229124590754509,0.12172068655490875,-0.4876387119293213,-0.18195796012878418,0.2403293251991272,-0.5096476078033447,-0.06308341026306152,-0.5915795564651489,0.12468045949935913,-0.2617296874523163,-0.7079413533210754,0.4792657494544983,0.1648525595664978,0.3482320010662079,-0.3452751636505127,-0.08922895789146423,-0.29633671045303345,0.0799441933631897,0.5071060061454773,0.30119240283966064,0.6038004159927368,-0.32002103328704834,0.19171136617660522,0.24913227558135986,0.07493120431900024,-0.3410104513168335,-0.08966577053070068,-0.1349342316389084,-0.2001066356897354,-0.10846596956253052,-0.03586530685424805,-0.24557210505008698,-0.08154484629631042,-0.02253943681716919,-0.3992317318916321,-0.01609387993812561,-0.16279742121696472,0.14876008033752441,0.6606047749519348,0.1224014163017273,-0.12694299221038818,-0.7631204724311829,0.18266034126281738
0.22694826126098633,-0.34457269310951233,0.011821091175079346,-0.4401928782463074,-0.3211840093135834,-0.07648491859436035,-0.2540701627731323,0.38530439138412476,-0.2580077648162842,-0.06739115715026855,-0.1141224354505539,-0.021524906158447266,-0.13338151574134827,0.02368450164794922,-0.23974251747131348,0.0354388952255249,-0.1208164393901825,0.05307188630104065,-0.061155617237091064,0.1073022112250328,0.2196117341518402,0.20677593350410461,0.2683694362640381,0.5480139851570129,0.4856075346469879,0.010598421096801758,-0.2489272654056549,0.4539523124694824,0.39687681198120117,-0.1106497198343277,0.07889460027217865,0.08043369650840759,0.00658494234085083,0.047149211168289185,-0.15876731276512146,-0.11935803294181824,0.15590249001979828,0.09534749388694763,0.1790218949317932,-0.25401219725608826,0.02287939190864563,-0.4932189881801605,0.7427499294281006,0.33323365449905396,0.3613411784172058,-0.22144734859466553,0.370303213596344,-0.07600080966949463,0.12282367050647736,0.12168711423873901,-0.05231155827641487,-0.4424961805343628,0.309655100107193,0.4238801598548889,-0.24371063709259033,-0.07645177841186523,0.02926691249012947,0.12900003790855408,0.1207038015127182,-0.46734941005706787,-0.1955326795578003,0.24564722180366516,-0.5096997618675232,-0.05563974380493164,-0.5812703371047974,0.12270134687423706,-0.25907862186431885,-0.6874549984931946,0.47466573119163513,0.16294556856155396,0.34222665429115295,-0.3542208969593048,-0.07684653997421265,-0.2996082901954651,0.08325856924057007,0.5106908082962036,0.3128802180290222,0.5908412337303162,-0.29863423109054565,0.17714788019657135,0.2342618703842163,0.0715840756893158,-0.3345698118209839,-0.0832972526550293,-0.14240778982639313,-0.18528658151626587,-0.10201007127761841,-0.034688979387283325,-0.2558839023113251,-0.09074008464813232,-0.023597151041030884,-0.40058961510658264,-0.028921276330947876,-0.14881691336631775,0.13049554824829102,0.6461383104324341,0.11406460404396057,-0.10933732986450195,-0.7580158114433289,0.17778587341308594
0.241126149892807,-0.3587794303894043,0.03833061456680298,-0.4061300754547119,-0.2926281988620758,-0.07392576336860657,-0.2537250518798828,0.38024836778640747,-0.28308534622192383,-0.09187856316566467,-0.1039692610502243,-0.03401106595993042,-0.0969381332397461,0.004747241735458374,-0.2579296827316284,0.04242202639579773,-0.09094896912574768,0.06304013729095459,-0.05288645625114441,0.1285446286201477,0.23358052968978882,0.21000531315803528,0.25264066457748413,0.5772019028663635,0.4833213686943054,0.011592477560043335,-0.2997347116470337,0.46810853481292725,0.3892028033733368,-0.10195522010326385,0.05271999537944794,0.0667559802532196,-0.008939087390899658,0.06189417839050293,-0.171922504901886,-0.08578965067863464,0.17403192818164825,0.11304862797260284,0.20159423351287842,-0.29237526655197144,0.011969581246376038,-0.48107096552848816,0.7425931692123413,0.3189816474914551,0.3822537660598755,-0.2381930649280548,0.3794199824333191,-0.04215496778488159,0.10170814394950867,0.09292463958263397,-0.030407249927520752,-0.4568786025047302,0.3313080072402954,0.3938411474227905,-0.24626567959785461,-0.09122836589813232,0.03248067572712898,0.1493520438671112,0.12241953611373901,-0.443423867225647,-0.21855664253234863,0.2683679163455963,-0.5189937353134155,-0.03756570816040039,-0.5746396780014038,0.11920565366744995,-0.2674484848976135,-0.6607021689414978,0.4678957164287567,0.16278892755508423,0.33853599429130554,-0.395425945520401,-0.05701359361410141,-0.30082422494888306,0.08911389112472534,0.5347630977630615,0.3509324789047241,0.5825072526931763,-0.2746957540512085,0.1544417440891266,0.21773231029510498,0.06022706627845764,-0.31617605686187744,-0.08067059516906738,-0.15822967886924744,-0.14381688833236694,-0.08418935537338257,-0.040617793798446655,-0.2763402760028839,-0.11524727940559387,-0.03020608425140381,-0.4092620015144348,-0.042517781257629395,-0.14052793383598328,0.10500714182853699,0.624762237071991,0.10027188062667847,-0.09033143520355225,-0.7522854208946228,0.16745638847351074
0.24140211939811707,-0.3459022641181946,0.005448102951049805,-0.43912142515182495,-0.32217392325401306,-0.07663798332214355,-0.2528647780418396,0.391717791557312,-0.26458612084388733,-0.06503048539161682,-0.11501985788345337,-0.02223271131515503,-0.14623510837554932,0.028578460216522217,-0.23576819896697998,0.0378727912902832,-0.11593306064605713,0.048501819372177124,-0.059573471546173096,0.11361808329820633,0.22203943133354187,0.2082642763853073,0.2763069272041321,0.5515370965003967,0.4874289631843567,0.009364992380142212,-0.24482771754264832,0.4608953595161438,0.4038173258304596,-0.10573108494281769,0.07730256021022797,0.08412924408912659,-0.001436471939086914,0.03867495059967041,-0.16925328969955444,-0.1125451922416687,0.16338779032230377,0.10500232875347137,0.17555326223373413,-0.2632303833961487,0.02139568328857422,-0.5128929018974304,0.7594342827796936,0.33417487144470215,0.37497371435165405,-0.23113131523132324,0.376663476228714,-0.07581275701522827,0.11674831807613373,0.1139858067035675,-0.04544377326965332,-0.4625122547149658,0.32024019956588745,0.4295925796031952,-0.249638170003891,-0.06922176480293274,0.03586098924279213,0.1357649862766266,0.11032505333423615,-0.4775303602218628,-0.19723093509674072,0.24903607368469238,-0.5155290961265564,-0.04861044883728027,-0.5899509191513062,0.12659233808517456,-0.2710492014884949,-0.7029598355293274,0.4742961525917053,0.16505396366119385,0.34909653663635254,-0.36952582001686096,-0.07744941115379333,-0.3083295226097107,0.07940703630447388,0.5248011350631714,0.3288670778274536,0.5972926020622253,-0.30639559030532837,0.17398017644882202,0.254940390586853,0.07306799292564392,-0.34462499618530273,-0.07918065786361694,-0.13633018732070923,-0.1752983033657074,-0.0970005989074707,-0.041254475712776184,-0.2534983158111572,-0.09227055311203003,-0.02343285083770752,-0.4075300097465515,-0.02567237615585327,-0.15906557440757751,0.13566726446151733,0.6550168395042419,0.10732391476631165,-0.1236000657081604,-0.7698341608047485,0.1836538314819336
